[Server] 使用配置文件: /home/sjx/project/SignalVision-github/dashboard/config.json
[Server] 配置信息:
  - 地图目录: /home/sjx/project/SignalVision-github/cache
  - 默认地图: ezhou
  - 数据文件: netdata.pkl
[Server] 已将运行时默认地图覆盖为: ezhou
[Server] 从缓存加载指定地图: /home/sjx/project/SignalVision-github/cache/ezhou/netdata.pkl
[JunctionManager] 初始化完成，共创建 71 个路口智能体

[Server] ====================================
[Server] Dashboard服务器启动
[Server] 访问地址: http://0.0.0.0:8080
[Server] 路口数量: 71
[Server] ====================================
[Server] 按 Ctrl+C 停止服务器

 * Serving Flask app 'server'
 * Debug mode: off
[Server] 收到获取预设请求
[Server] 预设列表: 9 个
  - colight: CoLight算法推理 (无GUI)
  - colight_gui: CoLight算法推理 (带可视化)
  - colight_db: CoLight算法推理 (数据库模式)
  - maxpressure: MaxPressure算法推理 (无GUI)
  - maxpressure_gui: MaxPressure算法推理 (带可视化)
  - fixedtime: FixedTime算法推理 (无GUI)
  - fixedtime_gui: FixedTime算法推理 (带可视化)
  - ppo: PPO-PFRL算法推理 (无GUI)
  - ppo_gui: PPO-PFRL算法推理 (带可视化)
[Server] 当前地图: ezhou
[Server] 收到获取预设请求
[Server] 预设列表: 9 个
  - colight: CoLight算法推理 (无GUI)
  - colight_gui: CoLight算法推理 (带可视化)
  - colight_db: CoLight算法推理 (数据库模式)
  - maxpressure: MaxPressure算法推理 (无GUI)
  - maxpressure_gui: MaxPressure算法推理 (带可视化)
  - fixedtime: FixedTime算法推理 (无GUI)
  - fixedtime_gui: FixedTime算法推理 (带可视化)
  - ppo: PPO-PFRL算法推理 (无GUI)
  - ppo_gui: PPO-PFRL算法推理 (带可视化)
[Server] 当前地图: ezhou
[Server] 收到启动仿真请求:
  配置: maxpressure_gui
  场景: ezhou
[SimulationManager] 准备启动仿真...
[SimulationManager] 配置预设: maxpressure_gui
[SimulationManager] 场景名称: ezhou
[SimulationManager] 推理模式: inference_with_visualization
[SimulationManager] 工作目录: /home/sjx/project/SignalVision-github
[SimulationManager] 使用集成模式: True
[SimulationManager] 使用集成模式启动...
[SimulationManager] 参数: -normalized_k 0.5 -sim ezhou -demand fixed -gmin 1 -r 3 -y 2 -simlen 3600 -scale 2 -render_interval 400 -offset 0.05 -port 8020 -enable_db -step_delay 0.0 -mode test -tsc maxpressure -pi_lr 0.0002 -vf_lr 0.0002 -encoder_lr 0.005 -clip_ratio 0.4 -target_freq 128 -n_iters 30 -n_epochs 100 -test_epoch 1000 -gamma 0.95 -gae_lambda 0.9 -kl_coef 0.5 -metrics_args pressure -batch 64 -buffer_size 200 -slice_length 150 -num_cpu 1 -mlp_size 128 -n_layers 2 -gnn_size 32 -hidden_act relu -save -save_epochs 5
[SimulationManager] 命令行中 step_delay = 0.0
[_parse_args_list] step_delay 从命令行解析: 0.0 (类型: <class 'float'>)
[_parse_args_list] 最终 std_args.step_delay = 0.0 (类型: <class 'float'>)
[DashboardController] 初始化完成: 场景=ezhou, 算法=maxpressure, GUI=否, 数据库=是
[DashboardController] *** 延迟配置: step_delay=0.0s (类型: <class 'float'>) ***
[DashboardController] 开始初始化系统...
[DashboardController] 创建仿真系统: ezhou
[LibSignalSimulation] 初始化完成: world=sumo, network=ezhou, agent=maxpressure
[DashboardController] 创建智能体系统: maxpressure
[DashboardController] 生成仿真环境...
building world...
[World_sumo] network=ezhou combined=/home/sjx/project/SignalVision-github/runtime/data/raw_data/ezhou/ezhou.sumocfg
[World_sumo] net=/home/sjx/project/SignalVision-github/runtime/data/raw_data/ezhou/ezhou.net.xml
[World_sumo] route=/home/sjx/project/SignalVision-github/runtime/data/raw_data/ezhou/ezhou.rou.xml exists=True size=101193188 first_depart=0.20 sample_entries=5
[World_sumo] sumo_cmd=/home/sjx/miniconda3/envs/traffic/lib/python3.8/site-packages/sumo/bin/sumo -c /home/sjx/project/SignalVision-github/runtime/data/raw_data/ezhou/ezhou.sumocfg --no-warnings True
[World_sumo] 正在启动 libsumo ...
[World_sumo] libsumo 启动完成，用时 0.23s
[World_sumo] trafficlight.getIDList 完成: 90 个路口, 用时 0.00s
[World_sumo] generate_valid_phase 完成，用时 0.00s
[World_sumo] 已构建 50 个 Intersection ...
[World_sumo] Intersection 构建完成: 90 个, 用时 0.01s
[World_sumo] edges=7057 lanes=8616
Connection ID debug
Maxpressure Agent has no Network model
[LibSignalSimulation] maxpressure 不支持模型加载
[LibSignalSimulation] 仿真环境生成完成: 90 个路口
[DashboardController] 创建接口...
[LibSignalInterface] 初始化完成: action_interval=10
[DashboardController] 初始化JunctionAgent...
[load_network_from_runtime] world=sumo, network=ezhou, 路口=71, 车道=2973, 道路=2200
[JunctionManager] 初始化完成，共创建 71 个路口智能体
[DashboardController] 系统初始化完成 (共 71 个路口)
[SimulationManager] 开始运行集成仿真...
[SimulationManager] 仿真状态: running=True
[SimulationManager] 集成模式已启动
[Server] 仿真启动结果: {'success': True, 'message': '仿真启动成功（集成模式）: maxpressure_gui', 'pid': 116670}
[LibSignalSimulation] 仿真已启动
[DashboardController] 开始运行仿真，总步数: 3600，延迟: 0.0s
[LibSignalSimulation] SUMO step=1 time=1.0 departed=0 arrived=0 active=0 min_expected=1
[DashboardController.step] 准备更新JunctionAgent数据...
[_find_junction_for_lane] netdata keys: dict_keys(['lane', 'edge', 'origin', 'destination', 'node', 'inter'])
[_find_junction_for_lane] inter中有 71 个路口
[_find_junction_for_lane] 示例路口 J082:
  - incoming_lanes: ['-E33_0', '1080758724#0_0', '369138936#17_0']...
  - outgoing_lanes: ['-1080758724#0_0', '369138936#18_0', '369138936#18_1']...
[_find_junction_for_lane] 建立车道映射缓存: 871 条映射
  - -E33_0 -> J082
  - 1080758724#0_0 -> J014
  - 369138936#17_0 -> J047
  - 369138936#17_1 -> J047
  - 369138936#21_0 -> J082
[DashboardController.step] JunctionAgent数据更新完成

[DashboardController] ========== 延迟配置 ==========
step_delay = 0.0 (类型: <class 'float'>)
args.step_delay = 0.0
args.nogui = True
判断 step_delay > 0: False
==========================================

[DashboardController] 警告: step_delay=0.0，未启用延迟
[Dashboard] Step 1/3600: 总车辆=0, 平均停车数=0.00, 平均车辆数=0.00
[LibSignalSimulation] SUMO step=2 time=2.0 departed=2 arrived=0 active=2 min_expected=196
[_update_junction_agents] 订阅缓存: 919 条车道数据, 90 条信号灯数据
[_update_junction_agents] 无车车道示例 -1092479955#2_0: {'vehicle_number': 0, 'mean_speed': 0.0, 'occupancy': 0.0, 'halting_number': 0}
[_find_junction_for_lane] 警告: 找不到车道 -1092479955#2_0 对应的路口
[_find_junction_for_lane] 警告: 找不到车道 -1092479955#1_0 对应的路口
[_find_junction_for_lane] 警告: 找不到车道 1092479955#1_0 对应的路口
[_find_junction_for_lane] 警告: 找不到车道 1092479955#2_0 对应的路口
[_find_junction_for_lane] 警告: 找不到车道 -1092479987#2_0 对应的路口
[_update_junction_agents] 更新了 71 个路口的车道数据
[_update_junction_agents] 开始计算 71 个路口的指标
[Dashboard] Step 2/3600: 总车辆=0, 平均停车数=0.00, 平均车辆数=0.00
[LibSignalSimulation] SUMO step=3 time=3.0 departed=3 arrived=0 active=5 min_expected=196
[Dashboard] Step 3/3600: 总车辆=0, 平均停车数=0.00, 平均车辆数=0.00
[LibSignalSimulation] SUMO step=4 time=4.0 departed=0 arrived=0 active=5 min_expected=196
[Dashboard] Step 4/3600: 总车辆=0, 平均停车数=0.00, 平均车辆数=0.00
[LibSignalSimulation] SUMO step=5 time=5.0 departed=2 arrived=0 active=7 min_expected=196
[Dashboard] Step 5/3600: 总车辆=0, 平均停车数=0.00, 平均车辆数=0.00
[Dashboard] Step 6/3600: 总车辆=0, 平均停车数=0.00, 平均车辆数=0.00
[Dashboard] Step 7/3600: 总车辆=1, 平均停车数=0.00, 平均车辆数=0.01
[Dashboard] Step 8/3600: 总车辆=1, 平均停车数=0.00, 平均车辆数=0.01
[Dashboard] Step 9/3600: 总车辆=1, 平均停车数=0.00, 平均车辆数=0.01
[Dashboard] Step 10/3600: 总车辆=1, 平均停车数=0.00, 平均车辆数=0.01
[Dashboard] Step 11/3600: 总车辆=1, 平均停车数=0.00, 平均车辆数=0.01
[Dashboard] Step 12/3600: 总车辆=1, 平均停车数=0.00, 平均车辆数=0.01
[Dashboard] Step 13/3600: 总车辆=1, 平均停车数=0.00, 平均车辆数=0.01
[Dashboard] Step 14/3600: 总车辆=1, 平均停车数=0.00, 平均车辆数=0.01
[Dashboard] Step 15/3600: 总车辆=2, 平均停车数=0.00, 平均车辆数=0.03
[Dashboard] Step 16/3600: 总车辆=2, 平均停车数=0.00, 平均车辆数=0.03
[Dashboard] Step 17/3600: 总车辆=2, 平均停车数=0.00, 平均车辆数=0.03
[Dashboard] Step 18/3600: 总车辆=4, 平均停车数=0.00, 平均车辆数=0.06
[Dashboard] Step 19/3600: 总车辆=4, 平均停车数=0.00, 平均车辆数=0.06
[Dashboard] Step 20/3600: 总车辆=4, 平均停车数=0.00, 平均车辆数=0.06
[Dashboard] Step 21/3600: 总车辆=4, 平均停车数=0.00, 平均车辆数=0.06
[Dashboard] Step 22/3600: 总车辆=3, 平均停车数=0.00, 平均车辆数=0.04
[Dashboard] Step 23/3600: 总车辆=3, 平均停车数=0.00, 平均车辆数=0.04
[Dashboard] Step 24/3600: 总车辆=4, 平均停车数=0.00, 平均车辆数=0.06
[Dashboard] Step 25/3600: 总车辆=4, 平均停车数=0.00, 平均车辆数=0.06
[Dashboard] Step 26/3600: 总车辆=3, 平均停车数=0.00, 平均车辆数=0.04
[Dashboard] Step 27/3600: 总车辆=3, 平均停车数=0.00, 平均车辆数=0.04
[Dashboard] Step 28/3600: 总车辆=6, 平均停车数=0.00, 平均车辆数=0.08
[Dashboard] Step 29/3600: 总车辆=5, 平均停车数=0.00, 平均车辆数=0.07
[Dashboard] Step 30/3600: 总车辆=6, 平均停车数=0.00, 平均车辆数=0.08
[Dashboard] Step 31/3600: 总车辆=7, 平均停车数=0.00, 平均车辆数=0.10
[Dashboard] Step 32/3600: 总车辆=8, 平均停车数=0.00, 平均车辆数=0.11
[Dashboard] Step 33/3600: 总车辆=8, 平均停车数=0.01, 平均车辆数=0.11
[Dashboard] Step 34/3600: 总车辆=9, 平均停车数=0.01, 平均车辆数=0.13
[Dashboard] Step 35/3600: 总车辆=9, 平均停车数=0.03, 平均车辆数=0.13
[Dashboard] Step 36/3600: 总车辆=10, 平均停车数=0.04, 平均车辆数=0.14
[Dashboard] Step 37/3600: 总车辆=13, 平均停车数=0.04, 平均车辆数=0.18
[Dashboard] Step 38/3600: 总车辆=13, 平均停车数=0.04, 平均车辆数=0.18
[Dashboard] Step 39/3600: 总车辆=14, 平均停车数=0.06, 平均车辆数=0.20
[Dashboard] Step 40/3600: 总车辆=16, 平均停车数=0.07, 平均车辆数=0.23
[Dashboard] Step 41/3600: 总车辆=16, 平均停车数=0.07, 平均车辆数=0.23
[Dashboard] Step 42/3600: 总车辆=16, 平均停车数=0.10, 平均车辆数=0.23
[Dashboard] Step 43/3600: 总车辆=14, 平均停车数=0.10, 平均车辆数=0.20
[Dashboard] Step 44/3600: 总车辆=14, 平均停车数=0.11, 平均车辆数=0.20
[Dashboard] Step 45/3600: 总车辆=13, 平均停车数=0.13, 平均车辆数=0.18
[Dashboard] Step 46/3600: 总车辆=12, 平均停车数=0.14, 平均车辆数=0.17
[Dashboard] Step 47/3600: 总车辆=11, 平均停车数=0.14, 平均车辆数=0.15
[Dashboard] Step 48/3600: 总车辆=10, 平均停车数=0.14, 平均车辆数=0.14
[Dashboard] Step 49/3600: 总车辆=12, 平均停车数=0.14, 平均车辆数=0.17
[Dashboard] Step 50/3600: 总车辆=14, 平均停车数=0.14, 平均车辆数=0.20
[Dashboard] Step 51/3600: 总车辆=14, 平均停车数=0.14, 平均车辆数=0.20
[Dashboard] Step 52/3600: 总车辆=16, 平均停车数=0.14, 平均车辆数=0.23
[Dashboard] Step 53/3600: 总车辆=18, 平均停车数=0.14, 平均车辆数=0.25
[Dashboard] Step 54/3600: 总车辆=17, 平均停车数=0.14, 平均车辆数=0.24
[Dashboard] Step 55/3600: 总车辆=17, 平均停车数=0.14, 平均车辆数=0.24
[Dashboard] Step 56/3600: 总车辆=17, 平均停车数=0.14, 平均车辆数=0.24
[Dashboard] Step 57/3600: 总车辆=16, 平均停车数=0.17, 平均车辆数=0.23
[Dashboard] Step 58/3600: 总车辆=17, 平均停车数=0.17, 平均车辆数=0.24
[Dashboard] Step 59/3600: 总车辆=17, 平均停车数=0.17, 平均车辆数=0.24
[Dashboard] Step 60/3600: 总车辆=18, 平均停车数=0.17, 平均车辆数=0.25
[Dashboard] Step 61/3600: 总车辆=17, 平均停车数=0.18, 平均车辆数=0.24
[Dashboard] Step 62/3600: 总车辆=20, 平均停车数=0.20, 平均车辆数=0.28
[Dashboard] Step 63/3600: 总车辆=20, 平均停车数=0.21, 平均车辆数=0.28
[Dashboard] Step 64/3600: 总车辆=21, 平均停车数=0.21, 平均车辆数=0.30
[Dashboard] Step 65/3600: 总车辆=21, 平均停车数=0.24, 平均车辆数=0.30
[Dashboard] Step 66/3600: 总车辆=21, 平均停车数=0.24, 平均车辆数=0.30
[Dashboard] Step 67/3600: 总车辆=21, 平均停车数=0.24, 平均车辆数=0.30
[Dashboard] Step 68/3600: 总车辆=21, 平均停车数=0.27, 平均车辆数=0.30
[Dashboard] Step 69/3600: 总车辆=22, 平均停车数=0.27, 平均车辆数=0.31
[Dashboard] Step 70/3600: 总车辆=22, 平均停车数=0.27, 平均车辆数=0.31
[Dashboard] Step 71/3600: 总车辆=22, 平均停车数=0.27, 平均车辆数=0.31
[Dashboard] Step 72/3600: 总车辆=22, 平均停车数=0.27, 平均车辆数=0.31
[Dashboard] Step 73/3600: 总车辆=24, 平均停车数=0.27, 平均车辆数=0.34
[Dashboard] Step 74/3600: 总车辆=26, 平均停车数=0.27, 平均车辆数=0.37
[Dashboard] Step 75/3600: 总车辆=27, 平均停车数=0.27, 平均车辆数=0.38
[Junction J066] 车辆=5, 拥堵度=0.12
[Dashboard] Step 76/3600: 总车辆=27, 平均停车数=0.27, 平均车辆数=0.38
[Dashboard] Step 77/3600: 总车辆=30, 平均停车数=0.28, 平均车辆数=0.42
[Dashboard] Step 78/3600: 总车辆=30, 平均停车数=0.28, 平均车辆数=0.42
[Dashboard] Step 79/3600: 总车辆=29, 平均停车数=0.30, 平均车辆数=0.41
[Dashboard] Step 80/3600: 总车辆=29, 平均停车数=0.30, 平均车辆数=0.41
[Dashboard] Step 81/3600: 总车辆=30, 平均停车数=0.30, 平均车辆数=0.42
[Dashboard] Step 82/3600: 总车辆=31, 平均停车数=0.32, 平均车辆数=0.44
[Dashboard] Step 83/3600: 总车辆=28, 平均停车数=0.34, 平均车辆数=0.39
[Dashboard] Step 84/3600: 总车辆=29, 平均停车数=0.34, 平均车辆数=0.41
[Dashboard] Step 85/3600: 总车辆=32, 平均停车数=0.34, 平均车辆数=0.45
[Dashboard] Step 86/3600: 总车辆=32, 平均停车数=0.35, 平均车辆数=0.45
[Dashboard] Step 87/3600: 总车辆=32, 平均停车数=0.35, 平均车辆数=0.45
[Dashboard] Step 88/3600: 总车辆=32, 平均停车数=0.37, 平均车辆数=0.45
[Dashboard] Step 89/3600: 总车辆=33, 平均停车数=0.37, 平均车辆数=0.46
[Dashboard] Step 90/3600: 总车辆=33, 平均停车数=0.37, 平均车辆数=0.46
[Dashboard] Step 91/3600: 总车辆=32, 平均停车数=0.37, 平均车辆数=0.45
[Dashboard] Step 92/3600: 总车辆=33, 平均停车数=0.38, 平均车辆数=0.46
[Dashboard] Step 93/3600: 总车辆=33, 平均停车数=0.38, 平均车辆数=0.46
[Dashboard] Step 94/3600: 总车辆=32, 平均停车数=0.38, 平均车辆数=0.45
[Dashboard] Step 95/3600: 总车辆=32, 平均停车数=0.38, 平均车辆数=0.45
[Dashboard] Step 96/3600: 总车辆=32, 平均停车数=0.38, 平均车辆数=0.45
[Dashboard] Step 97/3600: 总车辆=30, 平均停车数=0.39, 平均车辆数=0.42
[Dashboard] Step 98/3600: 总车辆=30, 平均停车数=0.39, 平均车辆数=0.42
[Dashboard] Step 99/3600: 总车辆=31, 平均停车数=0.39, 平均车辆数=0.44
[Dashboard] Step 100/3600: 总车辆=32, 平均停车数=0.39, 平均车辆数=0.45
[Dashboard] Step 101/3600: 总车辆=33, 平均停车数=0.39, 平均车辆数=0.46
[Dashboard] Step 102/3600: 总车辆=36, 平均停车数=0.39, 平均车辆数=0.51
[Dashboard] Step 103/3600: 总车辆=36, 平均停车数=0.42, 平均车辆数=0.51
[Dashboard] Step 104/3600: 总车辆=36, 平均停车数=0.42, 平均车辆数=0.51
[Dashboard] Step 105/3600: 总车辆=36, 平均停车数=0.45, 平均车辆数=0.51
[Dashboard] Step 106/3600: 总车辆=35, 平均停车数=0.46, 平均车辆数=0.49
[Dashboard] Step 107/3600: 总车辆=36, 平均停车数=0.46, 平均车辆数=0.51
[Dashboard] Step 108/3600: 总车辆=37, 平均停车数=0.46, 平均车辆数=0.52
[Dashboard] Step 109/3600: 总车辆=37, 平均停车数=0.46, 平均车辆数=0.52
[Junction J011] 车辆=5, 拥堵度=0.48
[Dashboard] Step 110/3600: 总车辆=39, 平均停车数=0.48, 平均车辆数=0.55
[Dashboard] Step 111/3600: 总车辆=41, 平均停车数=0.48, 平均车辆数=0.58
[Dashboard] Step 112/3600: 总车辆=43, 平均停车数=0.48, 平均车辆数=0.61
[Dashboard] Step 113/3600: 总车辆=43, 平均停车数=0.49, 平均车辆数=0.61
[Dashboard] Step 114/3600: 总车辆=44, 平均停车数=0.49, 平均车辆数=0.62
[Dashboard] Step 115/3600: 总车辆=45, 平均停车数=0.49, 平均车辆数=0.63
[Dashboard] Step 116/3600: 总车辆=46, 平均停车数=0.51, 平均车辆数=0.65
[Dashboard] Step 117/3600: 总车辆=47, 平均停车数=0.51, 平均车辆数=0.66
[Dashboard] Step 118/3600: 总车辆=47, 平均停车数=0.51, 平均车辆数=0.66
[Junction J005] 车辆=5, 拥堵度=0.34
[Dashboard] Step 119/3600: 总车辆=48, 平均停车数=0.51, 平均车辆数=0.68
[Dashboard] Step 120/3600: 总车辆=47, 平均停车数=0.52, 平均车辆数=0.66
[Dashboard] Step 121/3600: 总车辆=47, 平均停车数=0.54, 平均车辆数=0.66
[Dashboard] Step 122/3600: 总车辆=47, 平均停车数=0.54, 平均车辆数=0.66
[Dashboard] Step 123/3600: 总车辆=49, 平均停车数=0.56, 平均车辆数=0.69
[Dashboard] Step 124/3600: 总车辆=46, 平均停车数=0.59, 平均车辆数=0.65
[Dashboard] Step 125/3600: 总车辆=47, 平均停车数=0.59, 平均车辆数=0.66
[Dashboard] Step 126/3600: 总车辆=48, 平均停车数=0.59, 平均车辆数=0.68
[Dashboard] Step 127/3600: 总车辆=47, 平均停车数=0.61, 平均车辆数=0.66
[Dashboard] Step 128/3600: 总车辆=48, 平均停车数=0.62, 平均车辆数=0.68
[Dashboard] Step 129/3600: 总车辆=51, 平均停车数=0.63, 平均车辆数=0.72
[Dashboard] Step 130/3600: 总车辆=53, 平均停车数=0.65, 平均车辆数=0.75
[Junction J038] 车辆=5, 拥堵度=0.31
[Dashboard] Step 131/3600: 总车辆=53, 平均停车数=0.65, 平均车辆数=0.75
[Dashboard] Step 132/3600: 总车辆=54, 平均停车数=0.65, 平均车辆数=0.76
[Dashboard] Step 133/3600: 总车辆=56, 平均停车数=0.65, 平均车辆数=0.79
[Dashboard] Step 134/3600: 总车辆=58, 平均停车数=0.65, 平均车辆数=0.82
[Dashboard] Step 135/3600: 总车辆=58, 平均停车数=0.66, 平均车辆数=0.82
[Dashboard] Step 136/3600: 总车辆=60, 平均停车数=0.66, 平均车辆数=0.85
[Dashboard] Step 137/3600: 总车辆=62, 平均停车数=0.66, 平均车辆数=0.87
[Dashboard] Step 138/3600: 总车辆=63, 平均停车数=0.66, 平均车辆数=0.89
[Dashboard] Step 139/3600: 总车辆=63, 平均停车数=0.68, 平均车辆数=0.89
[Dashboard] Step 140/3600: 总车辆=64, 平均停车数=0.68, 平均车辆数=0.90
[Dashboard] Step 141/3600: 总车辆=64, 平均停车数=0.68, 平均车辆数=0.90
[Dashboard] Step 142/3600: 总车辆=66, 平均停车数=0.69, 平均车辆数=0.93
[Dashboard] Step 143/3600: 总车辆=65, 平均停车数=0.69, 平均车辆数=0.92
[Dashboard] Step 144/3600: 总车辆=62, 平均停车数=0.72, 平均车辆数=0.87
[Dashboard] Step 145/3600: 总车辆=60, 平均停车数=0.73, 平均车辆数=0.85
[Dashboard] Step 146/3600: 总车辆=63, 平均停车数=0.75, 平均车辆数=0.89
[Dashboard] Step 147/3600: 总车辆=64, 平均停车数=0.77, 平均车辆数=0.90
[Dashboard] Step 148/3600: 总车辆=64, 平均停车数=0.77, 平均车辆数=0.90
[Dashboard] Step 149/3600: 总车辆=66, 平均停车数=0.77, 平均车辆数=0.93
[Dashboard] Step 150/3600: 总车辆=67, 平均停车数=0.77, 平均车辆数=0.94
[Dashboard] Step 151/3600: 总车辆=67, 平均停车数=0.80, 平均车辆数=0.94
[Dashboard] Step 152/3600: 总车辆=67, 平均停车数=0.83, 平均车辆数=0.94
[Dashboard] Step 153/3600: 总车辆=68, 平均停车数=0.83, 平均车辆数=0.96
[Dashboard] Step 154/3600: 总车辆=67, 平均停车数=0.85, 平均车辆数=0.94
[Dashboard] Step 155/3600: 总车辆=69, 平均停车数=0.85, 平均车辆数=0.97
[Dashboard] Step 156/3600: 总车辆=69, 平均停车数=0.85, 平均车辆数=0.97
[Dashboard] Step 157/3600: 总车辆=70, 平均停车数=0.85, 平均车辆数=0.99
[Dashboard] Step 158/3600: 总车辆=68, 平均停车数=0.86, 平均车辆数=0.96
[Dashboard] Step 159/3600: 总车辆=68, 平均停车数=0.86, 平均车辆数=0.96
[Dashboard] Step 160/3600: 总车辆=68, 平均停车数=0.86, 平均车辆数=0.96
[Dashboard] Step 161/3600: 总车辆=69, 平均停车数=0.87, 平均车辆数=0.97
[Dashboard] Step 162/3600: 总车辆=69, 平均停车数=0.89, 平均车辆数=0.97
[Dashboard] Step 163/3600: 总车辆=69, 平均停车数=0.89, 平均车辆数=0.97
[Junction J072] 车辆=5, 拥堵度=0.46
[Dashboard] Step 164/3600: 总车辆=69, 平均停车数=0.89, 平均车辆数=0.97
[Dashboard] Step 165/3600: 总车辆=72, 平均停车数=0.93, 平均车辆数=1.01
[Junction J073] 车辆=5, 拥堵度=0.02
[Dashboard] Step 166/3600: 总车辆=74, 平均停车数=0.93, 平均车辆数=1.04
[Dashboard] Step 167/3600: 总车辆=74, 平均停车数=0.93, 平均车辆数=1.04
[Dashboard] Step 168/3600: 总车辆=75, 平均停车数=0.93, 平均车辆数=1.06
[Dashboard] Step 169/3600: 总车辆=77, 平均停车数=0.97, 平均车辆数=1.08
[Dashboard] Step 170/3600: 总车辆=79, 平均停车数=0.97, 平均车辆数=1.11
[Dashboard] Step 171/3600: 总车辆=78, 平均停车数=0.97, 平均车辆数=1.10
[Dashboard] Step 172/3600: 总车辆=79, 平均停车数=0.97, 平均车辆数=1.11
[Dashboard] Step 173/3600: 总车辆=80, 平均停车数=0.99, 平均车辆数=1.13
[Dashboard] Step 174/3600: 总车辆=80, 平均停车数=1.01, 平均车辆数=1.13
[Dashboard] Step 175/3600: 总车辆=81, 平均停车数=1.04, 平均车辆数=1.14
[Junction J066] 车辆=14, 拥堵度=0.58
[Dashboard] Step 176/3600: 总车辆=83, 平均停车数=1.04, 平均车辆数=1.17
[Dashboard] Step 177/3600: 总车辆=83, 平均停车数=1.04, 平均车辆数=1.17
[Dashboard] Step 178/3600: 总车辆=82, 平均停车数=1.06, 平均车辆数=1.15
[Dashboard] Step 179/3600: 总车辆=83, 平均停车数=1.06, 平均车辆数=1.17
[Dashboard] Step 180/3600: 总车辆=83, 平均停车数=1.07, 平均车辆数=1.17
[Dashboard] Step 181/3600: 总车辆=84, 平均停车数=1.10, 平均车辆数=1.18
[Dashboard] Step 182/3600: 总车辆=85, 平均停车数=1.10, 平均车辆数=1.20
[Dashboard] Step 183/3600: 总车辆=87, 平均停车数=1.10, 平均车辆数=1.23
[Dashboard] Step 184/3600: 总车辆=86, 平均停车数=1.10, 平均车辆数=1.21
[Dashboard] Step 185/3600: 总车辆=85, 平均停车数=1.10, 平均车辆数=1.20
[Dashboard] Step 186/3600: 总车辆=87, 平均停车数=1.10, 平均车辆数=1.23
[Dashboard] Step 187/3600: 总车辆=88, 平均停车数=1.11, 平均车辆数=1.24
[Dashboard] Step 188/3600: 总车辆=90, 平均停车数=1.13, 平均车辆数=1.27
[Dashboard] Step 189/3600: 总车辆=92, 平均停车数=1.14, 平均车辆数=1.30
[Dashboard] Step 190/3600: 总车辆=91, 平均停车数=1.15, 平均车辆数=1.28
[Dashboard] Step 191/3600: 总车辆=91, 平均停车数=1.15, 平均车辆数=1.28
[Dashboard] Step 192/3600: 总车辆=91, 平均停车数=1.18, 平均车辆数=1.28
[Dashboard] Step 193/3600: 总车辆=94, 平均停车数=1.20, 平均车辆数=1.32
[Dashboard] Step 194/3600: 总车辆=94, 平均停车数=1.20, 平均车辆数=1.32
[Dashboard] Step 195/3600: 总车辆=94, 平均停车数=1.20, 平均车辆数=1.32
[Dashboard] Step 196/3600: 总车辆=93, 平均停车数=1.20, 平均车辆数=1.31
[Dashboard] Step 197/3600: 总车辆=93, 平均停车数=1.23, 平均车辆数=1.31
[Dashboard] Step 198/3600: 总车辆=95, 平均停车数=1.23, 平均车辆数=1.34
[Dashboard] Step 199/3600: 总车辆=94, 平均停车数=1.23, 平均车辆数=1.32
[Dashboard] Step 200/3600: 总车辆=95, 平均停车数=1.23, 平均车辆数=1.34
[Junction J056] 车辆=5, 拥堵度=0.12
[Dashboard] Step 201/3600: 总车辆=98, 平均停车数=1.24, 平均车辆数=1.38
[Dashboard] Step 202/3600: 总车辆=98, 平均停车数=1.25, 平均车辆数=1.38
[Dashboard] Step 203/3600: 总车辆=98, 平均停车数=1.25, 平均车辆数=1.38
[Dashboard] Step 204/3600: 总车辆=98, 平均停车数=1.28, 平均车辆数=1.38
[Dashboard] Step 205/3600: 总车辆=100, 平均停车数=1.28, 平均车辆数=1.41
[Dashboard] Step 206/3600: 总车辆=101, 平均停车数=1.28, 平均车辆数=1.42
[Dashboard] Step 207/3600: 总车辆=102, 平均停车数=1.28, 平均车辆数=1.44
[Dashboard] Step 208/3600: 总车辆=101, 平均停车数=1.28, 平均车辆数=1.42
[Junction J006] 车辆=5, 拥堵度=0.27
[Dashboard] Step 209/3600: 总车辆=102, 平均停车数=1.30, 平均车辆数=1.44
[Junction J011] 车辆=9, 拥堵度=0.55
[Dashboard] Step 210/3600: 总车辆=101, 平均停车数=1.30, 平均车辆数=1.42
[Dashboard] Step 211/3600: 总车辆=103, 平均停车数=1.31, 平均车辆数=1.45
[Dashboard] Step 212/3600: 总车辆=103, 平均停车数=1.32, 平均车辆数=1.45
[Dashboard] Step 213/3600: 总车辆=102, 平均停车数=1.34, 平均车辆数=1.44
[Junction J017] 车辆=5, 拥堵度=0.41
[Dashboard] Step 214/3600: 总车辆=105, 平均停车数=1.35, 平均车辆数=1.48
[Dashboard] Step 215/3600: 总车辆=104, 平均停车数=1.38, 平均车辆数=1.46
[Dashboard] Step 216/3600: 总车辆=104, 平均停车数=1.38, 平均车辆数=1.46
[Dashboard] Step 217/3600: 总车辆=107, 平均停车数=1.38, 平均车辆数=1.51
[Dashboard] Step 218/3600: 总车辆=107, 平均停车数=1.38, 平均车辆数=1.51
[Junction J005] 车辆=11, 拥堵度=0.52
[Dashboard] Step 219/3600: 总车辆=107, 平均停车数=1.41, 平均车辆数=1.51
[Dashboard] Step 220/3600: 总车辆=107, 平均停车数=1.41, 平均车辆数=1.51
[Dashboard] Step 221/3600: 总车辆=109, 平均停车数=1.42, 平均车辆数=1.54
[Dashboard] Step 222/3600: 总车辆=110, 平均停车数=1.45, 平均车辆数=1.55
[Junction J010] 车辆=5, 拥堵度=0.42
[Dashboard] Step 223/3600: 总车辆=112, 平均停车数=1.45, 平均车辆数=1.58
[Dashboard] Step 224/3600: 总车辆=113, 平均停车数=1.45, 平均车辆数=1.59
[Dashboard] Step 225/3600: 总车辆=115, 平均停车数=1.45, 平均车辆数=1.62
[Dashboard] Step 226/3600: 总车辆=117, 平均停车数=1.48, 平均车辆数=1.65
[Dashboard] Step 227/3600: 总车辆=118, 平均停车数=1.48, 平均车辆数=1.66
[Dashboard] Step 228/3600: 总车辆=117, 平均停车数=1.51, 平均车辆数=1.65
[Dashboard] Step 229/3600: 总车辆=117, 平均停车数=1.52, 平均车辆数=1.65
[Dashboard] Step 230/3600: 总车辆=117, 平均停车数=1.52, 平均车辆数=1.65
[Dashboard] Step 231/3600: 总车辆=116, 平均停车数=1.52, 平均车辆数=1.63
[Dashboard] Step 232/3600: 总车辆=117, 平均停车数=1.54, 平均车辆数=1.65
[Dashboard] Step 233/3600: 总车辆=119, 平均停车数=1.55, 平均车辆数=1.68
[Dashboard] Step 234/3600: 总车辆=122, 平均停车数=1.55, 平均车辆数=1.72
[Dashboard] Step 235/3600: 总车辆=122, 平均停车数=1.56, 平均车辆数=1.72
[Dashboard] Step 236/3600: 总车辆=124, 平均停车数=1.58, 平均车辆数=1.75
[Dashboard] Step 237/3600: 总车辆=124, 平均停车数=1.58, 平均车辆数=1.75
[Dashboard] Step 238/3600: 总车辆=124, 平均停车数=1.61, 平均车辆数=1.75
[Junction J014] 车辆=5, 拥堵度=0.41
[Dashboard] Step 239/3600: 总车辆=125, 平均停车数=1.62, 平均车辆数=1.76
[Dashboard] Step 240/3600: 总车辆=127, 平均停车数=1.63, 平均车辆数=1.79
[Dashboard] Step 241/3600: 总车辆=125, 平均停车数=1.63, 平均车辆数=1.76
[Junction J035] 车辆=5, 拥堵度=0.35
[Junction J038] 车辆=7, 拥堵度=0.54
[Dashboard] Step 242/3600: 总车辆=124, 平均停车数=1.65, 平均车辆数=1.75
[Dashboard] Step 243/3600: 总车辆=124, 平均停车数=1.65, 平均车辆数=1.75
[Dashboard] Step 244/3600: 总车辆=123, 平均停车数=1.65, 平均车辆数=1.73
[Dashboard] Step 245/3600: 总车辆=124, 平均停车数=1.66, 平均车辆数=1.75
[Dashboard] Step 246/3600: 总车辆=123, 平均停车数=1.66, 平均车辆数=1.73
[Dashboard] Step 247/3600: 总车辆=122, 平均停车数=1.66, 平均车辆数=1.72
[Dashboard] Step 248/3600: 总车辆=125, 平均停车数=1.66, 平均车辆数=1.76
[Dashboard] Step 249/3600: 总车辆=128, 平均停车数=1.66, 平均车辆数=1.80
[Dashboard] Step 250/3600: 总车辆=128, 平均停车数=1.69, 平均车辆数=1.80
[Dashboard] Step 251/3600: 总车辆=129, 平均停车数=1.69, 平均车辆数=1.82
[Dashboard] Step 252/3600: 总车辆=129, 平均停车数=1.70, 平均车辆数=1.82
[Dashboard] Step 253/3600: 总车辆=128, 平均停车数=1.72, 平均车辆数=1.80
[Dashboard] Step 254/3600: 总车辆=130, 平均停车数=1.72, 平均车辆数=1.83
[Dashboard] Step 255/3600: 总车辆=129, 平均停车数=1.72, 平均车辆数=1.82
[Dashboard] Step 256/3600: 总车辆=130, 平均停车数=1.72, 平均车辆数=1.83
[Dashboard] Step 257/3600: 总车辆=129, 平均停车数=1.72, 平均车辆数=1.82
[Dashboard] Step 258/3600: 总车辆=130, 平均停车数=1.75, 平均车辆数=1.83
[Dashboard] Step 259/3600: 总车辆=129, 平均停车数=1.75, 平均车辆数=1.82
[Dashboard] Step 260/3600: 总车辆=131, 平均停车数=1.75, 平均车辆数=1.85
[Dashboard] Step 261/3600: 总车辆=134, 平均停车数=1.76, 平均车辆数=1.89
[Dashboard] Step 262/3600: 总车辆=133, 平均停车数=1.76, 平均车辆数=1.87
[Dashboard] Step 263/3600: 总车辆=133, 平均停车数=1.76, 平均车辆数=1.87
[Junction J072] 车辆=7, 拥堵度=0.55
[Dashboard] Step 264/3600: 总车辆=132, 平均停车数=1.77, 平均车辆数=1.86
[Dashboard] Step 265/3600: 总车辆=132, 平均停车数=1.77, 平均车辆数=1.86
[Dashboard] Step 266/3600: 总车辆=132, 平均停车数=1.77, 平均车辆数=1.86
[Dashboard] Step 267/3600: 总车辆=133, 平均停车数=1.79, 平均车辆数=1.87
[Dashboard] Step 268/3600: 总车辆=133, 平均停车数=1.79, 平均车辆数=1.87
[Dashboard] Step 269/3600: 总车辆=132, 平均停车数=1.79, 平均车辆数=1.86
[Dashboard] Step 270/3600: 总车辆=132, 平均停车数=1.80, 平均车辆数=1.86
[Dashboard] Step 271/3600: 总车辆=132, 平均停车数=1.82, 平均车辆数=1.86
[Dashboard] Step 272/3600: 总车辆=134, 平均停车数=1.82, 平均车辆数=1.89
[Dashboard] Step 273/3600: 总车辆=133, 平均停车数=1.82, 平均车辆数=1.87
[Dashboard] Step 274/3600: 总车辆=132, 平均停车数=1.82, 平均车辆数=1.86
[Dashboard] Step 275/3600: 总车辆=132, 平均停车数=1.82, 平均车辆数=1.86
[Junction J066] 车辆=23, 拥堵度=0.68
[Dashboard] Step 276/3600: 总车辆=133, 平均停车数=1.83, 平均车辆数=1.87
[Dashboard] Step 277/3600: 总车辆=135, 平均停车数=1.85, 平均车辆数=1.90
[Dashboard] Step 278/3600: 总车辆=134, 平均停车数=1.85, 平均车辆数=1.89
[Dashboard] Step 279/3600: 总车辆=135, 平均停车数=1.85, 平均车辆数=1.90
[Dashboard] Step 280/3600: 总车辆=138, 平均停车数=1.85, 平均车辆数=1.94
[Dashboard] Step 281/3600: 总车辆=137, 平均停车数=1.85, 平均车辆数=1.93
[Dashboard] Step 282/3600: 总车辆=138, 平均停车数=1.85, 平均车辆数=1.94
[Dashboard] Step 283/3600: 总车辆=138, 平均停车数=1.86, 平均车辆数=1.94
[Dashboard] Step 284/3600: 总车辆=139, 平均停车数=1.86, 平均车辆数=1.96
[Dashboard] Step 285/3600: 总车辆=139, 平均停车数=1.86, 平均车辆数=1.96
[Dashboard] Step 286/3600: 总车辆=140, 平均停车数=1.86, 平均车辆数=1.97
[Junction J016] 车辆=5, 拥堵度=0.39
[Dashboard] Step 287/3600: 总车辆=145, 平均停车数=1.86, 平均车辆数=2.04
[Dashboard] Step 288/3600: 总车辆=144, 平均停车数=1.87, 平均车辆数=2.03
[Dashboard] Step 289/3600: 总车辆=144, 平均停车数=1.89, 平均车辆数=2.03
[Dashboard] Step 290/3600: 总车辆=148, 平均停车数=1.90, 平均车辆数=2.08
[Dashboard] Step 291/3600: 总车辆=149, 平均停车数=1.92, 平均车辆数=2.10
[Dashboard] Step 292/3600: 总车辆=149, 平均停车数=1.94, 平均车辆数=2.10
[Junction J070] 车辆=5, 拥堵度=0.43
[Dashboard] Step 293/3600: 总车辆=151, 平均停车数=1.96, 平均车辆数=2.13
[Dashboard] Step 294/3600: 总车辆=150, 平均停车数=1.96, 平均车辆数=2.11
[Dashboard] Step 295/3600: 总车辆=149, 平均停车数=1.96, 平均车辆数=2.10
[Dashboard] Step 296/3600: 总车辆=150, 平均停车数=1.97, 平均车辆数=2.11
[Dashboard] Step 297/3600: 总车辆=150, 平均停车数=1.99, 平均车辆数=2.11
[Dashboard] Step 298/3600: 总车辆=149, 平均停车数=2.00, 平均车辆数=2.10
[Dashboard] Step 299/3600: 总车辆=146, 平均停车数=2.00, 平均车辆数=2.06
[Dashboard] Step 300/3600: 总车辆=145, 平均停车数=2.01, 平均车辆数=2.04
[Junction J073] 车辆=8, 拥堵度=0.55
[Dashboard] Step 301/3600: 总车辆=145, 平均停车数=2.01, 平均车辆数=2.04
[Dashboard] Step 302/3600: 总车辆=145, 平均停车数=2.01, 平均车辆数=2.04
[Dashboard] Step 303/3600: 总车辆=145, 平均停车数=2.01, 平均车辆数=2.04
[Dashboard] Step 304/3600: 总车辆=145, 平均停车数=2.01, 平均车辆数=2.04
[Dashboard] Step 305/3600: 总车辆=146, 平均停车数=2.01, 平均车辆数=2.06
[Dashboard] Step 306/3600: 总车辆=147, 平均停车数=2.01, 平均车辆数=2.07
[Dashboard] Step 307/3600: 总车辆=148, 平均停车数=2.01, 平均车辆数=2.08
[Dashboard] Step 308/3600: 总车辆=148, 平均停车数=2.03, 平均车辆数=2.08
[Dashboard] Step 309/3600: 总车辆=149, 平均停车数=2.03, 平均车辆数=2.10
[Junction J011] 车辆=10, 拥堵度=0.56
[Dashboard] Step 310/3600: 总车辆=150, 平均停车数=2.03, 平均车辆数=2.11
[Dashboard] Step 311/3600: 总车辆=150, 平均停车数=2.03, 平均车辆数=2.11
[Dashboard] Step 312/3600: 总车辆=149, 平均停车数=2.03, 平均车辆数=2.10
[Dashboard] Step 313/3600: 总车辆=147, 平均停车数=2.03, 平均车辆数=2.07
[Junction J017] 车辆=9, 拥堵度=0.54
[Dashboard] Step 314/3600: 总车辆=148, 平均停车数=2.03, 平均车辆数=2.08
[Junction J006] 车辆=6, 拥堵度=0.42
[Dashboard] Step 315/3600: 总车辆=151, 平均停车数=2.03, 平均车辆数=2.13
[Dashboard] Step 316/3600: 总车辆=153, 平均停车数=2.03, 平均车辆数=2.15
[Dashboard] Step 317/3600: 总车辆=152, 平均停车数=2.06, 平均车辆数=2.14
[Junction J057] 车辆=5, 拥堵度=0.36
[Dashboard] Step 318/3600: 总车辆=154, 平均停车数=2.06, 平均车辆数=2.17
[Junction J005] 车辆=16, 拥堵度=0.65
[Dashboard] Step 319/3600: 总车辆=154, 平均停车数=2.06, 平均车辆数=2.17
[Dashboard] Step 320/3600: 总车辆=155, 平均停车数=2.06, 平均车辆数=2.18
[Dashboard] Step 321/3600: 总车辆=156, 平均停车数=2.07, 平均车辆数=2.20
[Dashboard] Step 322/3600: 总车辆=156, 平均停车数=2.07, 平均车辆数=2.20
[Junction J010] 车辆=8, 拥堵度=0.49
[Dashboard] Step 323/3600: 总车辆=156, 平均停车数=2.08, 平均车辆数=2.20
[Dashboard] Step 324/3600: 总车辆=157, 平均停车数=2.08, 平均车辆数=2.21
[Dashboard] Step 325/3600: 总车辆=158, 平均停车数=2.10, 平均车辆数=2.23
[Dashboard] Step 326/3600: 总车辆=155, 平均停车数=2.11, 平均车辆数=2.18
[Dashboard] Step 327/3600: 总车辆=156, 平均停车数=2.14, 平均车辆数=2.20
[Dashboard] Step 328/3600: 总车辆=156, 平均停车数=2.14, 平均车辆数=2.20
[Dashboard] Step 329/3600: 总车辆=157, 平均停车数=2.14, 平均车辆数=2.21
[Dashboard] Step 330/3600: 总车辆=158, 平均停车数=2.15, 平均车辆数=2.23
[Dashboard] Step 331/3600: 总车辆=160, 平均停车数=2.15, 平均车辆数=2.25
[Dashboard] Step 332/3600: 总车辆=160, 平均停车数=2.15, 平均车辆数=2.25
[Dashboard] Step 333/3600: 总车辆=158, 平均停车数=2.14, 平均车辆数=2.23
[Dashboard] Step 334/3600: 总车辆=159, 平均停车数=2.14, 平均车辆数=2.24
[Dashboard] Step 335/3600: 总车辆=159, 平均停车数=2.13, 平均车辆数=2.24
[Dashboard] Step 336/3600: 总车辆=158, 平均停车数=2.11, 平均车辆数=2.23
[Dashboard] Step 337/3600: 总车辆=160, 平均停车数=2.11, 平均车辆数=2.25
[Dashboard] Step 338/3600: 总车辆=159, 平均停车数=2.11, 平均车辆数=2.24
[Dashboard] Step 339/3600: 总车辆=159, 平均停车数=2.10, 平均车辆数=2.24
[Dashboard] Step 340/3600: 总车辆=158, 平均停车数=2.10, 平均车辆数=2.23
[Dashboard] Step 341/3600: 总车辆=162, 平均停车数=2.10, 平均车辆数=2.28
[Junction J038] 车辆=8, 拥堵度=0.43
[Dashboard] Step 342/3600: 总车辆=162, 平均停车数=2.08, 平均车辆数=2.28
[Dashboard] Step 343/3600: 总车辆=163, 平均停车数=2.08, 平均车辆数=2.30
[Dashboard] Step 344/3600: 总车辆=162, 平均停车数=2.11, 平均车辆数=2.28
[Dashboard] Step 345/3600: 总车辆=162, 平均停车数=2.11, 平均车辆数=2.28
[Dashboard] Step 346/3600: 总车辆=161, 平均停车数=2.13, 平均车辆数=2.27
[Dashboard] Step 347/3600: 总车辆=164, 平均停车数=2.13, 平均车辆数=2.31
[Dashboard] Step 348/3600: 总车辆=165, 平均停车数=2.13, 平均车辆数=2.32
[Dashboard] Step 349/3600: 总车辆=166, 平均停车数=2.14, 平均车辆数=2.34
[Dashboard] Step 350/3600: 总车辆=164, 平均停车数=2.14, 平均车辆数=2.31
[Junction J037] 车辆=5, 拥堵度=0.30
[Dashboard] Step 351/3600: 总车辆=166, 平均停车数=2.14, 平均车辆数=2.34
[Junction J035] 车辆=6, 拥堵度=0.54
[Dashboard] Step 352/3600: 总车辆=167, 平均停车数=2.15, 平均车辆数=2.35
[Dashboard] Step 353/3600: 总车辆=166, 平均停车数=2.20, 平均车辆数=2.34
[Dashboard] Step 354/3600: 总车辆=168, 平均停车数=2.20, 平均车辆数=2.37
[Dashboard] Step 355/3600: 总车辆=165, 平均停车数=2.21, 平均车辆数=2.32
[Dashboard] Step 356/3600: 总车辆=166, 平均停车数=2.21, 平均车辆数=2.34
[Dashboard] Step 357/3600: 总车辆=164, 平均停车数=2.20, 平均车辆数=2.31
[Dashboard] Step 358/3600: 总车辆=166, 平均停车数=2.20, 平均车辆数=2.34
[Dashboard] Step 359/3600: 总车辆=164, 平均停车数=2.20, 平均车辆数=2.31
[Dashboard] Step 360/3600: 总车辆=168, 平均停车数=2.20, 平均车辆数=2.37
[Dashboard] Step 361/3600: 总车辆=167, 平均停车数=2.18, 平均车辆数=2.35
[Dashboard] Step 362/3600: 总车辆=167, 平均停车数=2.18, 平均车辆数=2.35
[Dashboard] Step 363/3600: 总车辆=170, 平均停车数=2.18, 平均车辆数=2.39
[Junction J072] 车辆=5, 拥堵度=0.53
[Dashboard] Step 364/3600: 总车辆=172, 平均停车数=2.20, 平均车辆数=2.42
[Dashboard] Step 365/3600: 总车辆=168, 平均停车数=2.17, 平均车辆数=2.37
[Dashboard] Step 366/3600: 总车辆=169, 平均停车数=2.18, 平均车辆数=2.38
[Dashboard] Step 367/3600: 总车辆=168, 平均停车数=2.18, 平均车辆数=2.37
[Dashboard] Step 368/3600: 总车辆=168, 平均停车数=2.15, 平均车辆数=2.37
[Dashboard] Step 369/3600: 总车辆=169, 平均停车数=2.17, 平均车辆数=2.38
[Junction J087] 车辆=5, 拥堵度=0.37
[Dashboard] Step 370/3600: 总车辆=168, 平均停车数=2.20, 平均车辆数=2.37
[Dashboard] Step 371/3600: 总车辆=167, 平均停车数=2.20, 平均车辆数=2.35
[Dashboard] Step 372/3600: 总车辆=167, 平均停车数=2.21, 平均车辆数=2.35
[Dashboard] Step 373/3600: 总车辆=168, 平均停车数=2.21, 平均车辆数=2.37
[Dashboard] Step 374/3600: 总车辆=170, 平均停车数=2.23, 平均车辆数=2.39
[Dashboard] Step 375/3600: 总车辆=170, 平均停车数=2.24, 平均车辆数=2.39
[Junction J066] 车辆=26, 拥堵度=0.71
[Dashboard] Step 376/3600: 总车辆=171, 平均停车数=2.24, 平均车辆数=2.41
[Dashboard] Step 377/3600: 总车辆=170, 平均停车数=2.21, 平均车辆数=2.39
[Junction J015] 车辆=5, 拥堵度=0.22
[Dashboard] Step 378/3600: 总车辆=172, 平均停车数=2.24, 平均车辆数=2.42
[Dashboard] Step 379/3600: 总车辆=172, 平均停车数=2.24, 平均车辆数=2.42
[Dashboard] Step 380/3600: 总车辆=174, 平均停车数=2.25, 平均车辆数=2.45
[Dashboard] Step 381/3600: 总车辆=174, 平均停车数=2.25, 平均车辆数=2.45
[Dashboard] Step 382/3600: 总车辆=173, 平均停车数=2.25, 平均车辆数=2.44
[Dashboard] Step 383/3600: 总车辆=175, 平均停车数=2.25, 平均车辆数=2.46
[Dashboard] Step 384/3600: 总车辆=175, 平均停车数=2.27, 平均车辆数=2.46
[Dashboard] Step 385/3600: 总车辆=174, 平均停车数=2.27, 平均车辆数=2.45
[Dashboard] Step 386/3600: 总车辆=176, 平均停车数=2.27, 平均车辆数=2.48
[Dashboard] Step 387/3600: 总车辆=174, 平均停车数=2.27, 平均车辆数=2.45
[Dashboard] Step 388/3600: 总车辆=176, 平均停车数=2.28, 平均车辆数=2.48
[Dashboard] Step 389/3600: 总车辆=177, 平均停车数=2.30, 平均车辆数=2.49
[Dashboard] Step 390/3600: 总车辆=175, 平均停车数=2.30, 平均车辆数=2.46
[Dashboard] Step 391/3600: 总车辆=178, 平均停车数=2.34, 平均车辆数=2.51
[Dashboard] Step 392/3600: 总车辆=179, 平均停车数=2.34, 平均车辆数=2.52
[Junction J070] 车辆=5, 拥堵度=0.53
[Dashboard] Step 393/3600: 总车辆=179, 平均停车数=2.34, 平均车辆数=2.52
[Junction J064] 车辆=5, 拥堵度=0.42
[Dashboard] Step 394/3600: 总车辆=177, 平均停车数=2.35, 平均车辆数=2.49
[Dashboard] Step 395/3600: 总车辆=177, 平均停车数=2.35, 平均车辆数=2.49
[Dashboard] Step 396/3600: 总车辆=176, 平均停车数=2.37, 平均车辆数=2.48
[Dashboard] Step 397/3600: 总车辆=176, 平均停车数=2.35, 平均车辆数=2.48
[Dashboard] Step 398/3600: 总车辆=175, 平均停车数=2.39, 平均车辆数=2.46
[Dashboard] Step 399/3600: 总车辆=175, 平均停车数=2.39, 平均车辆数=2.46
[Dashboard] Step 400/3600: 总车辆=175, 平均停车数=2.39, 平均车辆数=2.46
[Junction J073] 车辆=11, 拥堵度=0.57
[Dashboard] Step 401/3600: 总车辆=175, 平均停车数=2.39, 平均车辆数=2.46
[Dashboard] Step 402/3600: 总车辆=176, 平均停车数=2.39, 平均车辆数=2.48
[Dashboard] Step 403/3600: 总车辆=176, 平均停车数=2.41, 平均车辆数=2.48
[Dashboard] Step 404/3600: 总车辆=176, 平均停车数=2.41, 平均车辆数=2.48
[Dashboard] Step 405/3600: 总车辆=173, 平均停车数=2.38, 平均车辆数=2.44
[Dashboard] Step 406/3600: 总车辆=172, 平均停车数=2.37, 平均车辆数=2.42
[Dashboard] Step 407/3600: 总车辆=172, 平均停车数=2.37, 平均车辆数=2.42
[Dashboard] Step 408/3600: 总车辆=173, 平均停车数=2.37, 平均车辆数=2.44
[Dashboard] Step 409/3600: 总车辆=175, 平均停车数=2.37, 平均车辆数=2.46
[Junction J011] 车辆=11, 拥堵度=0.57
[Dashboard] Step 410/3600: 总车辆=179, 平均停车数=2.37, 平均车辆数=2.52
[Dashboard] Step 411/3600: 总车辆=179, 平均停车数=2.38, 平均车辆数=2.52
[Dashboard] Step 412/3600: 总车辆=179, 平均停车数=2.38, 平均车辆数=2.52
[Dashboard] Step 413/3600: 总车辆=180, 平均停车数=2.42, 平均车辆数=2.54
[Junction J017] 车辆=11, 拥堵度=0.55
[Dashboard] Step 414/3600: 总车辆=180, 平均停车数=2.44, 平均车辆数=2.54
[Junction J006] 车辆=9, 拥堵度=0.55
[Dashboard] Step 415/3600: 总车辆=180, 平均停车数=2.44, 平均车辆数=2.54
[Dashboard] Step 416/3600: 总车辆=179, 平均停车数=2.44, 平均车辆数=2.52
[Dashboard] Step 417/3600: 总车辆=179, 平均停车数=2.44, 平均车辆数=2.52
[Junction J057] 车辆=5, 拥堵度=0.53
[Dashboard] Step 418/3600: 总车辆=178, 平均停车数=2.45, 平均车辆数=2.51
[Junction J005] 车辆=13, 拥堵度=0.62
[Dashboard] Step 419/3600: 总车辆=179, 平均停车数=2.45, 平均车辆数=2.52
[Dashboard] Step 420/3600: 总车辆=181, 平均停车数=2.44, 平均车辆数=2.55
[Dashboard] Step 421/3600: 总车辆=183, 平均停车数=2.44, 平均车辆数=2.58
[Dashboard] Step 422/3600: 总车辆=182, 平均停车数=2.42, 平均车辆数=2.56
[Junction J010] 车辆=8, 拥堵度=0.54
[Dashboard] Step 423/3600: 总车辆=181, 平均停车数=2.39, 平均车辆数=2.55
[Junction J016] 车辆=7, 拥堵度=0.54
[Dashboard] Step 424/3600: 总车辆=181, 平均停车数=2.42, 平均车辆数=2.55
[Dashboard] Step 425/3600: 总车辆=184, 平均停车数=2.42, 平均车辆数=2.59
[Dashboard] Step 426/3600: 总车辆=184, 平均停车数=2.42, 平均车辆数=2.59
[Dashboard] Step 427/3600: 总车辆=181, 平均停车数=2.42, 平均车辆数=2.55
[Dashboard] Step 428/3600: 总车辆=180, 平均停车数=2.41, 平均车辆数=2.54
[Dashboard] Step 429/3600: 总车辆=181, 平均停车数=2.41, 平均车辆数=2.55
[Junction J003] 车辆=5, 拥堵度=0.31
[Dashboard] Step 430/3600: 总车辆=183, 平均停车数=2.41, 平均车辆数=2.58
[Dashboard] Step 431/3600: 总车辆=183, 平均停车数=2.41, 平均车辆数=2.58
[Dashboard] Step 432/3600: 总车辆=184, 平均停车数=2.42, 平均车辆数=2.59
[Dashboard] Step 433/3600: 总车辆=185, 平均停车数=2.45, 平均车辆数=2.61
[Dashboard] Step 434/3600: 总车辆=186, 平均停车数=2.46, 平均车辆数=2.62
[Dashboard] Step 435/3600: 总车辆=188, 平均停车数=2.45, 平均车辆数=2.65
[Dashboard] Step 436/3600: 总车辆=189, 平均停车数=2.46, 平均车辆数=2.66
[Dashboard] Step 437/3600: 总车辆=193, 平均停车数=2.48, 平均车辆数=2.72
[Dashboard] Step 438/3600: 总车辆=193, 平均停车数=2.48, 平均车辆数=2.72
[Dashboard] Step 439/3600: 总车辆=196, 平均停车数=2.49, 平均车辆数=2.76
[Dashboard] Step 440/3600: 总车辆=195, 平均停车数=2.52, 平均车辆数=2.75
[Dashboard] Step 441/3600: 总车辆=193, 平均停车数=2.54, 平均车辆数=2.72
[Junction J038] 车辆=8, 拥堵度=0.55
[Dashboard] Step 442/3600: 总车辆=192, 平均停车数=2.56, 平均车辆数=2.70
[Dashboard] Step 443/3600: 总车辆=192, 平均停车数=2.58, 平均车辆数=2.70
[Dashboard] Step 444/3600: 总车辆=191, 平均停车数=2.56, 平均车辆数=2.69
[Dashboard] Step 445/3600: 总车辆=192, 平均停车数=2.56, 平均车辆数=2.70
[Dashboard] Step 446/3600: 总车辆=191, 平均停车数=2.55, 平均车辆数=2.69
[Dashboard] Step 447/3600: 总车辆=191, 平均停车数=2.56, 平均车辆数=2.69
[Dashboard] Step 448/3600: 总车辆=195, 平均停车数=2.58, 平均车辆数=2.75
[Dashboard] Step 449/3600: 总车辆=192, 平均停车数=2.58, 平均车辆数=2.70
[Dashboard] Step 450/3600: 总车辆=192, 平均停车数=2.58, 平均车辆数=2.70
[Dashboard] Step 451/3600: 总车辆=192, 平均停车数=2.58, 平均车辆数=2.70
[Junction J035] 车辆=9, 拥堵度=0.55
[Dashboard] Step 452/3600: 总车辆=189, 平均停车数=2.55, 平均车辆数=2.66
[Dashboard] Step 453/3600: 总车辆=191, 平均停车数=2.58, 平均车辆数=2.69
[Dashboard] Step 454/3600: 总车辆=191, 平均停车数=2.58, 平均车辆数=2.69
[Dashboard] Step 455/3600: 总车辆=192, 平均停车数=2.59, 平均车辆数=2.70
[Dashboard] Step 456/3600: 总车辆=194, 平均停车数=2.59, 平均车辆数=2.73
[Dashboard] Step 457/3600: 总车辆=196, 平均停车数=2.58, 平均车辆数=2.76
[Dashboard] Step 458/3600: 总车辆=196, 平均停车数=2.59, 平均车辆数=2.76
[Dashboard] Step 459/3600: 总车辆=198, 平均停车数=2.59, 平均车辆数=2.79
[Dashboard] Step 460/3600: 总车辆=197, 平均停车数=2.59, 平均车辆数=2.77
[Dashboard] Step 461/3600: 总车辆=197, 平均停车数=2.62, 平均车辆数=2.77
[Dashboard] Step 462/3600: 总车辆=195, 平均停车数=2.61, 平均车辆数=2.75
[Dashboard] Step 463/3600: 总车辆=198, 平均停车数=2.62, 平均车辆数=2.79
[Dashboard] Step 464/3600: 总车辆=199, 平均停车数=2.65, 平均车辆数=2.80
[Dashboard] Step 465/3600: 总车辆=198, 平均停车数=2.63, 平均车辆数=2.79
[Dashboard] Step 466/3600: 总车辆=199, 平均停车数=2.63, 平均车辆数=2.80
[Dashboard] Step 467/3600: 总车辆=196, 平均停车数=2.63, 平均车辆数=2.76
[Dashboard] Step 468/3600: 总车辆=196, 平均停车数=2.66, 平均车辆数=2.76
[Junction J037] 车辆=8, 拥堵度=0.55
[Dashboard] Step 469/3600: 总车辆=194, 平均停车数=2.65, 平均车辆数=2.73
[Junction J087] 车辆=6, 拥堵度=0.54
[Dashboard] Step 470/3600: 总车辆=196, 平均停车数=2.65, 平均车辆数=2.76
[Dashboard] Step 471/3600: 总车辆=199, 平均停车数=2.65, 平均车辆数=2.80
[Dashboard] Step 472/3600: 总车辆=198, 平均停车数=2.63, 平均车辆数=2.79
[Dashboard] Step 473/3600: 总车辆=198, 平均停车数=2.65, 平均车辆数=2.79
[Dashboard] Step 474/3600: 总车辆=196, 平均停车数=2.65, 平均车辆数=2.76
[Dashboard] Step 475/3600: 总车辆=194, 平均停车数=2.63, 平均车辆数=2.73
[Junction J066] 车辆=30, 拥堵度=0.68
[Dashboard] Step 476/3600: 总车辆=194, 平均停车数=2.62, 平均车辆数=2.73
[Dashboard] Step 477/3600: 总车辆=197, 平均停车数=2.62, 平均车辆数=2.77
[Dashboard] Step 478/3600: 总车辆=200, 平均停车数=2.61, 平均车辆数=2.82
[Dashboard] Step 479/3600: 总车辆=202, 平均停车数=2.61, 平均车辆数=2.85
[Dashboard] Step 480/3600: 总车辆=203, 平均停车数=2.61, 平均车辆数=2.86
[Dashboard] Step 481/3600: 总车辆=204, 平均停车数=2.59, 平均车辆数=2.87
[Dashboard] Step 482/3600: 总车辆=202, 平均停车数=2.62, 平均车辆数=2.85
[Dashboard] Step 483/3600: 总车辆=201, 平均停车数=2.63, 平均车辆数=2.83
[Dashboard] Step 484/3600: 总车辆=203, 平均停车数=2.66, 平均车辆数=2.86
[Dashboard] Step 485/3600: 总车辆=203, 平均停车数=2.69, 平均车辆数=2.86
[Dashboard] Step 486/3600: 总车辆=199, 平均停车数=2.69, 平均车辆数=2.80
[Dashboard] Step 487/3600: 总车辆=199, 平均停车数=2.69, 平均车辆数=2.80
[Dashboard] Step 488/3600: 总车辆=198, 平均停车数=2.68, 平均车辆数=2.79
[Dashboard] Step 489/3600: 总车辆=199, 平均停车数=2.69, 平均车辆数=2.80
[Dashboard] Step 490/3600: 总车辆=202, 平均停车数=2.70, 平均车辆数=2.85
[Dashboard] Step 491/3600: 总车辆=204, 平均停车数=2.70, 平均车辆数=2.87
[Dashboard] Step 492/3600: 总车辆=204, 平均停车数=2.70, 平均车辆数=2.87
[Dashboard] Step 493/3600: 总车辆=204, 平均停车数=2.73, 平均车辆数=2.87
[Junction J064] 车辆=6, 拥堵度=0.56
[Dashboard] Step 494/3600: 总车辆=209, 平均停车数=2.75, 平均车辆数=2.94
[Dashboard] Step 495/3600: 总车辆=210, 平均停车数=2.76, 平均车辆数=2.96
[Dashboard] Step 496/3600: 总车辆=211, 平均停车数=2.77, 平均车辆数=2.97
[Dashboard] Step 497/3600: 总车辆=211, 平均停车数=2.79, 平均车辆数=2.97
[Dashboard] Step 498/3600: 总车辆=210, 平均停车数=2.79, 平均车辆数=2.96
[Dashboard] Step 499/3600: 总车辆=209, 平均停车数=2.79, 平均车辆数=2.94
[Dashboard] Step 500/3600: 总车辆=209, 平均停车数=2.80, 平均车辆数=2.94
[Junction J073] 车辆=9, 拥堵度=0.55
[Dashboard] Step 501/3600: 总车辆=209, 平均停车数=2.80, 平均车辆数=2.94
[Dashboard] Step 502/3600: 总车辆=208, 平均停车数=2.80, 平均车辆数=2.93
[Junction J028] 车辆=5, 拥堵度=0.37
[Dashboard] Step 503/3600: 总车辆=210, 平均停车数=2.82, 平均车辆数=2.96
[Dashboard] Step 504/3600: 总车辆=210, 平均停车数=2.82, 平均车辆数=2.96
[Dashboard] Step 505/3600: 总车辆=210, 平均停车数=2.85, 平均车辆数=2.96
[Dashboard] Step 506/3600: 总车辆=213, 平均停车数=2.85, 平均车辆数=3.00
[Dashboard] Step 507/3600: 总车辆=213, 平均停车数=2.85, 平均车辆数=3.00
[Dashboard] Step 508/3600: 总车辆=213, 平均停车数=2.85, 平均车辆数=3.00
[Dashboard] Step 509/3600: 总车辆=211, 平均停车数=2.83, 平均车辆数=2.97
[Junction J011] 车辆=11, 拥堵度=0.57
[Dashboard] Step 510/3600: 总车辆=212, 平均停车数=2.87, 平均车辆数=2.99
[Dashboard] Step 511/3600: 总车辆=212, 平均停车数=2.89, 平均车辆数=2.99
[Dashboard] Step 512/3600: 总车辆=213, 平均停车数=2.87, 平均车辆数=3.00
[Dashboard] Step 513/3600: 总车辆=211, 平均停车数=2.87, 平均车辆数=2.97
[Junction J017] 车辆=14, 拥堵度=0.57
[Dashboard] Step 514/3600: 总车辆=212, 平均停车数=2.87, 平均车辆数=2.99
[Junction J006] 车辆=12, 拥堵度=0.53
[Dashboard] Step 515/3600: 总车辆=212, 平均停车数=2.87, 平均车辆数=2.99
[Dashboard] Step 516/3600: 总车辆=214, 平均停车数=2.87, 平均车辆数=3.01
[Dashboard] Step 517/3600: 总车辆=214, 平均停车数=2.89, 平均车辆数=3.01
[Junction J057] 车辆=7, 拥堵度=0.54
[Dashboard] Step 518/3600: 总车辆=213, 平均停车数=2.89, 平均车辆数=3.00
[Junction J005] 车辆=10, 拥堵度=0.60
[Dashboard] Step 519/3600: 总车辆=210, 平均停车数=2.89, 平均车辆数=2.96
[Dashboard] Step 520/3600: 总车辆=212, 平均停车数=2.89, 平均车辆数=2.99
[Dashboard] Step 521/3600: 总车辆=211, 平均停车数=2.89, 平均车辆数=2.97
[Dashboard] Step 522/3600: 总车辆=211, 平均停车数=2.89, 平均车辆数=2.97
[Junction J010] 车辆=11, 拥堵度=0.50
[Dashboard] Step 523/3600: 总车辆=212, 平均停车数=2.89, 平均车辆数=2.99
[Junction J016] 车辆=7, 拥堵度=0.54
[Dashboard] Step 524/3600: 总车辆=214, 平均停车数=2.89, 平均车辆数=3.01
[Dashboard] Step 525/3600: 总车辆=215, 平均停车数=2.90, 平均车辆数=3.03
[Dashboard] Step 526/3600: 总车辆=215, 平均停车数=2.89, 平均车辆数=3.03
[Dashboard] Step 527/3600: 总车辆=217, 平均停车数=2.90, 平均车辆数=3.06
[Dashboard] Step 528/3600: 总车辆=217, 平均停车数=2.93, 平均车辆数=3.06
[Dashboard] Step 529/3600: 总车辆=219, 平均停车数=2.93, 平均车辆数=3.08
[Junction J003] 车辆=5, 拥堵度=0.52
[Dashboard] Step 530/3600: 总车辆=219, 平均停车数=2.92, 平均车辆数=3.08
[Dashboard] Step 531/3600: 总车辆=218, 平均停车数=2.94, 平均车辆数=3.07
[Dashboard] Step 532/3600: 总车辆=220, 平均停车数=2.94, 平均车辆数=3.10
[Dashboard] Step 533/3600: 总车辆=222, 平均停车数=2.94, 平均车辆数=3.13
[Dashboard] Step 534/3600: 总车辆=221, 平均停车数=2.96, 平均车辆数=3.11
[Dashboard] Step 535/3600: 总车辆=221, 平均停车数=2.96, 平均车辆数=3.11
[Dashboard] Step 536/3600: 总车辆=217, 平均停车数=2.96, 平均车辆数=3.06
[Dashboard] Step 537/3600: 总车辆=220, 平均停车数=2.96, 平均车辆数=3.10
[Dashboard] Step 538/3600: 总车辆=221, 平均停车数=2.96, 平均车辆数=3.11
[Dashboard] Step 539/3600: 总车辆=221, 平均停车数=2.96, 平均车辆数=3.11
[Dashboard] Step 540/3600: 总车辆=223, 平均停车数=2.96, 平均车辆数=3.14
[Dashboard] Step 541/3600: 总车辆=223, 平均停车数=2.99, 平均车辆数=3.14
[Junction J038] 车辆=8, 拥堵度=0.55
[Dashboard] Step 542/3600: 总车辆=223, 平均停车数=3.00, 平均车辆数=3.14
[Dashboard] Step 543/3600: 总车辆=224, 平均停车数=3.01, 平均车辆数=3.15
[Junction J060] 车辆=5, 拥堵度=0.18
[Dashboard] Step 544/3600: 总车辆=228, 平均停车数=3.01, 平均车辆数=3.21
[Dashboard] Step 545/3600: 总车辆=231, 平均停车数=3.01, 平均车辆数=3.25
[Dashboard] Step 546/3600: 总车辆=233, 平均停车数=3.01, 平均车辆数=3.28
[Dashboard] Step 547/3600: 总车辆=231, 平均停车数=3.03, 平均车辆数=3.25
[Dashboard] Step 548/3600: 总车辆=229, 平均停车数=3.04, 平均车辆数=3.23
[Dashboard] Step 549/3600: 总车辆=230, 平均停车数=3.07, 平均车辆数=3.24
[Dashboard] Step 550/3600: 总车辆=232, 平均停车数=3.08, 平均车辆数=3.27
[Dashboard] Step 551/3600: 总车辆=232, 平均停车数=3.08, 平均车辆数=3.27
[Junction J035] 车辆=13, 拥堵度=0.58
[Dashboard] Step 552/3600: 总车辆=232, 平均停车数=3.10, 平均车辆数=3.27
[Dashboard] Step 553/3600: 总车辆=233, 平均停车数=3.08, 平均车辆数=3.28
[Dashboard] Step 554/3600: 总车辆=232, 平均停车数=3.10, 平均车辆数=3.27
[Dashboard] Step 555/3600: 总车辆=231, 平均停车数=3.11, 平均车辆数=3.25
[Dashboard] Step 556/3600: 总车辆=232, 平均停车数=3.13, 平均车辆数=3.27
[Dashboard] Step 557/3600: 总车辆=233, 平均停车数=3.14, 平均车辆数=3.28
[Dashboard] Step 558/3600: 总车辆=235, 平均停车数=3.18, 平均车辆数=3.31
[Dashboard] Step 559/3600: 总车辆=237, 平均停车数=3.20, 平均车辆数=3.34
[Dashboard] Step 560/3600: 总车辆=236, 平均停车数=3.20, 平均车辆数=3.32
[Dashboard] Step 561/3600: 总车辆=237, 平均停车数=3.21, 平均车辆数=3.34
[Dashboard] Step 562/3600: 总车辆=237, 平均停车数=3.21, 平均车辆数=3.34
[Dashboard] Step 563/3600: 总车辆=237, 平均停车数=3.23, 平均车辆数=3.34
[Dashboard] Step 564/3600: 总车辆=238, 平均停车数=3.24, 平均车辆数=3.35
[Dashboard] Step 565/3600: 总车辆=240, 平均停车数=3.24, 平均车辆数=3.38
[Dashboard] Step 566/3600: 总车辆=237, 平均停车数=3.24, 平均车辆数=3.34
[Dashboard] Step 567/3600: 总车辆=238, 平均停车数=3.23, 平均车辆数=3.35
[Dashboard] Step 568/3600: 总车辆=239, 平均停车数=3.23, 平均车辆数=3.37
[Junction J037] 车辆=10, 拥堵度=0.56
[Dashboard] Step 569/3600: 总车辆=240, 平均停车数=3.24, 平均车辆数=3.38
[Junction J087] 车辆=9, 拥堵度=0.55
[Dashboard] Step 570/3600: 总车辆=241, 平均停车数=3.24, 平均车辆数=3.39
[Dashboard] Step 571/3600: 总车辆=242, 平均停车数=3.27, 平均车辆数=3.41
[Dashboard] Step 572/3600: 总车辆=243, 平均停车数=3.27, 平均车辆数=3.42
[Dashboard] Step 573/3600: 总车辆=242, 平均停车数=3.28, 平均车辆数=3.41
[Dashboard] Step 574/3600: 总车辆=243, 平均停车数=3.28, 平均车辆数=3.42
[Junction J056] 车辆=10, 拥堵度=0.41
[Dashboard] Step 575/3600: 总车辆=244, 平均停车数=3.30, 平均车辆数=3.44
[Junction J066] 车辆=36, 拥堵度=0.79
[Dashboard] Step 576/3600: 总车辆=241, 平均停车数=3.30, 平均车辆数=3.39
[Dashboard] Step 577/3600: 总车辆=240, 平均停车数=3.28, 平均车辆数=3.38
[Dashboard] Step 578/3600: 总车辆=243, 平均停车数=3.28, 平均车辆数=3.42
[Dashboard] Step 579/3600: 总车辆=244, 平均停车数=3.28, 平均车辆数=3.44
[Dashboard] Step 580/3600: 总车辆=244, 平均停车数=3.28, 平均车辆数=3.44
[Dashboard] Step 581/3600: 总车辆=242, 平均停车数=3.28, 平均车辆数=3.41
[Dashboard] Step 582/3600: 总车辆=243, 平均停车数=3.28, 平均车辆数=3.42
[Dashboard] Step 583/3600: 总车辆=246, 平均停车数=3.30, 平均车辆数=3.46
[Dashboard] Step 584/3600: 总车辆=248, 平均停车数=3.30, 平均车辆数=3.49
[Junction J072] 车辆=6, 拥堵度=0.54
[Dashboard] Step 585/3600: 总车辆=248, 平均停车数=3.30, 平均车辆数=3.49
[Dashboard] Step 586/3600: 总车辆=249, 平均停车数=3.31, 平均车辆数=3.51
[Dashboard] Step 587/3600: 总车辆=250, 平均停车数=3.31, 平均车辆数=3.52
[Dashboard] Step 588/3600: 总车辆=251, 平均停车数=3.31, 平均车辆数=3.54
[Dashboard] Step 589/3600: 总车辆=248, 平均停车数=3.30, 平均车辆数=3.49
[Dashboard] Step 590/3600: 总车辆=246, 平均停车数=3.32, 平均车辆数=3.46
[Dashboard] Step 591/3600: 总车辆=243, 平均停车数=3.32, 平均车辆数=3.42
[Dashboard] Step 592/3600: 总车辆=247, 平均停车数=3.32, 平均车辆数=3.48
[Dashboard] Step 593/3600: 总车辆=247, 平均停车数=3.34, 平均车辆数=3.48
[Junction J064] 车辆=7, 拥堵度=0.57
[Dashboard] Step 594/3600: 总车辆=250, 平均停车数=3.35, 平均车辆数=3.52
[Dashboard] Step 595/3600: 总车辆=253, 平均停车数=3.35, 平均车辆数=3.56
[Junction J015] 车辆=8, 拥堵度=0.54
[Dashboard] Step 596/3600: 总车辆=251, 平均停车数=3.38, 平均车辆数=3.54
[Dashboard] Step 597/3600: 总车辆=250, 平均停车数=3.38, 平均车辆数=3.52
[Dashboard] Step 598/3600: 总车辆=251, 平均停车数=3.38, 平均车辆数=3.54
[Dashboard] Step 599/3600: 总车辆=252, 平均停车数=3.38, 平均车辆数=3.55
[Dashboard] Step 600/3600: 总车辆=251, 平均停车数=3.41, 平均车辆数=3.54
[Junction J073] 车辆=12, 拥堵度=0.57
[Dashboard] Step 601/3600: 总车辆=251, 平均停车数=3.41, 平均车辆数=3.54
[Dashboard] Step 602/3600: 总车辆=251, 平均停车数=3.42, 平均车辆数=3.54
[Dashboard] Step 603/3600: 总车辆=251, 平均停车数=3.42, 平均车辆数=3.54
[Dashboard] Step 604/3600: 总车辆=251, 平均停车数=3.42, 平均车辆数=3.54
[Dashboard] Step 605/3600: 总车辆=252, 平均停车数=3.42, 平均车辆数=3.55
[Dashboard] Step 606/3600: 总车辆=252, 平均停车数=3.42, 平均车辆数=3.55
[Dashboard] Step 607/3600: 总车辆=253, 平均停车数=3.42, 平均车辆数=3.56
[Dashboard] Step 608/3600: 总车辆=253, 平均停车数=3.42, 平均车辆数=3.56
[Dashboard] Step 609/3600: 总车辆=253, 平均停车数=3.45, 平均车辆数=3.56
[Junction J011] 车辆=11, 拥堵度=0.57
[Dashboard] Step 610/3600: 总车辆=252, 平均停车数=3.45, 平均车辆数=3.55
[Dashboard] Step 611/3600: 总车辆=252, 平均停车数=3.45, 平均车辆数=3.55
[Dashboard] Step 612/3600: 总车辆=253, 平均停车数=3.45, 平均车辆数=3.56
[Dashboard] Step 613/3600: 总车辆=253, 平均停车数=3.45, 平均车辆数=3.56
[Junction J017] 车辆=16, 拥堵度=0.51
[Dashboard] Step 614/3600: 总车辆=251, 平均停车数=3.46, 平均车辆数=3.54
[Junction J006] 车辆=14, 拥堵度=0.58
[Dashboard] Step 615/3600: 总车辆=252, 平均停车数=3.46, 平均车辆数=3.55
[Dashboard] Step 616/3600: 总车辆=252, 平均停车数=3.46, 平均车辆数=3.55
[Dashboard] Step 617/3600: 总车辆=251, 平均停车数=3.46, 平均车辆数=3.54
[Junction J057] 车辆=10, 拥堵度=0.56
[Dashboard] Step 618/3600: 总车辆=250, 平均停车数=3.46, 平均车辆数=3.52
[Junction J005] 车辆=15, 拥堵度=0.51
[Dashboard] Step 619/3600: 总车辆=249, 平均停车数=3.46, 平均车辆数=3.51
[Dashboard] Step 620/3600: 总车辆=250, 平均停车数=3.46, 平均车辆数=3.52
[Dashboard] Step 621/3600: 总车辆=249, 平均停车数=3.46, 平均车辆数=3.51
[Dashboard] Step 622/3600: 总车辆=249, 平均停车数=3.46, 平均车辆数=3.51
[Junction J010] 车辆=13, 拥堵度=0.57
[Dashboard] Step 623/3600: 总车辆=250, 平均停车数=3.46, 平均车辆数=3.52
[Junction J016] 车辆=8, 拥堵度=0.48
[Dashboard] Step 624/3600: 总车辆=252, 平均停车数=3.46, 平均车辆数=3.55
[Dashboard] Step 625/3600: 总车辆=251, 平均停车数=3.46, 平均车辆数=3.54
[Dashboard] Step 626/3600: 总车辆=250, 平均停车数=3.48, 平均车辆数=3.52
[Dashboard] Step 627/3600: 总车辆=250, 平均停车数=3.48, 平均车辆数=3.52
[Dashboard] Step 628/3600: 总车辆=250, 平均停车数=3.48, 平均车辆数=3.52
[Dashboard] Step 629/3600: 总车辆=251, 平均停车数=3.48, 平均车辆数=3.54
[Junction J003] 车辆=6, 拥堵度=0.53
[Dashboard] Step 630/3600: 总车辆=251, 平均停车数=3.46, 平均车辆数=3.54
[Dashboard] Step 631/3600: 总车辆=250, 平均停车数=3.46, 平均车辆数=3.52
[Dashboard] Step 632/3600: 总车辆=253, 平均停车数=3.46, 平均车辆数=3.56
[Dashboard] Step 633/3600: 总车辆=252, 平均停车数=3.48, 平均车辆数=3.55
[Dashboard] Step 634/3600: 总车辆=255, 平均停车数=3.49, 平均车辆数=3.59
[Dashboard] Step 635/3600: 总车辆=257, 平均停车数=3.49, 平均车辆数=3.62
[Dashboard] Step 636/3600: 总车辆=259, 平均停车数=3.49, 平均车辆数=3.65
[Dashboard] Step 637/3600: 总车辆=261, 平均停车数=3.49, 平均车辆数=3.68
[Dashboard] Step 638/3600: 总车辆=261, 平均停车数=3.49, 平均车辆数=3.68
[Dashboard] Step 639/3600: 总车辆=258, 平均停车数=3.49, 平均车辆数=3.63
[Junction J028] 车辆=6, 拥堵度=0.52
[Dashboard] Step 640/3600: 总车辆=258, 平均停车数=3.51, 平均车辆数=3.63
[Dashboard] Step 641/3600: 总车辆=258, 平均停车数=3.49, 平均车辆数=3.63
[Junction J081] 车辆=5, 拥堵度=0.47
[Junction J038] 车辆=11, 拥堵度=0.54
[Dashboard] Step 642/3600: 总车辆=260, 平均停车数=3.49, 平均车辆数=3.66
[Dashboard] Step 643/3600: 总车辆=261, 平均停车数=3.51, 平均车辆数=3.68
[Dashboard] Step 644/3600: 总车辆=263, 平均停车数=3.49, 平均车辆数=3.70
[Dashboard] Step 645/3600: 总车辆=262, 平均停车数=3.51, 平均车辆数=3.69
[Dashboard] Step 646/3600: 总车辆=262, 平均停车数=3.54, 平均车辆数=3.69
[Dashboard] Step 647/3600: 总车辆=261, 平均停车数=3.52, 平均车辆数=3.68
[Dashboard] Step 648/3600: 总车辆=260, 平均停车数=3.51, 平均车辆数=3.66
[Dashboard] Step 649/3600: 总车辆=262, 平均停车数=3.52, 平均车辆数=3.69
[Dashboard] Step 650/3600: 总车辆=261, 平均停车数=3.52, 平均车辆数=3.68
[Dashboard] Step 651/3600: 总车辆=260, 平均停车数=3.54, 平均车辆数=3.66
[Junction J035] 车辆=13, 拥堵度=0.58
[Dashboard] Step 652/3600: 总车辆=260, 平均停车数=3.54, 平均车辆数=3.66
[Dashboard] Step 653/3600: 总车辆=257, 平均停车数=3.51, 平均车辆数=3.62
[Dashboard] Step 654/3600: 总车辆=258, 平均停车数=3.52, 平均车辆数=3.63
[Dashboard] Step 655/3600: 总车辆=259, 平均停车数=3.52, 平均车辆数=3.65
[Dashboard] Step 656/3600: 总车辆=259, 平均停车数=3.52, 平均车辆数=3.65
[Dashboard] Step 657/3600: 总车辆=260, 平均停车数=3.55, 平均车辆数=3.66
[Dashboard] Step 658/3600: 总车辆=262, 平均停车数=3.56, 平均车辆数=3.69
[Dashboard] Step 659/3600: 总车辆=263, 平均停车数=3.56, 平均车辆数=3.70
[Dashboard] Step 660/3600: 总车辆=266, 平均停车数=3.58, 平均车辆数=3.75
[Dashboard] Step 661/3600: 总车辆=266, 平均停车数=3.58, 平均车辆数=3.75
[Dashboard] Step 662/3600: 总车辆=266, 平均停车数=3.58, 平均车辆数=3.75
[Dashboard] Step 663/3600: 总车辆=264, 平均停车数=3.58, 平均车辆数=3.72
[Dashboard] Step 664/3600: 总车辆=262, 平均停车数=3.55, 平均车辆数=3.69
[Dashboard] Step 665/3600: 总车辆=264, 平均停车数=3.55, 平均车辆数=3.72
[Dashboard] Step 666/3600: 总车辆=260, 平均停车数=3.55, 平均车辆数=3.66
[Dashboard] Step 667/3600: 总车辆=262, 平均停车数=3.55, 平均车辆数=3.69
[Dashboard] Step 668/3600: 总车辆=261, 平均停车数=3.56, 平均车辆数=3.68
[Junction J037] 车辆=11, 拥堵度=0.50
[Dashboard] Step 669/3600: 总车辆=261, 平均停车数=3.55, 平均车辆数=3.68
[Junction J087] 车辆=10, 拥堵度=0.56
[Dashboard] Step 670/3600: 总车辆=260, 平均停车数=3.54, 平均车辆数=3.66
[Dashboard] Step 671/3600: 总车辆=259, 平均停车数=3.54, 平均车辆数=3.65
[Dashboard] Step 672/3600: 总车辆=259, 平均停车数=3.55, 平均车辆数=3.65
[Dashboard] Step 673/3600: 总车辆=259, 平均停车数=3.56, 平均车辆数=3.65
[Dashboard] Step 674/3600: 总车辆=257, 平均停车数=3.55, 平均车辆数=3.62
[Junction J056] 车辆=9, 拥堵度=0.50
[Dashboard] Step 675/3600: 总车辆=259, 平均停车数=3.55, 平均车辆数=3.65
[Junction J066] 车辆=39, 拥堵度=0.80
[Dashboard] Step 676/3600: 总车辆=259, 平均停车数=3.55, 平均车辆数=3.65
[Dashboard] Step 677/3600: 总车辆=260, 平均停车数=3.55, 平均车辆数=3.66
[Dashboard] Step 678/3600: 总车辆=261, 平均停车数=3.54, 平均车辆数=3.68
[Dashboard] Step 679/3600: 总车辆=261, 平均停车数=3.54, 平均车辆数=3.68
[Dashboard] Step 680/3600: 总车辆=262, 平均停车数=3.55, 平均车辆数=3.69
[Dashboard] Step 681/3600: 总车辆=261, 平均停车数=3.55, 平均车辆数=3.68
[Dashboard] Step 682/3600: 总车辆=262, 平均停车数=3.56, 平均车辆数=3.69
[Dashboard] Step 683/3600: 总车辆=262, 平均停车数=3.58, 平均车辆数=3.69
[Dashboard] Step 684/3600: 总车辆=263, 平均停车数=3.59, 平均车辆数=3.70
[Junction J072] 车辆=5, 拥堵度=0.53
[Dashboard] Step 685/3600: 总车辆=265, 平均停车数=3.62, 平均车辆数=3.73
[Dashboard] Step 686/3600: 总车辆=269, 平均停车数=3.62, 平均车辆数=3.79
[Dashboard] Step 687/3600: 总车辆=269, 平均停车数=3.61, 平均车辆数=3.79
[Dashboard] Step 688/3600: 总车辆=271, 平均停车数=3.59, 平均车辆数=3.82
[Dashboard] Step 689/3600: 总车辆=273, 平均停车数=3.59, 平均车辆数=3.85
[Dashboard] Step 690/3600: 总车辆=272, 平均停车数=3.61, 平均车辆数=3.83
[Dashboard] Step 691/3600: 总车辆=269, 平均停车数=3.61, 平均车辆数=3.79
[Dashboard] Step 692/3600: 总车辆=268, 平均停车数=3.61, 平均车辆数=3.77
[Dashboard] Step 693/3600: 总车辆=267, 平均停车数=3.63, 平均车辆数=3.76
[Junction J064] 车辆=8, 拥堵度=0.44
[Dashboard] Step 694/3600: 总车辆=266, 平均停车数=3.63, 平均车辆数=3.75
[Dashboard] Step 695/3600: 总车辆=266, 平均停车数=3.65, 平均车辆数=3.75
[Junction J015] 车辆=9, 拥堵度=0.54
[Dashboard] Step 696/3600: 总车辆=266, 平均停车数=3.65, 平均车辆数=3.75
[Dashboard] Step 697/3600: 总车辆=268, 平均停车数=3.65, 平均车辆数=3.77
[Dashboard] Step 698/3600: 总车辆=267, 平均停车数=3.63, 平均车辆数=3.76
[Dashboard] Step 699/3600: 总车辆=265, 平均停车数=3.63, 平均车辆数=3.73
[Dashboard] Step 700/3600: 总车辆=264, 平均停车数=3.63, 平均车辆数=3.72
[Junction J073] 车辆=13, 拥堵度=0.58
[Dashboard] Step 701/3600: 总车辆=267, 平均停车数=3.63, 平均车辆数=3.76
[Dashboard] Step 702/3600: 总车辆=264, 平均停车数=3.62, 平均车辆数=3.72
[Dashboard] Step 703/3600: 总车辆=264, 平均停车数=3.62, 平均车辆数=3.72
[Dashboard] Step 704/3600: 总车辆=265, 平均停车数=3.62, 平均车辆数=3.73
[Dashboard] Step 705/3600: 总车辆=267, 平均停车数=3.62, 平均车辆数=3.76
[Dashboard] Step 706/3600: 总车辆=268, 平均停车数=3.63, 平均车辆数=3.77
[Dashboard] Step 707/3600: 总车辆=270, 平均停车数=3.63, 平均车辆数=3.80
[Dashboard] Step 708/3600: 总车辆=271, 平均停车数=3.65, 平均车辆数=3.82
[Dashboard] Step 709/3600: 总车辆=274, 平均停车数=3.65, 平均车辆数=3.86
[Junction J011] 车辆=11, 拥堵度=0.57
[Dashboard] Step 710/3600: 总车辆=274, 平均停车数=3.65, 平均车辆数=3.86
[Dashboard] Step 711/3600: 总车辆=271, 平均停车数=3.62, 平均车辆数=3.82
[Dashboard] Step 712/3600: 总车辆=268, 平均停车数=3.62, 平均车辆数=3.77
[Dashboard] Step 713/3600: 总车辆=268, 平均停车数=3.62, 平均车辆数=3.77
[Junction J017] 车辆=15, 拥堵度=0.57
[Dashboard] Step 714/3600: 总车辆=265, 平均停车数=3.62, 平均车辆数=3.73
[Junction J006] 车辆=19, 拥堵度=0.56
[Dashboard] Step 715/3600: 总车辆=264, 平均停车数=3.62, 平均车辆数=3.72
[Dashboard] Step 716/3600: 总车辆=264, 平均停车数=3.62, 平均车辆数=3.72
[Dashboard] Step 717/3600: 总车辆=265, 平均停车数=3.62, 平均车辆数=3.73
[Junction J057] 车辆=10, 拥堵度=0.56
[Dashboard] Step 718/3600: 总车辆=266, 平均停车数=3.63, 平均车辆数=3.75
[Junction J005] 车辆=16, 拥堵度=0.65
[Dashboard] Step 719/3600: 总车辆=265, 平均停车数=3.65, 平均车辆数=3.73
[Dashboard] Step 720/3600: 总车辆=268, 平均停车数=3.65, 平均车辆数=3.77
[Dashboard] Step 721/3600: 总车辆=270, 平均停车数=3.65, 平均车辆数=3.80
[Dashboard] Step 722/3600: 总车辆=274, 平均停车数=3.65, 平均车辆数=3.86
[Junction J010] 车辆=11, 拥堵度=0.56
[Dashboard] Step 723/3600: 总车辆=275, 平均停车数=3.65, 平均车辆数=3.87
[Junction J016] 车辆=7, 拥堵度=0.54
[Dashboard] Step 724/3600: 总车辆=270, 平均停车数=3.63, 平均车辆数=3.80
[Dashboard] Step 725/3600: 总车辆=273, 平均停车数=3.66, 平均车辆数=3.85
[Dashboard] Step 726/3600: 总车辆=271, 平均停车数=3.65, 平均车辆数=3.82
[Dashboard] Step 727/3600: 总车辆=268, 平均停车数=3.63, 平均车辆数=3.77
[Dashboard] Step 728/3600: 总车辆=265, 平均停车数=3.62, 平均车辆数=3.73
[Dashboard] Step 729/3600: 总车辆=266, 平均停车数=3.61, 平均车辆数=3.75
[Junction J003] 车辆=6, 拥堵度=0.53
[Dashboard] Step 730/3600: 总车辆=266, 平均停车数=3.61, 平均车辆数=3.75
[Dashboard] Step 731/3600: 总车辆=267, 平均停车数=3.62, 平均车辆数=3.76
[Dashboard] Step 732/3600: 总车辆=269, 平均停车数=3.62, 平均车辆数=3.79
[Dashboard] Step 733/3600: 总车辆=272, 平均停车数=3.63, 平均车辆数=3.83
[Dashboard] Step 734/3600: 总车辆=271, 平均停车数=3.63, 平均车辆数=3.82
[Dashboard] Step 735/3600: 总车辆=271, 平均停车数=3.63, 平均车辆数=3.82
[Dashboard] Step 736/3600: 总车辆=273, 平均停车数=3.65, 平均车辆数=3.85
[Dashboard] Step 737/3600: 总车辆=274, 平均停车数=3.65, 平均车辆数=3.86
[Dashboard] Step 738/3600: 总车辆=273, 平均停车数=3.66, 平均车辆数=3.85
[Dashboard] Step 739/3600: 总车辆=273, 平均停车数=3.66, 平均车辆数=3.85
[Junction J028] 车辆=7, 拥堵度=0.53
[Dashboard] Step 740/3600: 总车辆=272, 平均停车数=3.66, 平均车辆数=3.83
[Dashboard] Step 741/3600: 总车辆=272, 平均停车数=3.66, 平均车辆数=3.83
[Junction J038] 车辆=12, 拥堵度=0.49
[Dashboard] Step 742/3600: 总车辆=271, 平均停车数=3.68, 平均车辆数=3.82
[Dashboard] Step 743/3600: 总车辆=271, 平均停车数=3.68, 平均车辆数=3.82
[Dashboard] Step 744/3600: 总车辆=271, 平均停车数=3.66, 平均车辆数=3.82
[Dashboard] Step 745/3600: 总车辆=271, 平均停车数=3.66, 平均车辆数=3.82
[Dashboard] Step 746/3600: 总车辆=271, 平均停车数=3.66, 平均车辆数=3.82
[Dashboard] Step 747/3600: 总车辆=270, 平均停车数=3.66, 平均车辆数=3.80
[Dashboard] Step 748/3600: 总车辆=269, 平均停车数=3.66, 平均车辆数=3.79
[Dashboard] Step 749/3600: 总车辆=269, 平均停车数=3.66, 平均车辆数=3.79
[Dashboard] Step 750/3600: 总车辆=268, 平均停车数=3.68, 平均车辆数=3.77
[Dashboard] Step 751/3600: 总车辆=268, 平均停车数=3.68, 平均车辆数=3.77
[Junction J035] 车辆=13, 拥堵度=0.58
[Dashboard] Step 752/3600: 总车辆=268, 平均停车数=3.68, 平均车辆数=3.77
[Dashboard] Step 753/3600: 总车辆=269, 平均停车数=3.68, 平均车辆数=3.79
[Dashboard] Step 754/3600: 总车辆=271, 平均停车数=3.68, 平均车辆数=3.82
[Dashboard] Step 755/3600: 总车辆=269, 平均停车数=3.68, 平均车辆数=3.79
[Dashboard] Step 756/3600: 总车辆=268, 平均停车数=3.68, 平均车辆数=3.77
[Dashboard] Step 757/3600: 总车辆=270, 平均停车数=3.66, 平均车辆数=3.80
[Dashboard] Step 758/3600: 总车辆=268, 平均停车数=3.65, 平均车辆数=3.77
[Dashboard] Step 759/3600: 总车辆=268, 平均停车数=3.65, 平均车辆数=3.77
[Dashboard] Step 760/3600: 总车辆=271, 平均停车数=3.66, 平均车辆数=3.82
[Dashboard] Step 761/3600: 总车辆=274, 平均停车数=3.66, 平均车辆数=3.86
[Dashboard] Step 762/3600: 总车辆=274, 平均停车数=3.68, 平均车辆数=3.86
[Dashboard] Step 763/3600: 总车辆=274, 平均停车数=3.68, 平均车辆数=3.86
[Dashboard] Step 764/3600: 总车辆=277, 平均停车数=3.68, 平均车辆数=3.90
[Dashboard] Step 765/3600: 总车辆=279, 平均停车数=3.69, 平均车辆数=3.93
[Dashboard] Step 766/3600: 总车辆=277, 平均停车数=3.69, 平均车辆数=3.90
[Dashboard] Step 767/3600: 总车辆=279, 平均停车数=3.70, 平均车辆数=3.93
[Dashboard] Step 768/3600: 总车辆=278, 平均停车数=3.69, 平均车辆数=3.92
[Junction J037] 车辆=10, 拥堵度=0.42
[Dashboard] Step 769/3600: 总车辆=280, 平均停车数=3.69, 平均车辆数=3.94
[Junction J087] 车辆=11, 拥堵度=0.57
[Dashboard] Step 770/3600: 总车辆=281, 平均停车数=3.70, 平均车辆数=3.96
[Dashboard] Step 771/3600: 总车辆=280, 平均停车数=3.70, 平均车辆数=3.94
[Dashboard] Step 772/3600: 总车辆=279, 平均停车数=3.70, 平均车辆数=3.93
[Dashboard] Step 773/3600: 总车辆=280, 平均停车数=3.70, 平均车辆数=3.94
[Dashboard] Step 774/3600: 总车辆=275, 平均停车数=3.70, 平均车辆数=3.87
[Junction J056] 车辆=12, 拥堵度=0.44
[Dashboard] Step 775/3600: 总车辆=273, 平均停车数=3.70, 平均车辆数=3.85
[Junction J066] 车辆=39, 拥堵度=0.81
[Dashboard] Step 776/3600: 总车辆=274, 平均停车数=3.72, 平均车辆数=3.86
[Dashboard] Step 777/3600: 总车辆=272, 平均停车数=3.72, 平均车辆数=3.83
[Dashboard] Step 778/3600: 总车辆=271, 平均停车数=3.69, 平均车辆数=3.82
[Dashboard] Step 779/3600: 总车辆=271, 平均停车数=3.69, 平均车辆数=3.82
[Dashboard] Step 780/3600: 总车辆=274, 平均停车数=3.68, 平均车辆数=3.86
[Dashboard] Step 781/3600: 总车辆=274, 平均停车数=3.68, 平均车辆数=3.86
[Dashboard] Step 782/3600: 总车辆=276, 平均停车数=3.68, 平均车辆数=3.89
[Dashboard] Step 783/3600: 总车辆=277, 平均停车数=3.66, 平均车辆数=3.90
[Junction J008] 车辆=5, 拥堵度=0.40
[Dashboard] Step 784/3600: 总车辆=279, 平均停车数=3.68, 平均车辆数=3.93
[Junction J072] 车辆=5, 拥堵度=0.53
[Dashboard] Step 785/3600: 总车辆=277, 平均停车数=3.69, 平均车辆数=3.90
[Dashboard] Step 786/3600: 总车辆=276, 平均停车数=3.69, 平均车辆数=3.89
[Dashboard] Step 787/3600: 总车辆=277, 平均停车数=3.69, 平均车辆数=3.90
[Dashboard] Step 788/3600: 总车辆=277, 平均停车数=3.70, 平均车辆数=3.90
[Dashboard] Step 789/3600: 总车辆=276, 平均停车数=3.72, 平均车辆数=3.89
[Junction J032] 车辆=5, 拥堵度=0.30
[Dashboard] Step 790/3600: 总车辆=276, 平均停车数=3.75, 平均车辆数=3.89
[Dashboard] Step 791/3600: 总车辆=277, 平均停车数=3.75, 平均车辆数=3.90
[Dashboard] Step 792/3600: 总车辆=276, 平均停车数=3.75, 平均车辆数=3.89
[Dashboard] Step 793/3600: 总车辆=279, 平均停车数=3.75, 平均车辆数=3.93
[Junction J064] 车辆=9, 拥堵度=0.59
[Dashboard] Step 794/3600: 总车辆=279, 平均停车数=3.73, 平均车辆数=3.93
[Dashboard] Step 795/3600: 总车辆=278, 平均停车数=3.73, 平均车辆数=3.92
[Junction J015] 车辆=11, 拥堵度=0.55
[Dashboard] Step 796/3600: 总车辆=281, 平均停车数=3.75, 平均车辆数=3.96
[Dashboard] Step 797/3600: 总车辆=281, 平均停车数=3.75, 平均车辆数=3.96
[Dashboard] Step 798/3600: 总车辆=281, 平均停车数=3.77, 平均车辆数=3.96
[Dashboard] Step 799/3600: 总车辆=283, 平均停车数=3.77, 平均车辆数=3.99
[Dashboard] Step 800/3600: 总车辆=282, 平均停车数=3.77, 平均车辆数=3.97
[Junction J073] 车辆=10, 拥堵度=0.56
[Dashboard] Step 801/3600: 总车辆=281, 平均停车数=3.79, 平均车辆数=3.96
[Dashboard] Step 802/3600: 总车辆=281, 平均停车数=3.80, 平均车辆数=3.96
[Dashboard] Step 803/3600: 总车辆=282, 平均停车数=3.82, 平均车辆数=3.97
[Dashboard] Step 804/3600: 总车辆=282, 平均停车数=3.83, 平均车辆数=3.97
[Dashboard] Step 805/3600: 总车辆=283, 平均停车数=3.83, 平均车辆数=3.99
[Dashboard] Step 806/3600: 总车辆=283, 平均停车数=3.83, 平均车辆数=3.99
[Dashboard] Step 807/3600: 总车辆=285, 平均停车数=3.85, 平均车辆数=4.01
[Dashboard] Step 808/3600: 总车辆=285, 平均停车数=3.86, 平均车辆数=4.01
[Dashboard] Step 809/3600: 总车辆=284, 平均停车数=3.86, 平均车辆数=4.00
[Junction J011] 车辆=11, 拥堵度=0.57
[Dashboard] Step 810/3600: 总车辆=286, 平均停车数=3.87, 平均车辆数=4.03
[Dashboard] Step 811/3600: 总车辆=287, 平均停车数=3.89, 平均车辆数=4.04
[Dashboard] Step 812/3600: 总车辆=285, 平均停车数=3.89, 平均车辆数=4.01
[Dashboard] Step 813/3600: 总车辆=283, 平均停车数=3.87, 平均车辆数=3.99
[Junction J017] 车辆=16, 拥堵度=0.58
[Dashboard] Step 814/3600: 总车辆=284, 平均停车数=3.89, 平均车辆数=4.00
[Junction J006] 车辆=21, 拥堵度=0.61
[Dashboard] Step 815/3600: 总车辆=282, 平均停车数=3.90, 平均车辆数=3.97
[Dashboard] Step 816/3600: 总车辆=282, 平均停车数=3.90, 平均车辆数=3.97
[Dashboard] Step 817/3600: 总车辆=281, 平均停车数=3.90, 平均车辆数=3.96
[Junction J057] 车辆=14, 拥堵度=0.58
[Dashboard] Step 818/3600: 总车辆=282, 平均停车数=3.90, 平均车辆数=3.97
[Junction J005] 车辆=17, 拥堵度=0.66
[Dashboard] Step 819/3600: 总车辆=279, 平均停车数=3.89, 平均车辆数=3.93
[Dashboard] Step 820/3600: 总车辆=279, 平均停车数=3.90, 平均车辆数=3.93
[Dashboard] Step 821/3600: 总车辆=281, 平均停车数=3.90, 平均车辆数=3.96
[Dashboard] Step 822/3600: 总车辆=280, 平均停车数=3.89, 平均车辆数=3.94
[Junction J010] 车辆=12, 拥堵度=0.56
[Dashboard] Step 823/3600: 总车辆=280, 平均停车数=3.87, 平均车辆数=3.94
[Junction J016] 车辆=5, 拥堵度=0.53
[Dashboard] Step 824/3600: 总车辆=279, 平均停车数=3.87, 平均车辆数=3.93
[Dashboard] Step 825/3600: 总车辆=282, 平均停车数=3.87, 平均车辆数=3.97
[Dashboard] Step 826/3600: 总车辆=283, 平均停车数=3.87, 平均车辆数=3.99
[Dashboard] Step 827/3600: 总车辆=283, 平均停车数=3.87, 平均车辆数=3.99
[Dashboard] Step 828/3600: 总车辆=284, 平均停车数=3.86, 平均车辆数=4.00
[Dashboard] Step 829/3600: 总车辆=284, 平均停车数=3.87, 平均车辆数=4.00
[Junction J003] 车辆=6, 拥堵度=0.39
[Dashboard] Step 830/3600: 总车辆=287, 平均停车数=3.89, 平均车辆数=4.04
[Dashboard] Step 831/3600: 总车辆=287, 平均停车数=3.87, 平均车辆数=4.04
[Dashboard] Step 832/3600: 总车辆=287, 平均停车数=3.87, 平均车辆数=4.04
[Dashboard] Step 833/3600: 总车辆=285, 平均停车数=3.87, 平均车辆数=4.01
[Dashboard] Step 834/3600: 总车辆=287, 平均停车数=3.89, 平均车辆数=4.04
[Dashboard] Step 835/3600: 总车辆=290, 平均停车数=3.89, 平均车辆数=4.08
[Dashboard] Step 836/3600: 总车辆=289, 平均停车数=3.87, 平均车辆数=4.07
[Dashboard] Step 837/3600: 总车辆=288, 平均停车数=3.89, 平均车辆数=4.06
[Dashboard] Step 838/3600: 总车辆=290, 平均停车数=3.89, 平均车辆数=4.08
[Dashboard] Step 839/3600: 总车辆=292, 平均停车数=3.90, 平均车辆数=4.11
[Junction J028] 车辆=7, 拥堵度=0.53
[Dashboard] Step 840/3600: 总车辆=290, 平均停车数=3.90, 平均车辆数=4.08
[Dashboard] Step 841/3600: 总车辆=294, 平均停车数=3.93, 平均车辆数=4.14
[Junction J038] 车辆=12, 拥堵度=0.57
[Dashboard] Step 842/3600: 总车辆=295, 平均停车数=3.94, 平均车辆数=4.15
[Dashboard] Step 843/3600: 总车辆=295, 平均停车数=3.96, 平均车辆数=4.15
[Dashboard] Step 844/3600: 总车辆=294, 平均停车数=3.97, 平均车辆数=4.14
[Dashboard] Step 845/3600: 总车辆=293, 平均停车数=3.99, 平均车辆数=4.13
[Dashboard] Step 846/3600: 总车辆=293, 平均停车数=4.01, 平均车辆数=4.13
[Dashboard] Step 847/3600: 总车辆=292, 平均停车数=4.01, 平均车辆数=4.11
[Junction J060] 车辆=5, 拥堵度=0.53
[Dashboard] Step 848/3600: 总车辆=291, 平均停车数=4.03, 平均车辆数=4.10
[Dashboard] Step 849/3600: 总车辆=292, 平均停车数=4.03, 平均车辆数=4.11
[Dashboard] Step 850/3600: 总车辆=292, 平均停车数=4.03, 平均车辆数=4.11
[Dashboard] Step 851/3600: 总车辆=294, 平均停车数=4.03, 平均车辆数=4.14
[Junction J035] 车辆=15, 拥堵度=0.59
[Dashboard] Step 852/3600: 总车辆=293, 平均停车数=4.03, 平均车辆数=4.13
[Dashboard] Step 853/3600: 总车辆=294, 平均停车数=4.04, 平均车辆数=4.14
[Dashboard] Step 854/3600: 总车辆=296, 平均停车数=4.04, 平均车辆数=4.17
[Dashboard] Step 855/3600: 总车辆=297, 平均停车数=4.04, 平均车辆数=4.18
[Dashboard] Step 856/3600: 总车辆=298, 平均停车数=4.06, 平均车辆数=4.20
[Dashboard] Step 857/3600: 总车辆=296, 平均停车数=4.08, 平均车辆数=4.17
[Dashboard] Step 858/3600: 总车辆=293, 平均停车数=4.06, 平均车辆数=4.13
[Dashboard] Step 859/3600: 总车辆=294, 平均停车数=4.07, 平均车辆数=4.14
[Dashboard] Step 860/3600: 总车辆=297, 平均停车数=4.07, 平均车辆数=4.18
[Dashboard] Step 861/3600: 总车辆=297, 平均停车数=4.08, 平均车辆数=4.18
[Dashboard] Step 862/3600: 总车辆=294, 平均停车数=4.07, 平均车辆数=4.14
[Dashboard] Step 863/3600: 总车辆=294, 平均停车数=4.07, 平均车辆数=4.14
[Dashboard] Step 864/3600: 总车辆=293, 平均停车数=4.07, 平均车辆数=4.13
[Dashboard] Step 865/3600: 总车辆=294, 平均停车数=4.08, 平均车辆数=4.14
[Dashboard] Step 866/3600: 总车辆=293, 平均停车数=4.08, 平均车辆数=4.13
[Dashboard] Step 867/3600: 总车辆=293, 平均停车数=4.10, 平均车辆数=4.13
[Dashboard] Step 868/3600: 总车辆=294, 平均停车数=4.10, 平均车辆数=4.14
[Junction J037] 车辆=10, 拥堵度=0.46
[Dashboard] Step 869/3600: 总车辆=295, 平均停车数=4.10, 平均车辆数=4.15
[Junction J087] 车辆=12, 拥堵度=0.57
[Dashboard] Step 870/3600: 总车辆=297, 平均停车数=4.11, 平均车辆数=4.18
[Dashboard] Step 871/3600: 总车辆=297, 平均停车数=4.11, 平均车辆数=4.18
[Dashboard] Step 872/3600: 总车辆=298, 平均停车数=4.11, 平均车辆数=4.20
[Dashboard] Step 873/3600: 总车辆=298, 平均停车数=4.11, 平均车辆数=4.20
[Dashboard] Step 874/3600: 总车辆=302, 平均停车数=4.11, 平均车辆数=4.25
[Junction J056] 车辆=13, 拥堵度=0.60
[Dashboard] Step 875/3600: 总车辆=302, 平均停车数=4.11, 平均车辆数=4.25
[Junction J066] 车辆=41, 拥堵度=0.82
[Dashboard] Step 876/3600: 总车辆=305, 平均停车数=4.11, 平均车辆数=4.30
[Dashboard] Step 877/3600: 总车辆=305, 平均停车数=4.13, 平均车辆数=4.30
[Dashboard] Step 878/3600: 总车辆=303, 平均停车数=4.13, 平均车辆数=4.27
[Dashboard] Step 879/3600: 总车辆=302, 平均停车数=4.13, 平均车辆数=4.25
[Junction J004] 车辆=5, 拥堵度=0.42
[Dashboard] Step 880/3600: 总车辆=303, 平均停车数=4.13, 平均车辆数=4.27
[Dashboard] Step 881/3600: 总车辆=299, 平均停车数=4.14, 平均车辆数=4.21
[Dashboard] Step 882/3600: 总车辆=301, 平均停车数=4.15, 平均车辆数=4.24
[Dashboard] Step 883/3600: 总车辆=299, 平均停车数=4.14, 平均车辆数=4.21
[Dashboard] Step 884/3600: 总车辆=300, 平均停车数=4.14, 平均车辆数=4.23
[Junction J072] 车辆=5, 拥堵度=0.53
[Dashboard] Step 885/3600: 总车辆=301, 平均停车数=4.15, 平均车辆数=4.24
[Dashboard] Step 886/3600: 总车辆=302, 平均停车数=4.15, 平均车辆数=4.25
[Dashboard] Step 887/3600: 总车辆=305, 平均停车数=4.15, 平均车辆数=4.30
[Dashboard] Step 888/3600: 总车辆=307, 平均停车数=4.17, 平均车辆数=4.32
[Dashboard] Step 889/3600: 总车辆=309, 平均停车数=4.17, 平均车辆数=4.35
[Dashboard] Step 890/3600: 总车辆=306, 平均停车数=4.17, 平均车辆数=4.31
[Dashboard] Step 891/3600: 总车辆=306, 平均停车数=4.17, 平均车辆数=4.31
[Dashboard] Step 892/3600: 总车辆=306, 平均停车数=4.18, 平均车辆数=4.31
[Dashboard] Step 893/3600: 总车辆=304, 平均停车数=4.18, 平均车辆数=4.28
[Junction J064] 车辆=8, 拥堵度=0.58
[Dashboard] Step 894/3600: 总车辆=299, 平均停车数=4.17, 平均车辆数=4.21
[Dashboard] Step 895/3600: 总车辆=299, 平均停车数=4.17, 平均车辆数=4.21
[Junction J015] 车辆=11, 拥堵度=0.55
[Dashboard] Step 896/3600: 总车辆=299, 平均停车数=4.17, 平均车辆数=4.21
[Dashboard] Step 897/3600: 总车辆=298, 平均停车数=4.15, 平均车辆数=4.20
[Dashboard] Step 898/3600: 总车辆=300, 平均停车数=4.17, 平均车辆数=4.23
[Dashboard] Step 899/3600: 总车辆=299, 平均停车数=4.15, 平均车辆数=4.21
[Dashboard] Step 900/3600: 总车辆=299, 平均停车数=4.14, 平均车辆数=4.21
[Junction J073] 车辆=11, 拥堵度=0.57
[Dashboard] Step 901/3600: 总车辆=300, 平均停车数=4.14, 平均车辆数=4.23
[Dashboard] Step 902/3600: 总车辆=301, 平均停车数=4.14, 平均车辆数=4.24
[Dashboard] Step 903/3600: 总车辆=301, 平均停车数=4.14, 平均车辆数=4.24
[Dashboard] Step 904/3600: 总车辆=302, 平均停车数=4.14, 平均车辆数=4.25
[Dashboard] Step 905/3600: 总车辆=301, 平均停车数=4.14, 平均车辆数=4.24
[Dashboard] Step 906/3600: 总车辆=302, 平均停车数=4.14, 平均车辆数=4.25
[Dashboard] Step 907/3600: 总车辆=301, 平均停车数=4.14, 平均车辆数=4.24
[Dashboard] Step 908/3600: 总车辆=299, 平均停车数=4.14, 平均车辆数=4.21
[Dashboard] Step 909/3600: 总车辆=299, 平均停车数=4.13, 平均车辆数=4.21
[Junction J011] 车辆=11, 拥堵度=0.57
[Dashboard] Step 910/3600: 总车辆=297, 平均停车数=4.13, 平均车辆数=4.18
[Dashboard] Step 911/3600: 总车辆=299, 平均停车数=4.13, 平均车辆数=4.21
[Dashboard] Step 912/3600: 总车辆=301, 平均停车数=4.13, 平均车辆数=4.24
[Dashboard] Step 913/3600: 总车辆=301, 平均停车数=4.13, 平均车辆数=4.24
[Junction J017] 车辆=16, 拥堵度=0.58
[Dashboard] Step 914/3600: 总车辆=303, 平均停车数=4.13, 平均车辆数=4.27
[Junction J006] 车辆=26, 拥堵度=0.63
[Dashboard] Step 915/3600: 总车辆=304, 平均停车数=4.13, 平均车辆数=4.28
[Dashboard] Step 916/3600: 总车辆=303, 平均停车数=4.13, 平均车辆数=4.27
[Dashboard] Step 917/3600: 总车辆=304, 平均停车数=4.13, 平均车辆数=4.28
[Junction J057] 车辆=12, 拥堵度=0.57
[Dashboard] Step 918/3600: 总车辆=306, 平均停车数=4.13, 平均车辆数=4.31
[Junction J005] 车辆=19, 拥堵度=0.63
[Dashboard] Step 919/3600: 总车辆=305, 平均停车数=4.13, 平均车辆数=4.30
[Dashboard] Step 920/3600: 总车辆=306, 平均停车数=4.13, 平均车辆数=4.31
[Dashboard] Step 921/3600: 总车辆=308, 平均停车数=4.14, 平均车辆数=4.34
[Dashboard] Step 922/3600: 总车辆=309, 平均停车数=4.14, 平均车辆数=4.35
[Junction J010] 车辆=11, 拥堵度=0.56
[Junction J032] 车辆=5, 拥堵度=0.54
[Dashboard] Step 923/3600: 总车辆=306, 平均停车数=4.14, 平均车辆数=4.31
[Junction J016] 车辆=6, 拥堵度=0.53
[Dashboard] Step 924/3600: 总车辆=306, 平均停车数=4.14, 平均车辆数=4.31
[Dashboard] Step 925/3600: 总车辆=305, 平均停车数=4.14, 平均车辆数=4.30
[Dashboard] Step 926/3600: 总车辆=306, 平均停车数=4.15, 平均车辆数=4.31
[Dashboard] Step 927/3600: 总车辆=305, 平均停车数=4.17, 平均车辆数=4.30
[Dashboard] Step 928/3600: 总车辆=305, 平均停车数=4.18, 平均车辆数=4.30
[Dashboard] Step 929/3600: 总车辆=308, 平均停车数=4.18, 平均车辆数=4.34
[Junction J003] 车辆=9, 拥堵度=0.43
[Dashboard] Step 930/3600: 总车辆=312, 平均停车数=4.18, 平均车辆数=4.39
[Dashboard] Step 931/3600: 总车辆=310, 平均停车数=4.20, 平均车辆数=4.37
[Dashboard] Step 932/3600: 总车辆=311, 平均停车数=4.18, 平均车辆数=4.38
[Dashboard] Step 933/3600: 总车辆=311, 平均停车数=4.18, 平均车辆数=4.38
[Dashboard] Step 934/3600: 总车辆=312, 平均停车数=4.18, 平均车辆数=4.39
[Dashboard] Step 935/3600: 总车辆=311, 平均停车数=4.21, 平均车辆数=4.38
[Dashboard] Step 936/3600: 总车辆=311, 平均停车数=4.20, 平均车辆数=4.38
[Dashboard] Step 937/3600: 总车辆=311, 平均停车数=4.20, 平均车辆数=4.38
[Dashboard] Step 938/3600: 总车辆=311, 平均停车数=4.20, 平均车辆数=4.38
[Dashboard] Step 939/3600: 总车辆=311, 平均停车数=4.20, 平均车辆数=4.38
[Junction J028] 车辆=7, 拥堵度=0.53
[Dashboard] Step 940/3600: 总车辆=312, 平均停车数=4.24, 平均车辆数=4.39
[Dashboard] Step 941/3600: 总车辆=311, 平均停车数=4.24, 平均车辆数=4.38
[Junction J038] 车辆=13, 拥堵度=0.58
[Dashboard] Step 942/3600: 总车辆=310, 平均停车数=4.24, 平均车辆数=4.37
[Dashboard] Step 943/3600: 总车辆=309, 平均停车数=4.24, 平均车辆数=4.35
[Dashboard] Step 944/3600: 总车辆=312, 平均停车数=4.24, 平均车辆数=4.39
[Dashboard] Step 945/3600: 总车辆=313, 平均停车数=4.23, 平均车辆数=4.41
[Dashboard] Step 946/3600: 总车辆=312, 平均停车数=4.23, 平均车辆数=4.39
[Dashboard] Step 947/3600: 总车辆=314, 平均停车数=4.24, 平均车辆数=4.42
[Junction J060] 车辆=7, 拥堵度=0.27
[Dashboard] Step 948/3600: 总车辆=311, 平均停车数=4.25, 平均车辆数=4.38
[Dashboard] Step 949/3600: 总车辆=312, 平均停车数=4.25, 平均车辆数=4.39
[Dashboard] Step 950/3600: 总车辆=312, 平均停车数=4.25, 平均车辆数=4.39
[Dashboard] Step 951/3600: 总车辆=314, 平均停车数=4.25, 平均车辆数=4.42
[Junction J035] 车辆=16, 拥堵度=0.60
[Dashboard] Step 952/3600: 总车辆=312, 平均停车数=4.27, 平均车辆数=4.39
[Dashboard] Step 953/3600: 总车辆=310, 平均停车数=4.23, 平均车辆数=4.37
[Dashboard] Step 954/3600: 总车辆=306, 平均停车数=4.23, 平均车辆数=4.31
[Dashboard] Step 955/3600: 总车辆=307, 平均停车数=4.23, 平均车辆数=4.32
[Dashboard] Step 956/3600: 总车辆=308, 平均停车数=4.23, 平均车辆数=4.34
[Dashboard] Step 957/3600: 总车辆=306, 平均停车数=4.23, 平均车辆数=4.31
[Dashboard] Step 958/3600: 总车辆=308, 平均停车数=4.21, 平均车辆数=4.34
[Dashboard] Step 959/3600: 总车辆=310, 平均停车数=4.20, 平均车辆数=4.37
[Dashboard] Step 960/3600: 总车辆=311, 平均停车数=4.23, 平均车辆数=4.38
[Junction J061] 车辆=5, 拥堵度=0.17
[Dashboard] Step 961/3600: 总车辆=314, 平均停车数=4.23, 平均车辆数=4.42
[Dashboard] Step 962/3600: 总车辆=314, 平均停车数=4.23, 平均车辆数=4.42
[Dashboard] Step 963/3600: 总车辆=314, 平均停车数=4.23, 平均车辆数=4.42
[Dashboard] Step 964/3600: 总车辆=316, 平均停车数=4.23, 平均车辆数=4.45
[Dashboard] Step 965/3600: 总车辆=318, 平均停车数=4.23, 平均车辆数=4.48
[Dashboard] Step 966/3600: 总车辆=316, 平均停车数=4.23, 平均车辆数=4.45
[Dashboard] Step 967/3600: 总车辆=313, 平均停车数=4.24, 平均车辆数=4.41
[Dashboard] Step 968/3600: 总车辆=310, 平均停车数=4.24, 平均车辆数=4.37
[Junction J037] 车辆=10, 拥堵度=0.44
[Dashboard] Step 969/3600: 总车辆=311, 平均停车数=4.25, 平均车辆数=4.38
[Junction J087] 车辆=12, 拥堵度=0.57
[Dashboard] Step 970/3600: 总车辆=310, 平均停车数=4.25, 平均车辆数=4.37
[Dashboard] Step 971/3600: 总车辆=311, 平均停车数=4.25, 平均车辆数=4.38
[Dashboard] Step 972/3600: 总车辆=310, 平均停车数=4.24, 平均车辆数=4.37
[Dashboard] Step 973/3600: 总车辆=312, 平均停车数=4.24, 平均车辆数=4.39
[Dashboard] Step 974/3600: 总车辆=313, 平均停车数=4.23, 平均车辆数=4.41
[Junction J056] 车辆=14, 拥堵度=0.51
[Dashboard] Step 975/3600: 总车辆=315, 平均停车数=4.24, 平均车辆数=4.44
[Junction J066] 车辆=42, 拥堵度=0.83
[Dashboard] Step 976/3600: 总车辆=314, 平均停车数=4.24, 平均车辆数=4.42
[Dashboard] Step 977/3600: 总车辆=313, 平均停车数=4.24, 平均车辆数=4.41
[Dashboard] Step 978/3600: 总车辆=315, 平均停车数=4.24, 平均车辆数=4.44
[Dashboard] Step 979/3600: 总车辆=315, 平均停车数=4.24, 平均车辆数=4.44
[Junction J004] 车辆=7, 拥堵度=0.47
[Dashboard] Step 980/3600: 总车辆=312, 平均停车数=4.25, 平均车辆数=4.39
[Dashboard] Step 981/3600: 总车辆=314, 平均停车数=4.25, 平均车辆数=4.42
[Dashboard] Step 982/3600: 总车辆=314, 平均停车数=4.27, 平均车辆数=4.42
[Dashboard] Step 983/3600: 总车辆=316, 平均停车数=4.27, 平均车辆数=4.45
[Dashboard] Step 984/3600: 总车辆=317, 平均停车数=4.28, 平均车辆数=4.46
[Junction J072] 车辆=7, 拥堵度=0.55
[Dashboard] Step 985/3600: 总车辆=317, 平均停车数=4.28, 平均车辆数=4.46
[Dashboard] Step 986/3600: 总车辆=322, 平均停车数=4.28, 平均车辆数=4.54
[Dashboard] Step 987/3600: 总车辆=321, 平均停车数=4.30, 平均车辆数=4.52
[Dashboard] Step 988/3600: 总车辆=321, 平均停车数=4.31, 平均车辆数=4.52
[Dashboard] Step 989/3600: 总车辆=321, 平均停车数=4.30, 平均车辆数=4.52
[Dashboard] Step 990/3600: 总车辆=321, 平均停车数=4.32, 平均车辆数=4.52
[Dashboard] Step 991/3600: 总车辆=320, 平均停车数=4.34, 平均车辆数=4.51
[Dashboard] Step 992/3600: 总车辆=321, 平均停车数=4.32, 平均车辆数=4.52
[Dashboard] Step 993/3600: 总车辆=322, 平均停车数=4.34, 平均车辆数=4.54
[Junction J064] 车辆=10, 拥堵度=0.60
[Dashboard] Step 994/3600: 总车辆=321, 平均停车数=4.34, 平均车辆数=4.52
[Dashboard] Step 995/3600: 总车辆=318, 平均停车数=4.34, 平均车辆数=4.48
[Junction J015] 车辆=10, 拥堵度=0.55
[Dashboard] Step 996/3600: 总车辆=319, 平均停车数=4.34, 平均车辆数=4.49
[Dashboard] Step 997/3600: 总车辆=321, 平均停车数=4.35, 平均车辆数=4.52
[Dashboard] Step 998/3600: 总车辆=322, 平均停车数=4.35, 平均车辆数=4.54
[Dashboard] Step 999/3600: 总车辆=322, 平均停车数=4.37, 平均车辆数=4.54
[Dashboard] Step 1000/3600: 总车辆=324, 平均停车数=4.38, 平均车辆数=4.56
[Junction J073] 车辆=14, 拥堵度=0.58
[Dashboard] Step 1001/3600: 总车辆=325, 平均停车数=4.41, 平均车辆数=4.58
[Dashboard] Step 1002/3600: 总车辆=325, 平均停车数=4.39, 平均车辆数=4.58
[Dashboard] Step 1003/3600: 总车辆=324, 平均停车数=4.39, 平均车辆数=4.56
[Dashboard] Step 1004/3600: 总车辆=322, 平均停车数=4.42, 平均车辆数=4.54
[Dashboard] Step 1005/3600: 总车辆=321, 平均停车数=4.42, 平均车辆数=4.52
[Dashboard] Step 1006/3600: 总车辆=319, 平均停车数=4.44, 平均车辆数=4.49
[Dashboard] Step 1007/3600: 总车辆=320, 平均停车数=4.44, 平均车辆数=4.51
[Dashboard] Step 1008/3600: 总车辆=324, 平均停车数=4.44, 平均车辆数=4.56
[Dashboard] Step 1009/3600: 总车辆=326, 平均停车数=4.44, 平均车辆数=4.59
[Junction J011] 车辆=11, 拥堵度=0.57
[Dashboard] Step 1010/3600: 总车辆=324, 平均停车数=4.44, 平均车辆数=4.56
[Dashboard] Step 1011/3600: 总车辆=325, 平均停车数=4.44, 平均车辆数=4.58
[Dashboard] Step 1012/3600: 总车辆=327, 平均停车数=4.44, 平均车辆数=4.61
[Dashboard] Step 1013/3600: 总车辆=327, 平均停车数=4.45, 平均车辆数=4.61
[Junction J017] 车辆=16, 拥堵度=0.58
[Dashboard] Step 1014/3600: 总车辆=328, 平均停车数=4.45, 平均车辆数=4.62
[Junction J006] 车辆=33, 拥堵度=0.67
[Dashboard] Step 1015/3600: 总车辆=326, 平均停车数=4.45, 平均车辆数=4.59
[Dashboard] Step 1016/3600: 总车辆=326, 平均停车数=4.45, 平均车辆数=4.59
[Dashboard] Step 1017/3600: 总车辆=325, 平均停车数=4.44, 平均车辆数=4.58
[Junction J057] 车辆=13, 拥堵度=0.58
[Dashboard] Step 1018/3600: 总车辆=324, 平均停车数=4.44, 平均车辆数=4.56
[Junction J005] 车辆=19, 拥堵度=0.59
[Dashboard] Step 1019/3600: 总车辆=323, 平均停车数=4.45, 平均车辆数=4.55
[Junction J070] 车辆=7, 拥堵度=0.54
[Dashboard] Step 1020/3600: 总车辆=326, 平均停车数=4.46, 平均车辆数=4.59
[Dashboard] Step 1021/3600: 总车辆=328, 平均停车数=4.46, 平均车辆数=4.62
[Dashboard] Step 1022/3600: 总车辆=328, 平均停车数=4.48, 平均车辆数=4.62
[Junction J010] 车辆=13, 拥堵度=0.52
[Junction J032] 车辆=6, 拥堵度=0.55
[Dashboard] Step 1023/3600: 总车辆=329, 平均停车数=4.49, 平均车辆数=4.63
[Junction J016] 车辆=7, 拥堵度=0.54
[Dashboard] Step 1024/3600: 总车辆=328, 平均停车数=4.49, 平均车辆数=4.62
[Dashboard] Step 1025/3600: 总车辆=330, 平均停车数=4.48, 平均车辆数=4.65
[Dashboard] Step 1026/3600: 总车辆=331, 平均停车数=4.48, 平均车辆数=4.66
[Dashboard] Step 1027/3600: 总车辆=331, 平均停车数=4.48, 平均车辆数=4.66
[Dashboard] Step 1028/3600: 总车辆=332, 平均停车数=4.48, 平均车辆数=4.68
[Dashboard] Step 1029/3600: 总车辆=330, 平均停车数=4.49, 平均车辆数=4.65
[Junction J003] 车辆=10, 拥堵度=0.54
[Dashboard] Step 1030/3600: 总车辆=329, 平均停车数=4.51, 平均车辆数=4.63
[Dashboard] Step 1031/3600: 总车辆=329, 平均停车数=4.51, 平均车辆数=4.63
[Dashboard] Step 1032/3600: 总车辆=329, 平均停车数=4.49, 平均车辆数=4.63
[Dashboard] Step 1033/3600: 总车辆=327, 平均停车数=4.49, 平均车辆数=4.61
[Dashboard] Step 1034/3600: 总车辆=328, 平均停车数=4.49, 平均车辆数=4.62
[Dashboard] Step 1035/3600: 总车辆=331, 平均停车数=4.49, 平均车辆数=4.66
[Dashboard] Step 1036/3600: 总车辆=335, 平均停车数=4.52, 平均车辆数=4.72
[Dashboard] Step 1037/3600: 总车辆=337, 平均停车数=4.52, 平均车辆数=4.75
[Dashboard] Step 1038/3600: 总车辆=337, 平均停车数=4.54, 平均车辆数=4.75
[Dashboard] Step 1039/3600: 总车辆=338, 平均停车数=4.54, 平均车辆数=4.76
[Junction J028] 车辆=5, 拥堵度=0.52
[Dashboard] Step 1040/3600: 总车辆=338, 平均停车数=4.55, 平均车辆数=4.76
[Dashboard] Step 1041/3600: 总车辆=337, 平均停车数=4.54, 平均车辆数=4.75
[Junction J038] 车辆=13, 拥堵度=0.51
[Dashboard] Step 1042/3600: 总车辆=336, 平均停车数=4.52, 平均车辆数=4.73
[Dashboard] Step 1043/3600: 总车辆=339, 平均停车数=4.54, 平均车辆数=4.77
[Dashboard] Step 1044/3600: 总车辆=337, 平均停车数=4.55, 平均车辆数=4.75
[Dashboard] Step 1045/3600: 总车辆=337, 平均停车数=4.55, 平均车辆数=4.75
[Dashboard] Step 1046/3600: 总车辆=334, 平均停车数=4.58, 平均车辆数=4.70
[Dashboard] Step 1047/3600: 总车辆=336, 平均停车数=4.58, 平均车辆数=4.73
[Dashboard] Step 1048/3600: 总车辆=336, 平均停车数=4.58, 平均车辆数=4.73
[Dashboard] Step 1049/3600: 总车辆=338, 平均停车数=4.58, 平均车辆数=4.76
[Dashboard] Step 1050/3600: 总车辆=336, 平均停车数=4.59, 平均车辆数=4.73
[Dashboard] Step 1051/3600: 总车辆=337, 平均停车数=4.59, 平均车辆数=4.75
[Junction J035] 车辆=15, 拥堵度=0.59
[Dashboard] Step 1052/3600: 总车辆=337, 平均停车数=4.59, 平均车辆数=4.75
[Dashboard] Step 1053/3600: 总车辆=338, 平均停车数=4.59, 平均车辆数=4.76
[Dashboard] Step 1054/3600: 总车辆=337, 平均停车数=4.63, 平均车辆数=4.75
[Dashboard] Step 1055/3600: 总车辆=336, 平均停车数=4.63, 平均车辆数=4.73
[Dashboard] Step 1056/3600: 总车辆=338, 平均停车数=4.63, 平均车辆数=4.76
[Dashboard] Step 1057/3600: 总车辆=337, 平均停车数=4.63, 平均车辆数=4.75
[Dashboard] Step 1058/3600: 总车辆=338, 平均停车数=4.65, 平均车辆数=4.76
[Dashboard] Step 1059/3600: 总车辆=338, 平均停车数=4.68, 平均车辆数=4.76
[Dashboard] Step 1060/3600: 总车辆=339, 平均停车数=4.69, 平均车辆数=4.77
[Dashboard] Step 1061/3600: 总车辆=339, 平均停车数=4.69, 平均车辆数=4.77
[Dashboard] Step 1062/3600: 总车辆=340, 平均停车数=4.69, 平均车辆数=4.79
[Dashboard] Step 1063/3600: 总车辆=339, 平均停车数=4.66, 平均车辆数=4.77
[Dashboard] Step 1064/3600: 总车辆=339, 平均停车数=4.66, 平均车辆数=4.77
[Dashboard] Step 1065/3600: 总车辆=340, 平均停车数=4.68, 平均车辆数=4.79
[Dashboard] Step 1066/3600: 总车辆=340, 平均停车数=4.68, 平均车辆数=4.79
[Dashboard] Step 1067/3600: 总车辆=340, 平均停车数=4.68, 平均车辆数=4.79
[Dashboard] Step 1068/3600: 总车辆=342, 平均停车数=4.68, 平均车辆数=4.82
[Junction J037] 车辆=12, 拥堵度=0.32
[Dashboard] Step 1069/3600: 总车辆=342, 平均停车数=4.68, 平均车辆数=4.82
[Junction J087] 车辆=12, 拥堵度=0.57
[Dashboard] Step 1070/3600: 总车辆=342, 平均停车数=4.68, 平均车辆数=4.82
[Dashboard] Step 1071/3600: 总车辆=342, 平均停车数=4.68, 平均车辆数=4.82
[Dashboard] Step 1072/3600: 总车辆=343, 平均停车数=4.70, 平均车辆数=4.83
[Dashboard] Step 1073/3600: 总车辆=342, 平均停车数=4.70, 平均车辆数=4.82
[Dashboard] Step 1074/3600: 总车辆=341, 平均停车数=4.72, 平均车辆数=4.80
[Junction J056] 车辆=14, 拥堵度=0.61
[Dashboard] Step 1075/3600: 总车辆=343, 平均停车数=4.72, 平均车辆数=4.83
[Junction J066] 车辆=45, 拥堵度=0.86
[Dashboard] Step 1076/3600: 总车辆=343, 平均停车数=4.72, 平均车辆数=4.83
[Dashboard] Step 1077/3600: 总车辆=343, 平均停车数=4.72, 平均车辆数=4.83
[Junction J081] 车辆=5, 拥堵度=0.38
[Dashboard] Step 1078/3600: 总车辆=344, 平均停车数=4.70, 平均车辆数=4.85
[Dashboard] Step 1079/3600: 总车辆=345, 平均停车数=4.70, 平均车辆数=4.86
[Junction J004] 车辆=7, 拥堵度=0.53
[Dashboard] Step 1080/3600: 总车辆=345, 平均停车数=4.70, 平均车辆数=4.86
[Dashboard] Step 1081/3600: 总车辆=346, 平均停车数=4.70, 平均车辆数=4.87
[Dashboard] Step 1082/3600: 总车辆=346, 平均停车数=4.70, 平均车辆数=4.87
[Dashboard] Step 1083/3600: 总车辆=346, 平均停车数=4.70, 平均车辆数=4.87
[Dashboard] Step 1084/3600: 总车辆=345, 平均停车数=4.66, 平均车辆数=4.86
[Junction J072] 车辆=7, 拥堵度=0.55
[Dashboard] Step 1085/3600: 总车辆=342, 平均停车数=4.68, 平均车辆数=4.82
[Dashboard] Step 1086/3600: 总车辆=341, 平均停车数=4.68, 平均车辆数=4.80
[Dashboard] Step 1087/3600: 总车辆=342, 平均停车数=4.68, 平均车辆数=4.82
[Dashboard] Step 1088/3600: 总车辆=341, 平均停车数=4.68, 平均车辆数=4.80
[Dashboard] Step 1089/3600: 总车辆=341, 平均停车数=4.68, 平均车辆数=4.80
[Dashboard] Step 1090/3600: 总车辆=341, 平均停车数=4.68, 平均车辆数=4.80
[Dashboard] Step 1091/3600: 总车辆=342, 平均停车数=4.68, 平均车辆数=4.82
[Dashboard] Step 1092/3600: 总车辆=341, 平均停车数=4.69, 平均车辆数=4.80
[Dashboard] Step 1093/3600: 总车辆=340, 平均停车数=4.69, 平均车辆数=4.79
[Junction J064] 车辆=14, 拥堵度=0.63
[Dashboard] Step 1094/3600: 总车辆=339, 平均停车数=4.69, 平均车辆数=4.77
[Dashboard] Step 1095/3600: 总车辆=339, 平均停车数=4.70, 平均车辆数=4.77
[Junction J015] 车辆=14, 拥堵度=0.57
[Dashboard] Step 1096/3600: 总车辆=341, 平均停车数=4.72, 平均车辆数=4.80
[Dashboard] Step 1097/3600: 总车辆=340, 平均停车数=4.72, 平均车辆数=4.79
[Dashboard] Step 1098/3600: 总车辆=340, 平均停车数=4.73, 平均车辆数=4.79
[Dashboard] Step 1099/3600: 总车辆=338, 平均停车数=4.73, 平均车辆数=4.76
[Dashboard] Step 1100/3600: 总车辆=341, 平均停车数=4.73, 平均车辆数=4.80
[Junction J073] 车辆=12, 拥堵度=0.57
[Dashboard] Step 1101/3600: 总车辆=338, 平均停车数=4.72, 平均车辆数=4.76
[Dashboard] Step 1102/3600: 总车辆=339, 平均停车数=4.72, 平均车辆数=4.77
[Dashboard] Step 1103/3600: 总车辆=339, 平均停车数=4.72, 平均车辆数=4.77
[Dashboard] Step 1104/3600: 总车辆=339, 平均停车数=4.72, 平均车辆数=4.77
[Dashboard] Step 1105/3600: 总车辆=339, 平均停车数=4.72, 平均车辆数=4.77
[Dashboard] Step 1106/3600: 总车辆=339, 平均停车数=4.73, 平均车辆数=4.77
[Dashboard] Step 1107/3600: 总车辆=339, 平均停车数=4.73, 平均车辆数=4.77
[Dashboard] Step 1108/3600: 总车辆=339, 平均停车数=4.72, 平均车辆数=4.77
[Dashboard] Step 1109/3600: 总车辆=340, 平均停车数=4.72, 平均车辆数=4.79
[Junction J011] 车辆=12, 拥堵度=0.57
[Dashboard] Step 1110/3600: 总车辆=340, 平均停车数=4.70, 平均车辆数=4.79
[Dashboard] Step 1111/3600: 总车辆=339, 平均停车数=4.70, 平均车辆数=4.77
[Dashboard] Step 1112/3600: 总车辆=339, 平均停车数=4.70, 平均车辆数=4.77
[Dashboard] Step 1113/3600: 总车辆=340, 平均停车数=4.70, 平均车辆数=4.79
[Junction J017] 车辆=16, 拥堵度=0.58
[Dashboard] Step 1114/3600: 总车辆=339, 平均停车数=4.72, 平均车辆数=4.77
[Junction J006] 车辆=32, 拥堵度=0.69
[Dashboard] Step 1115/3600: 总车辆=339, 平均停车数=4.72, 平均车辆数=4.77
[Dashboard] Step 1116/3600: 总车辆=340, 平均停车数=4.72, 平均车辆数=4.79
[Dashboard] Step 1117/3600: 总车辆=339, 平均停车数=4.72, 平均车辆数=4.77
[Junction J057] 车辆=13, 拥堵度=0.58
[Dashboard] Step 1118/3600: 总车辆=342, 平均停车数=4.72, 平均车辆数=4.82
[Junction J005] 车辆=25, 拥堵度=0.72
[Dashboard] Step 1119/3600: 总车辆=343, 平均停车数=4.70, 平均车辆数=4.83
[Junction J060] 车辆=5, 拥堵度=0.53
[Junction J070] 车辆=7, 拥堵度=0.54
[Dashboard] Step 1120/3600: 总车辆=344, 平均停车数=4.70, 平均车辆数=4.85
[Dashboard] Step 1121/3600: 总车辆=346, 平均停车数=4.72, 平均车辆数=4.87
[Dashboard] Step 1122/3600: 总车辆=348, 平均停车数=4.75, 平均车辆数=4.90
[Junction J010] 车辆=15, 拥堵度=0.58
[Junction J032] 车辆=6, 拥堵度=0.55
[Dashboard] Step 1123/3600: 总车辆=348, 平均停车数=4.75, 平均车辆数=4.90
[Junction J016] 车辆=9, 拥堵度=0.55
[Dashboard] Step 1124/3600: 总车辆=346, 平均停车数=4.73, 平均车辆数=4.87
[Dashboard] Step 1125/3600: 总车辆=345, 平均停车数=4.76, 平均车辆数=4.86
[Dashboard] Step 1126/3600: 总车辆=345, 平均停车数=4.79, 平均车辆数=4.86
[Dashboard] Step 1127/3600: 总车辆=347, 平均停车数=4.79, 平均车辆数=4.89
[Dashboard] Step 1128/3600: 总车辆=348, 平均停车数=4.79, 平均车辆数=4.90
[Dashboard] Step 1129/3600: 总车辆=347, 平均停车数=4.79, 平均车辆数=4.89
[Junction J003] 车辆=9, 拥堵度=0.54
[Dashboard] Step 1130/3600: 总车辆=347, 平均停车数=4.79, 平均车辆数=4.89
[Dashboard] Step 1131/3600: 总车辆=344, 平均停车数=4.79, 平均车辆数=4.85
[Dashboard] Step 1132/3600: 总车辆=344, 平均停车数=4.79, 平均车辆数=4.85
[Dashboard] Step 1133/3600: 总车辆=346, 平均停车数=4.79, 平均车辆数=4.87
[Dashboard] Step 1134/3600: 总车辆=344, 平均停车数=4.77, 平均车辆数=4.85
[Dashboard] Step 1135/3600: 总车辆=345, 平均停车数=4.77, 平均车辆数=4.86
[Dashboard] Step 1136/3600: 总车辆=344, 平均停车数=4.77, 平均车辆数=4.85
[Dashboard] Step 1137/3600: 总车辆=345, 平均停车数=4.77, 平均车辆数=4.86
[Dashboard] Step 1138/3600: 总车辆=346, 平均停车数=4.77, 平均车辆数=4.87
[Dashboard] Step 1139/3600: 总车辆=346, 平均停车数=4.76, 平均车辆数=4.87
[Junction J028] 车辆=5, 拥堵度=0.52
[Dashboard] Step 1140/3600: 总车辆=348, 平均停车数=4.76, 平均车辆数=4.90
[Dashboard] Step 1141/3600: 总车辆=345, 平均停车数=4.77, 平均车辆数=4.86
[Junction J038] 车辆=12, 拥堵度=0.57
[Dashboard] Step 1142/3600: 总车辆=344, 平均停车数=4.76, 平均车辆数=4.85
[Dashboard] Step 1143/3600: 总车辆=345, 平均停车数=4.76, 平均车辆数=4.86
[Dashboard] Step 1144/3600: 总车辆=345, 平均停车数=4.77, 平均车辆数=4.86
[Dashboard] Step 1145/3600: 总车辆=346, 平均停车数=4.76, 平均车辆数=4.87
[Dashboard] Step 1146/3600: 总车辆=348, 平均停车数=4.76, 平均车辆数=4.90
[Dashboard] Step 1147/3600: 总车辆=347, 平均停车数=4.76, 平均车辆数=4.89
[Dashboard] Step 1148/3600: 总车辆=345, 平均停车数=4.75, 平均车辆数=4.86
[Dashboard] Step 1149/3600: 总车辆=348, 平均停车数=4.75, 平均车辆数=4.90
[Dashboard] Step 1150/3600: 总车辆=349, 平均停车数=4.75, 平均车辆数=4.92
[Dashboard] Step 1151/3600: 总车辆=347, 平均停车数=4.75, 平均车辆数=4.89
[Junction J035] 车辆=16, 拥堵度=0.60
[Dashboard] Step 1152/3600: 总车辆=344, 平均停车数=4.73, 平均车辆数=4.85
[Dashboard] Step 1153/3600: 总车辆=346, 平均停车数=4.73, 平均车辆数=4.87
[Dashboard] Step 1154/3600: 总车辆=343, 平均停车数=4.73, 平均车辆数=4.83
[Dashboard] Step 1155/3600: 总车辆=346, 平均停车数=4.73, 平均车辆数=4.87
[Dashboard] Step 1156/3600: 总车辆=346, 平均停车数=4.75, 平均车辆数=4.87
[Dashboard] Step 1157/3600: 总车辆=346, 平均停车数=4.73, 平均车辆数=4.87
[Dashboard] Step 1158/3600: 总车辆=348, 平均停车数=4.76, 平均车辆数=4.90
[Dashboard] Step 1159/3600: 总车辆=348, 平均停车数=4.77, 平均车辆数=4.90
[Dashboard] Step 1160/3600: 总车辆=348, 平均停车数=4.77, 平均车辆数=4.90
[Dashboard] Step 1161/3600: 总车辆=349, 平均停车数=4.77, 平均车辆数=4.92
[Dashboard] Step 1162/3600: 总车辆=350, 平均停车数=4.79, 平均车辆数=4.93
[Dashboard] Step 1163/3600: 总车辆=347, 平均停车数=4.77, 平均车辆数=4.89
[Dashboard] Step 1164/3600: 总车辆=350, 平均停车数=4.77, 平均车辆数=4.93
[Dashboard] Step 1165/3600: 总车辆=354, 平均停车数=4.77, 平均车辆数=4.99
[Dashboard] Step 1166/3600: 总车辆=353, 平均停车数=4.77, 平均车辆数=4.97
[Dashboard] Step 1167/3600: 总车辆=355, 平均停车数=4.79, 平均车辆数=5.00
[Dashboard] Step 1168/3600: 总车辆=355, 平均停车数=4.79, 平均车辆数=5.00
[Junction J037] 车辆=10, 拥堵度=0.47
[Dashboard] Step 1169/3600: 总车辆=355, 平均停车数=4.79, 平均车辆数=5.00
[Junction J087] 车辆=12, 拥堵度=0.57
[Dashboard] Step 1170/3600: 总车辆=355, 平均停车数=4.77, 平均车辆数=5.00
[Dashboard] Step 1171/3600: 总车辆=356, 平均停车数=4.77, 平均车辆数=5.01
[Dashboard] Step 1172/3600: 总车辆=357, 平均停车数=4.77, 平均车辆数=5.03
[Dashboard] Step 1173/3600: 总车辆=356, 平均停车数=4.77, 平均车辆数=5.01
[Dashboard] Step 1174/3600: 总车辆=356, 平均停车数=4.80, 平均车辆数=5.01
[Junction J056] 车辆=16, 拥堵度=0.58
[Dashboard] Step 1175/3600: 总车辆=354, 平均停车数=4.80, 平均车辆数=4.99
[Junction J066] 车辆=48, 拥堵度=0.87
[Dashboard] Step 1176/3600: 总车辆=353, 平均停车数=4.82, 平均车辆数=4.97
[Dashboard] Step 1177/3600: 总车辆=351, 平均停车数=4.83, 平均车辆数=4.94
[Junction J081] 车辆=6, 拥堵度=0.60
[Dashboard] Step 1178/3600: 总车辆=351, 平均停车数=4.83, 平均车辆数=4.94
[Dashboard] Step 1179/3600: 总车辆=353, 平均停车数=4.83, 平均车辆数=4.97
[Dashboard] Step 1180/3600: 总车辆=353, 平均停车数=4.85, 平均车辆数=4.97
[Dashboard] Step 1181/3600: 总车辆=354, 平均停车数=4.85, 平均车辆数=4.99
[Dashboard] Step 1182/3600: 总车辆=353, 平均停车数=4.85, 平均车辆数=4.97
[Dashboard] Step 1183/3600: 总车辆=354, 平均停车数=4.86, 平均车辆数=4.99
[Dashboard] Step 1184/3600: 总车辆=354, 平均停车数=4.86, 平均车辆数=4.99
[Junction J072] 车辆=8, 拥堵度=0.55
[Dashboard] Step 1185/3600: 总车辆=356, 平均停车数=4.86, 平均车辆数=5.01
[Dashboard] Step 1186/3600: 总车辆=358, 平均停车数=4.87, 平均车辆数=5.04
[Dashboard] Step 1187/3600: 总车辆=354, 平均停车数=4.87, 平均车辆数=4.99
[Dashboard] Step 1188/3600: 总车辆=357, 平均停车数=4.90, 平均车辆数=5.03
[Dashboard] Step 1189/3600: 总车辆=358, 平均停车数=4.90, 平均车辆数=5.04
[Dashboard] Step 1190/3600: 总车辆=355, 平均停车数=4.90, 平均车辆数=5.00
[Dashboard] Step 1191/3600: 总车辆=355, 平均停车数=4.90, 平均车辆数=5.00
[Dashboard] Step 1192/3600: 总车辆=356, 平均停车数=4.90, 平均车辆数=5.01
[Dashboard] Step 1193/3600: 总车辆=357, 平均停车数=4.90, 平均车辆数=5.03
[Junction J064] 车辆=15, 拥堵度=0.64
[Dashboard] Step 1194/3600: 总车辆=358, 平均停车数=4.90, 平均车辆数=5.04
[Dashboard] Step 1195/3600: 总车辆=359, 平均停车数=4.90, 平均车辆数=5.06
[Junction J015] 车辆=12, 拥堵度=0.53
[Dashboard] Step 1196/3600: 总车辆=360, 平均停车数=4.92, 平均车辆数=5.07
[Dashboard] Step 1197/3600: 总车辆=360, 平均停车数=4.92, 平均车辆数=5.07
[Dashboard] Step 1198/3600: 总车辆=360, 平均停车数=4.94, 平均车辆数=5.07
[Dashboard] Step 1199/3600: 总车辆=361, 平均停车数=4.93, 平均车辆数=5.08
[Dashboard] Step 1200/3600: 总车辆=361, 平均停车数=4.93, 平均车辆数=5.08
[Junction J073] 车辆=12, 拥堵度=0.56
[Dashboard] Step 1201/3600: 总车辆=361, 平均停车数=4.94, 平均车辆数=5.08
[Dashboard] Step 1202/3600: 总车辆=362, 平均停车数=4.93, 平均车辆数=5.10
[Dashboard] Step 1203/3600: 总车辆=364, 平均停车数=4.93, 平均车辆数=5.13
[Dashboard] Step 1204/3600: 总车辆=366, 平均停车数=4.93, 平均车辆数=5.15
[Dashboard] Step 1205/3600: 总车辆=366, 平均停车数=4.93, 平均车辆数=5.15
[Dashboard] Step 1206/3600: 总车辆=367, 平均停车数=4.93, 平均车辆数=5.17
[Dashboard] Step 1207/3600: 总车辆=369, 平均停车数=4.94, 平均车辆数=5.20
[Dashboard] Step 1208/3600: 总车辆=368, 平均停车数=4.97, 平均车辆数=5.18
[Dashboard] Step 1209/3600: 总车辆=369, 平均停车数=4.97, 平均车辆数=5.20
[Junction J011] 车辆=13, 拥堵度=0.58
[Dashboard] Step 1210/3600: 总车辆=367, 平均停车数=4.99, 平均车辆数=5.17
[Dashboard] Step 1211/3600: 总车辆=365, 平均停车数=4.97, 平均车辆数=5.14
[Dashboard] Step 1212/3600: 总车辆=369, 平均停车数=5.00, 平均车辆数=5.20
[Dashboard] Step 1213/3600: 总车辆=366, 平均停车数=5.00, 平均车辆数=5.15
[Junction J004] 车辆=6, 拥堵度=0.52
[Junction J017] 车辆=16, 拥堵度=0.53
[Dashboard] Step 1214/3600: 总车辆=366, 平均停车数=5.01, 平均车辆数=5.15
[Junction J006] 车辆=40, 拥堵度=0.72
[Dashboard] Step 1215/3600: 总车辆=367, 平均停车数=5.04, 平均车辆数=5.17
[Dashboard] Step 1216/3600: 总车辆=365, 平均停车数=5.04, 平均车辆数=5.14
[Dashboard] Step 1217/3600: 总车辆=366, 平均停车数=5.06, 平均车辆数=5.15
[Junction J057] 车辆=16, 拥堵度=0.60
[Dashboard] Step 1218/3600: 总车辆=366, 平均停车数=5.06, 平均车辆数=5.15
[Junction J005] 车辆=29, 拥堵度=0.77
[Dashboard] Step 1219/3600: 总车辆=364, 平均停车数=5.04, 平均车辆数=5.13
[Junction J060] 车辆=7, 拥堵度=0.54
[Junction J070] 车辆=7, 拥堵度=0.54
[Dashboard] Step 1220/3600: 总车辆=365, 平均停车数=5.06, 平均车辆数=5.14
[Dashboard] Step 1221/3600: 总车辆=365, 平均停车数=5.04, 平均车辆数=5.14
[Dashboard] Step 1222/3600: 总车辆=369, 平均停车数=5.04, 平均车辆数=5.20
[Junction J010] 车辆=16, 拥堵度=0.55
[Junction J032] 车辆=6, 拥堵度=0.54
[Dashboard] Step 1223/3600: 总车辆=366, 平均停车数=5.04, 平均车辆数=5.15
[Junction J016] 车辆=10, 拥堵度=0.54
[Dashboard] Step 1224/3600: 总车辆=362, 平均停车数=5.04, 平均车辆数=5.10
[Dashboard] Step 1225/3600: 总车辆=364, 平均停车数=5.04, 平均车辆数=5.13
[Dashboard] Step 1226/3600: 总车辆=365, 平均停车数=5.06, 平均车辆数=5.14
[Dashboard] Step 1227/3600: 总车辆=364, 平均停车数=5.06, 平均车辆数=5.13
[Dashboard] Step 1228/3600: 总车辆=364, 平均停车数=5.06, 平均车辆数=5.13
[Dashboard] Step 1229/3600: 总车辆=366, 平均停车数=5.06, 平均车辆数=5.15
[Junction J003] 车辆=9, 拥堵度=0.54
[Dashboard] Step 1230/3600: 总车辆=367, 平均停车数=5.07, 平均车辆数=5.17
[Dashboard] Step 1231/3600: 总车辆=368, 平均停车数=5.08, 平均车辆数=5.18
[Dashboard] Step 1232/3600: 总车辆=369, 平均停车数=5.08, 平均车辆数=5.20
[Dashboard] Step 1233/3600: 总车辆=368, 平均停车数=5.08, 平均车辆数=5.18
[Dashboard] Step 1234/3600: 总车辆=368, 平均停车数=5.10, 平均车辆数=5.18
[Dashboard] Step 1235/3600: 总车辆=370, 平均停车数=5.10, 平均车辆数=5.21
[Dashboard] Step 1236/3600: 总车辆=370, 平均停车数=5.08, 平均车辆数=5.21
[Dashboard] Step 1237/3600: 总车辆=370, 平均停车数=5.10, 平均车辆数=5.21
[Dashboard] Step 1238/3600: 总车辆=366, 平均停车数=5.08, 平均车辆数=5.15
[Dashboard] Step 1239/3600: 总车辆=369, 平均停车数=5.10, 平均车辆数=5.20
[Dashboard] Step 1240/3600: 总车辆=370, 平均停车数=5.10, 平均车辆数=5.21
[Dashboard] Step 1241/3600: 总车辆=370, 平均停车数=5.08, 平均车辆数=5.21
[Junction J038] 车辆=11, 拥堵度=0.57
[Dashboard] Step 1242/3600: 总车辆=371, 平均停车数=5.08, 平均车辆数=5.23
[Dashboard] Step 1243/3600: 总车辆=372, 平均停车数=5.11, 平均车辆数=5.24
[Dashboard] Step 1244/3600: 总车辆=371, 平均停车数=5.14, 平均车辆数=5.23
[Dashboard] Step 1245/3600: 总车辆=372, 平均停车数=5.14, 平均车辆数=5.24
[Dashboard] Step 1246/3600: 总车辆=374, 平均停车数=5.14, 平均车辆数=5.27
[Dashboard] Step 1247/3600: 总车辆=373, 平均停车数=5.13, 平均车辆数=5.25
[Dashboard] Step 1248/3600: 总车辆=373, 平均停车数=5.14, 平均车辆数=5.25
[Dashboard] Step 1249/3600: 总车辆=376, 平均停车数=5.14, 平均车辆数=5.30
[Dashboard] Step 1250/3600: 总车辆=376, 平均停车数=5.14, 平均车辆数=5.30
[Dashboard] Step 1251/3600: 总车辆=376, 平均停车数=5.14, 平均车辆数=5.30
[Junction J035] 车辆=17, 拥堵度=0.60
[Dashboard] Step 1252/3600: 总车辆=378, 平均停车数=5.13, 平均车辆数=5.32
[Dashboard] Step 1253/3600: 总车辆=381, 平均停车数=5.13, 平均车辆数=5.37
[Dashboard] Step 1254/3600: 总车辆=380, 平均停车数=5.14, 平均车辆数=5.35
[Dashboard] Step 1255/3600: 总车辆=379, 平均停车数=5.14, 平均车辆数=5.34
[Dashboard] Step 1256/3600: 总车辆=376, 平均停车数=5.14, 平均车辆数=5.30
[Dashboard] Step 1257/3600: 总车辆=373, 平均停车数=5.11, 平均车辆数=5.25
[Dashboard] Step 1258/3600: 总车辆=374, 平均停车数=5.14, 平均车辆数=5.27
[Dashboard] Step 1259/3600: 总车辆=370, 平均停车数=5.15, 平均车辆数=5.21
[Dashboard] Step 1260/3600: 总车辆=366, 平均停车数=5.13, 平均车辆数=5.15
[Dashboard] Step 1261/3600: 总车辆=365, 平均停车数=5.13, 平均车辆数=5.14
[Dashboard] Step 1262/3600: 总车辆=366, 平均停车数=5.11, 平均车辆数=5.15
[Dashboard] Step 1263/3600: 总车辆=367, 平均停车数=5.11, 平均车辆数=5.17
[Dashboard] Step 1264/3600: 总车辆=368, 平均停车数=5.13, 平均车辆数=5.18
[Dashboard] Step 1265/3600: 总车辆=370, 平均停车数=5.14, 平均车辆数=5.21
[Dashboard] Step 1266/3600: 总车辆=371, 平均停车数=5.13, 平均车辆数=5.23
[Dashboard] Step 1267/3600: 总车辆=371, 平均停车数=5.14, 平均车辆数=5.23
[Dashboard] Step 1268/3600: 总车辆=372, 平均停车数=5.14, 平均车辆数=5.24
[Junction J037] 车辆=11, 拥堵度=0.47
[Dashboard] Step 1269/3600: 总车辆=374, 平均停车数=5.14, 平均车辆数=5.27
[Junction J087] 车辆=12, 拥堵度=0.57
[Dashboard] Step 1270/3600: 总车辆=375, 平均停车数=5.14, 平均车辆数=5.28
[Dashboard] Step 1271/3600: 总车辆=374, 平均停车数=5.14, 平均车辆数=5.27
[Dashboard] Step 1272/3600: 总车辆=372, 平均停车数=5.14, 平均车辆数=5.24
[Junction J028] 车辆=8, 拥堵度=0.52
[Dashboard] Step 1273/3600: 总车辆=373, 平均停车数=5.14, 平均车辆数=5.25
[Dashboard] Step 1274/3600: 总车辆=372, 平均停车数=5.15, 平均车辆数=5.24
[Junction J056] 车辆=15, 拥堵度=0.55
[Dashboard] Step 1275/3600: 总车辆=371, 平均停车数=5.17, 平均车辆数=5.23
[Junction J066] 车辆=49, 拥堵度=0.88
[Dashboard] Step 1276/3600: 总车辆=371, 平均停车数=5.17, 平均车辆数=5.23
[Dashboard] Step 1277/3600: 总车辆=371, 平均停车数=5.15, 平均车辆数=5.23
[Junction J081] 车辆=6, 拥堵度=0.55
[Dashboard] Step 1278/3600: 总车辆=372, 平均停车数=5.15, 平均车辆数=5.24
[Dashboard] Step 1279/3600: 总车辆=374, 平均停车数=5.14, 平均车辆数=5.27
[Dashboard] Step 1280/3600: 总车辆=373, 平均停车数=5.14, 平均车辆数=5.25
[Dashboard] Step 1281/3600: 总车辆=373, 平均停车数=5.14, 平均车辆数=5.25
[Dashboard] Step 1282/3600: 总车辆=377, 平均停车数=5.14, 平均车辆数=5.31
[Dashboard] Step 1283/3600: 总车辆=376, 平均停车数=5.13, 平均车辆数=5.30
[Dashboard] Step 1284/3600: 总车辆=374, 平均停车数=5.11, 平均车辆数=5.27
[Junction J072] 车辆=10, 拥堵度=0.57
[Dashboard] Step 1285/3600: 总车辆=376, 平均停车数=5.11, 平均车辆数=5.30
[Dashboard] Step 1286/3600: 总车辆=375, 平均停车数=5.11, 平均车辆数=5.28
[Dashboard] Step 1287/3600: 总车辆=375, 平均停车数=5.13, 平均车辆数=5.28
[Dashboard] Step 1288/3600: 总车辆=372, 平均停车数=5.11, 平均车辆数=5.24
[Dashboard] Step 1289/3600: 总车辆=374, 平均停车数=5.14, 平均车辆数=5.27
[Dashboard] Step 1290/3600: 总车辆=375, 平均停车数=5.15, 平均车辆数=5.28
[Dashboard] Step 1291/3600: 总车辆=376, 平均停车数=5.17, 平均车辆数=5.30
[Dashboard] Step 1292/3600: 总车辆=379, 平均停车数=5.20, 平均车辆数=5.34
[Dashboard] Step 1293/3600: 总车辆=379, 平均停车数=5.21, 平均车辆数=5.34
[Junction J064] 车辆=18, 拥堵度=0.67
[Dashboard] Step 1294/3600: 总车辆=382, 平均停车数=5.21, 平均车辆数=5.38
[Dashboard] Step 1295/3600: 总车辆=383, 平均停车数=5.21, 平均车辆数=5.39
[Junction J015] 车辆=13, 拥堵度=0.56
[Dashboard] Step 1296/3600: 总车辆=381, 平均停车数=5.20, 平均车辆数=5.37
[Dashboard] Step 1297/3600: 总车辆=380, 平均停车数=5.20, 平均车辆数=5.35
[Dashboard] Step 1298/3600: 总车辆=382, 平均停车数=5.21, 平均车辆数=5.38
[Dashboard] Step 1299/3600: 总车辆=382, 平均停车数=5.21, 平均车辆数=5.38
[Dashboard] Step 1300/3600: 总车辆=381, 平均停车数=5.18, 平均车辆数=5.37
[Junction J073] 车辆=15, 拥堵度=0.57
[Dashboard] Step 1301/3600: 总车辆=382, 平均停车数=5.18, 平均车辆数=5.38
[Dashboard] Step 1302/3600: 总车辆=383, 平均停车数=5.20, 平均车辆数=5.39
[Dashboard] Step 1303/3600: 总车辆=386, 平均停车数=5.20, 平均车辆数=5.44
[Dashboard] Step 1304/3600: 总车辆=382, 平均停车数=5.21, 平均车辆数=5.38
[Dashboard] Step 1305/3600: 总车辆=383, 平均停车数=5.24, 平均车辆数=5.39
[Dashboard] Step 1306/3600: 总车辆=383, 平均停车数=5.24, 平均车辆数=5.39
[Dashboard] Step 1307/3600: 总车辆=381, 平均停车数=5.25, 平均车辆数=5.37
[Dashboard] Step 1308/3600: 总车辆=384, 平均停车数=5.25, 平均车辆数=5.41
[Dashboard] Step 1309/3600: 总车辆=384, 平均停车数=5.24, 平均车辆数=5.41
[Junction J011] 车辆=13, 拥堵度=0.58
[Dashboard] Step 1310/3600: 总车辆=381, 平均停车数=5.24, 平均车辆数=5.37
[Dashboard] Step 1311/3600: 总车辆=380, 平均停车数=5.24, 平均车辆数=5.35
[Dashboard] Step 1312/3600: 总车辆=378, 平均停车数=5.25, 平均车辆数=5.32
[Dashboard] Step 1313/3600: 总车辆=382, 平均停车数=5.25, 平均车辆数=5.38
[Junction J004] 车辆=8, 拥堵度=0.49
[Junction J017] 车辆=15, 拥堵度=0.57
[Dashboard] Step 1314/3600: 总车辆=382, 平均停车数=5.24, 平均车辆数=5.38
[Junction J006] 车辆=39, 拥堵度=0.73
[Dashboard] Step 1315/3600: 总车辆=383, 平均停车数=5.24, 平均车辆数=5.39
[Dashboard] Step 1316/3600: 总车辆=383, 平均停车数=5.24, 平均车辆数=5.39
[Dashboard] Step 1317/3600: 总车辆=382, 平均停车数=5.25, 平均车辆数=5.38
[Junction J057] 车辆=18, 拥堵度=0.61
[Dashboard] Step 1318/3600: 总车辆=381, 平均停车数=5.27, 平均车辆数=5.37
[Junction J005] 车辆=30, 拥堵度=0.70
[Dashboard] Step 1319/3600: 总车辆=382, 平均停车数=5.27, 平均车辆数=5.38
[Junction J060] 车辆=7, 拥堵度=0.43
[Junction J070] 车辆=7, 拥堵度=0.54
[Dashboard] Step 1320/3600: 总车辆=381, 平均停车数=5.27, 平均车辆数=5.37
[Dashboard] Step 1321/3600: 总车辆=381, 平均停车数=5.24, 平均车辆数=5.37
[Dashboard] Step 1322/3600: 总车辆=381, 平均停车数=5.24, 平均车辆数=5.37
[Junction J010] 车辆=15, 拥堵度=0.58
[Junction J032] 车辆=7, 拥堵度=0.56
[Dashboard] Step 1323/3600: 总车辆=381, 平均停车数=5.24, 平均车辆数=5.37
[Junction J016] 车辆=11, 拥堵度=0.56
[Dashboard] Step 1324/3600: 总车辆=382, 平均停车数=5.24, 平均车辆数=5.38
[Dashboard] Step 1325/3600: 总车辆=384, 平均停车数=5.24, 平均车辆数=5.41
[Dashboard] Step 1326/3600: 总车辆=382, 平均停车数=5.24, 平均车辆数=5.38
[Dashboard] Step 1327/3600: 总车辆=382, 平均停车数=5.25, 平均车辆数=5.38
[Dashboard] Step 1328/3600: 总车辆=382, 平均停车数=5.28, 平均车辆数=5.38
[Dashboard] Step 1329/3600: 总车辆=379, 平均停车数=5.28, 平均车辆数=5.34
[Junction J003] 车辆=8, 拥堵度=0.53
[Dashboard] Step 1330/3600: 总车辆=379, 平均停车数=5.27, 平均车辆数=5.34
[Dashboard] Step 1331/3600: 总车辆=378, 平均停车数=5.28, 平均车辆数=5.32
[Dashboard] Step 1332/3600: 总车辆=379, 平均停车数=5.28, 平均车辆数=5.34
[Dashboard] Step 1333/3600: 总车辆=380, 平均停车数=5.28, 平均车辆数=5.35
[Dashboard] Step 1334/3600: 总车辆=379, 平均停车数=5.28, 平均车辆数=5.34
[Dashboard] Step 1335/3600: 总车辆=379, 平均停车数=5.25, 平均车辆数=5.34
[Dashboard] Step 1336/3600: 总车辆=378, 平均停车数=5.23, 平均车辆数=5.32
[Dashboard] Step 1337/3600: 总车辆=381, 平均停车数=5.23, 平均车辆数=5.37
[Dashboard] Step 1338/3600: 总车辆=380, 平均停车数=5.21, 平均车辆数=5.35
[Dashboard] Step 1339/3600: 总车辆=381, 平均停车数=5.21, 平均车辆数=5.37
[Dashboard] Step 1340/3600: 总车辆=381, 平均停车数=5.21, 平均车辆数=5.37
[Dashboard] Step 1341/3600: 总车辆=380, 平均停车数=5.23, 平均车辆数=5.35
[Junction J038] 车辆=13, 拥堵度=0.51
[Dashboard] Step 1342/3600: 总车辆=385, 平均停车数=5.23, 平均车辆数=5.42
[Dashboard] Step 1343/3600: 总车辆=385, 平均停车数=5.24, 平均车辆数=5.42
[Dashboard] Step 1344/3600: 总车辆=384, 平均停车数=5.24, 平均车辆数=5.41
[Dashboard] Step 1345/3600: 总车辆=383, 平均停车数=5.24, 平均车辆数=5.39
[Dashboard] Step 1346/3600: 总车辆=385, 平均停车数=5.24, 平均车辆数=5.42
[Dashboard] Step 1347/3600: 总车辆=383, 平均停车数=5.25, 平均车辆数=5.39
[Dashboard] Step 1348/3600: 总车辆=386, 平均停车数=5.30, 平均车辆数=5.44
[Dashboard] Step 1349/3600: 总车辆=385, 平均停车数=5.30, 平均车辆数=5.42
[Dashboard] Step 1350/3600: 总车辆=383, 平均停车数=5.28, 平均车辆数=5.39
[Dashboard] Step 1351/3600: 总车辆=384, 平均停车数=5.30, 平均车辆数=5.41
[Junction J035] 车辆=16, 拥堵度=0.59
[Dashboard] Step 1352/3600: 总车辆=384, 平均停车数=5.31, 平均车辆数=5.41
[Dashboard] Step 1353/3600: 总车辆=382, 平均停车数=5.31, 平均车辆数=5.38
[Dashboard] Step 1354/3600: 总车辆=381, 平均停车数=5.31, 平均车辆数=5.37
[Dashboard] Step 1355/3600: 总车辆=380, 平均停车数=5.31, 平均车辆数=5.35
[Dashboard] Step 1356/3600: 总车辆=381, 平均停车数=5.31, 平均车辆数=5.37
[Dashboard] Step 1357/3600: 总车辆=383, 平均停车数=5.31, 平均车辆数=5.39
[Dashboard] Step 1358/3600: 总车辆=383, 平均停车数=5.31, 平均车辆数=5.39
[Dashboard] Step 1359/3600: 总车辆=383, 平均停车数=5.30, 平均车辆数=5.39
[Dashboard] Step 1360/3600: 总车辆=384, 平均停车数=5.30, 平均车辆数=5.41
[Dashboard] Step 1361/3600: 总车辆=384, 平均停车数=5.28, 平均车辆数=5.41
[Dashboard] Step 1362/3600: 总车辆=383, 平均停车数=5.28, 平均车辆数=5.39
[Dashboard] Step 1363/3600: 总车辆=383, 平均停车数=5.27, 平均车辆数=5.39
[Dashboard] Step 1364/3600: 总车辆=384, 平均停车数=5.27, 平均车辆数=5.41
[Dashboard] Step 1365/3600: 总车辆=384, 平均停车数=5.28, 平均车辆数=5.41
[Dashboard] Step 1366/3600: 总车辆=383, 平均停车数=5.30, 平均车辆数=5.39
[Dashboard] Step 1367/3600: 总车辆=382, 平均停车数=5.30, 平均车辆数=5.38
[Dashboard] Step 1368/3600: 总车辆=382, 平均停车数=5.30, 平均车辆数=5.38
[Junction J037] 车辆=9, 拥堵度=0.55
[Dashboard] Step 1369/3600: 总车辆=382, 平均停车数=5.28, 平均车辆数=5.38
[Junction J087] 车辆=12, 拥堵度=0.57
[Dashboard] Step 1370/3600: 总车辆=381, 平均停车数=5.27, 平均车辆数=5.37
[Dashboard] Step 1371/3600: 总车辆=386, 平均停车数=5.28, 平均车辆数=5.44
[Dashboard] Step 1372/3600: 总车辆=386, 平均停车数=5.28, 平均车辆数=5.44
[Junction J028] 车辆=8, 拥堵度=0.53
[Dashboard] Step 1373/3600: 总车辆=387, 平均停车数=5.28, 平均车辆数=5.45
[Dashboard] Step 1374/3600: 总车辆=387, 平均停车数=5.30, 平均车辆数=5.45
[Junction J056] 车辆=15, 拥堵度=0.58
[Dashboard] Step 1375/3600: 总车辆=389, 平均停车数=5.30, 平均车辆数=5.48
[Junction J066] 车辆=52, 拥堵度=0.89
[Dashboard] Step 1376/3600: 总车辆=390, 平均停车数=5.30, 平均车辆数=5.49
[Dashboard] Step 1377/3600: 总车辆=390, 平均停车数=5.28, 平均车辆数=5.49
[Junction J081] 车辆=6, 拥堵度=0.59
[Dashboard] Step 1378/3600: 总车辆=391, 平均停车数=5.30, 平均车辆数=5.51
[Dashboard] Step 1379/3600: 总车辆=389, 平均停车数=5.31, 平均车辆数=5.48
[Dashboard] Step 1380/3600: 总车辆=391, 平均停车数=5.31, 平均车辆数=5.51
[Dashboard] Step 1381/3600: 总车辆=389, 平均停车数=5.32, 平均车辆数=5.48
[Dashboard] Step 1382/3600: 总车辆=390, 平均停车数=5.32, 平均车辆数=5.49
[Dashboard] Step 1383/3600: 总车辆=387, 平均停车数=5.32, 平均车辆数=5.45
[Dashboard] Step 1384/3600: 总车辆=390, 平均停车数=5.34, 平均车辆数=5.49
[Junction J072] 车辆=10, 拥堵度=0.57
[Dashboard] Step 1385/3600: 总车辆=390, 平均停车数=5.34, 平均车辆数=5.49
[Dashboard] Step 1386/3600: 总车辆=392, 平均停车数=5.35, 平均车辆数=5.52
[Dashboard] Step 1387/3600: 总车辆=392, 平均停车数=5.35, 平均车辆数=5.52
[Dashboard] Step 1388/3600: 总车辆=390, 平均停车数=5.35, 平均车辆数=5.49
[Dashboard] Step 1389/3600: 总车辆=393, 平均停车数=5.32, 平均车辆数=5.54
[Dashboard] Step 1390/3600: 总车辆=394, 平均停车数=5.32, 平均车辆数=5.55
[Dashboard] Step 1391/3600: 总车辆=395, 平均停车数=5.32, 平均车辆数=5.56
[Dashboard] Step 1392/3600: 总车辆=397, 平均停车数=5.32, 平均车辆数=5.59
[Dashboard] Step 1393/3600: 总车辆=396, 平均停车数=5.34, 平均车辆数=5.58
[Junction J064] 车辆=18, 拥堵度=0.67
[Dashboard] Step 1394/3600: 总车辆=398, 平均停车数=5.35, 平均车辆数=5.61
[Dashboard] Step 1395/3600: 总车辆=398, 平均停车数=5.35, 平均车辆数=5.61
[Junction J015] 车辆=15, 拥堵度=0.57
[Dashboard] Step 1396/3600: 总车辆=399, 平均停车数=5.37, 平均车辆数=5.62
[Dashboard] Step 1397/3600: 总车辆=398, 平均停车数=5.37, 平均车辆数=5.61
[Dashboard] Step 1398/3600: 总车辆=397, 平均停车数=5.38, 平均车辆数=5.59
[Dashboard] Step 1399/3600: 总车辆=394, 平均停车数=5.38, 平均车辆数=5.55
[Dashboard] Step 1400/3600: 总车辆=394, 平均停车数=5.39, 平均车辆数=5.55
[Junction J073] 车辆=12, 拥堵度=0.57
[Dashboard] Step 1401/3600: 总车辆=392, 平均停车数=5.42, 平均车辆数=5.52
[Dashboard] Step 1402/3600: 总车辆=391, 平均停车数=5.44, 平均车辆数=5.51
[Dashboard] Step 1403/3600: 总车辆=392, 平均停车数=5.42, 平均车辆数=5.52
[Dashboard] Step 1404/3600: 总车辆=392, 平均停车数=5.41, 平均车辆数=5.52
[Dashboard] Step 1405/3600: 总车辆=391, 平均停车数=5.42, 平均车辆数=5.51
[Dashboard] Step 1406/3600: 总车辆=389, 平均停车数=5.41, 平均车辆数=5.48
[Dashboard] Step 1407/3600: 总车辆=391, 平均停车数=5.41, 平均车辆数=5.51
[Dashboard] Step 1408/3600: 总车辆=393, 平均停车数=5.41, 平均车辆数=5.54
[Dashboard] Step 1409/3600: 总车辆=395, 平均停车数=5.41, 平均车辆数=5.56
[Junction J011] 车辆=13, 拥堵度=0.58
[Dashboard] Step 1410/3600: 总车辆=394, 平均停车数=5.41, 平均车辆数=5.55
[Dashboard] Step 1411/3600: 总车辆=393, 平均停车数=5.41, 平均车辆数=5.54
[Dashboard] Step 1412/3600: 总车辆=395, 平均停车数=5.41, 平均车辆数=5.56
[Dashboard] Step 1413/3600: 总车辆=394, 平均停车数=5.41, 平均车辆数=5.55
[Junction J004] 车辆=10, 拥堵度=0.54
[Junction J017] 车辆=16, 拥堵度=0.53
[Dashboard] Step 1414/3600: 总车辆=396, 平均停车数=5.41, 平均车辆数=5.58
[Junction J006] 车辆=39, 拥堵度=0.73
[Dashboard] Step 1415/3600: 总车辆=394, 平均停车数=5.41, 平均车辆数=5.55
[Dashboard] Step 1416/3600: 总车辆=395, 平均停车数=5.41, 平均车辆数=5.56
[Dashboard] Step 1417/3600: 总车辆=398, 平均停车数=5.41, 平均车辆数=5.61
[Junction J057] 车辆=22, 拥堵度=0.61
[Dashboard] Step 1418/3600: 总车辆=397, 平均停车数=5.41, 平均车辆数=5.59
[Junction J005] 车辆=35, 拥堵度=0.84
[Dashboard] Step 1419/3600: 总车辆=396, 平均停车数=5.42, 平均车辆数=5.58
[Junction J060] 车辆=7, 拥堵度=0.45
[Junction J070] 车辆=8, 拥堵度=0.54
[Dashboard] Step 1420/3600: 总车辆=396, 平均停车数=5.42, 平均车辆数=5.58
[Dashboard] Step 1421/3600: 总车辆=396, 平均停车数=5.41, 平均车辆数=5.58
[Dashboard] Step 1422/3600: 总车辆=396, 平均停车数=5.45, 平均车辆数=5.58
[Junction J010] 车辆=14, 拥堵度=0.57
[Junction J032] 车辆=7, 拥堵度=0.56
[Dashboard] Step 1423/3600: 总车辆=396, 平均停车数=5.45, 平均车辆数=5.58
[Junction J014] 车辆=5, 拥堵度=0.53
[Junction J016] 车辆=10, 拥堵度=0.54
[Dashboard] Step 1424/3600: 总车辆=394, 平均停车数=5.44, 平均车辆数=5.55
[Dashboard] Step 1425/3600: 总车辆=397, 平均停车数=5.44, 平均车辆数=5.59
[Dashboard] Step 1426/3600: 总车辆=399, 平均停车数=5.45, 平均车辆数=5.62
[Dashboard] Step 1427/3600: 总车辆=402, 平均停车数=5.48, 平均车辆数=5.66
[Dashboard] Step 1428/3600: 总车辆=405, 平均停车数=5.48, 平均车辆数=5.70
[Dashboard] Step 1429/3600: 总车辆=404, 平均停车数=5.49, 平均车辆数=5.69
[Junction J003] 车辆=8, 拥堵度=0.50
[Dashboard] Step 1430/3600: 总车辆=405, 平均停车数=5.49, 平均车辆数=5.70
[Dashboard] Step 1431/3600: 总车辆=408, 平均停车数=5.49, 平均车辆数=5.75
[Dashboard] Step 1432/3600: 总车辆=407, 平均停车数=5.49, 平均车辆数=5.73
[Dashboard] Step 1433/3600: 总车辆=408, 平均停车数=5.51, 平均车辆数=5.75
[Dashboard] Step 1434/3600: 总车辆=407, 平均停车数=5.51, 平均车辆数=5.73
[Dashboard] Step 1435/3600: 总车辆=403, 平均停车数=5.48, 平均车辆数=5.68
[Dashboard] Step 1436/3600: 总车辆=401, 平均停车数=5.49, 平均车辆数=5.65
[Dashboard] Step 1437/3600: 总车辆=401, 平均停车数=5.51, 平均车辆数=5.65
[Dashboard] Step 1438/3600: 总车辆=400, 平均停车数=5.51, 平均车辆数=5.63
[Dashboard] Step 1439/3600: 总车辆=401, 平均停车数=5.55, 平均车辆数=5.65
[Dashboard] Step 1440/3600: 总车辆=399, 平均停车数=5.54, 平均车辆数=5.62
[Dashboard] Step 1441/3600: 总车辆=400, 平均停车数=5.54, 平均车辆数=5.63
[Junction J038] 车辆=13, 拥堵度=0.58
[Dashboard] Step 1442/3600: 总车辆=402, 平均停车数=5.54, 平均车辆数=5.66
[Dashboard] Step 1443/3600: 总车辆=403, 平均停车数=5.54, 平均车辆数=5.68
[Dashboard] Step 1444/3600: 总车辆=403, 平均停车数=5.54, 平均车辆数=5.68
[Dashboard] Step 1445/3600: 总车辆=403, 平均停车数=5.52, 平均车辆数=5.68
[Dashboard] Step 1446/3600: 总车辆=401, 平均停车数=5.51, 平均车辆数=5.65
[Dashboard] Step 1447/3600: 总车辆=400, 平均停车数=5.49, 平均车辆数=5.63
[Dashboard] Step 1448/3600: 总车辆=403, 平均停车数=5.52, 平均车辆数=5.68
[Dashboard] Step 1449/3600: 总车辆=401, 平均停车数=5.51, 平均车辆数=5.65
[Dashboard] Step 1450/3600: 总车辆=399, 平均停车数=5.51, 平均车辆数=5.62
[Dashboard] Step 1451/3600: 总车辆=403, 平均停车数=5.54, 平均车辆数=5.68
[Junction J035] 车辆=17, 拥堵度=0.60
[Dashboard] Step 1452/3600: 总车辆=401, 平均停车数=5.51, 平均车辆数=5.65
[Dashboard] Step 1453/3600: 总车辆=402, 平均停车数=5.51, 平均车辆数=5.66
[Dashboard] Step 1454/3600: 总车辆=400, 平均停车数=5.52, 平均车辆数=5.63
[Dashboard] Step 1455/3600: 总车辆=402, 平均停车数=5.54, 平均车辆数=5.66
[Dashboard] Step 1456/3600: 总车辆=405, 平均停车数=5.54, 平均车辆数=5.70
[Dashboard] Step 1457/3600: 总车辆=406, 平均停车数=5.52, 平均车辆数=5.72
[Dashboard] Step 1458/3600: 总车辆=405, 平均停车数=5.52, 平均车辆数=5.70
[Dashboard] Step 1459/3600: 总车辆=404, 平均停车数=5.55, 平均车辆数=5.69
[Dashboard] Step 1460/3600: 总车辆=405, 平均停车数=5.56, 平均车辆数=5.70
[Dashboard] Step 1461/3600: 总车辆=405, 平均停车数=5.58, 平均车辆数=5.70
[Dashboard] Step 1462/3600: 总车辆=405, 平均停车数=5.58, 平均车辆数=5.70
[Dashboard] Step 1463/3600: 总车辆=405, 平均停车数=5.58, 平均车辆数=5.70
[Dashboard] Step 1464/3600: 总车辆=407, 平均停车数=5.58, 平均车辆数=5.73
[Dashboard] Step 1465/3600: 总车辆=407, 平均停车数=5.58, 平均车辆数=5.73
[Dashboard] Step 1466/3600: 总车辆=407, 平均停车数=5.58, 平均车辆数=5.73
[Dashboard] Step 1467/3600: 总车辆=405, 平均停车数=5.58, 平均车辆数=5.70
[Dashboard] Step 1468/3600: 总车辆=404, 平均停车数=5.58, 平均车辆数=5.69
[Junction J037] 车辆=10, 拥堵度=0.56
[Dashboard] Step 1469/3600: 总车辆=404, 平均停车数=5.58, 平均车辆数=5.69
[Junction J087] 车辆=12, 拥堵度=0.57
[Dashboard] Step 1470/3600: 总车辆=402, 平均停车数=5.56, 平均车辆数=5.66
[Dashboard] Step 1471/3600: 总车辆=400, 平均停车数=5.56, 平均车辆数=5.63
[Dashboard] Step 1472/3600: 总车辆=401, 平均停车数=5.56, 平均车辆数=5.65
[Junction J028] 车辆=8, 拥堵度=0.53
[Dashboard] Step 1473/3600: 总车辆=403, 平均停车数=5.56, 平均车辆数=5.68
[Dashboard] Step 1474/3600: 总车辆=406, 平均停车数=5.58, 平均车辆数=5.72
[Junction J056] 车辆=17, 拥堵度=0.55
[Dashboard] Step 1475/3600: 总车辆=405, 平均停车数=5.59, 平均车辆数=5.70
[Junction J066] 车辆=54, 拥堵度=0.89
[Dashboard] Step 1476/3600: 总车辆=405, 平均停车数=5.59, 平均车辆数=5.70
[Dashboard] Step 1477/3600: 总车辆=406, 平均停车数=5.59, 平均车辆数=5.72
[Junction J081] 车辆=7, 拥堵度=0.59
[Dashboard] Step 1478/3600: 总车辆=406, 平均停车数=5.59, 平均车辆数=5.72
[Dashboard] Step 1479/3600: 总车辆=408, 平均停车数=5.59, 平均车辆数=5.75
[Dashboard] Step 1480/3600: 总车辆=406, 平均停车数=5.59, 平均车辆数=5.72
[Dashboard] Step 1481/3600: 总车辆=408, 平均停车数=5.59, 平均车辆数=5.75
[Dashboard] Step 1482/3600: 总车辆=410, 平均停车数=5.61, 平均车辆数=5.77
[Dashboard] Step 1483/3600: 总车辆=410, 平均停车数=5.61, 平均车辆数=5.77
[Dashboard] Step 1484/3600: 总车辆=409, 平均停车数=5.61, 平均车辆数=5.76
[Junction J072] 车辆=10, 拥堵度=0.57
[Dashboard] Step 1485/3600: 总车辆=410, 平均停车数=5.61, 平均车辆数=5.77
[Dashboard] Step 1486/3600: 总车辆=411, 平均停车数=5.61, 平均车辆数=5.79
[Dashboard] Step 1487/3600: 总车辆=414, 平均停车数=5.62, 平均车辆数=5.83
[Dashboard] Step 1488/3600: 总车辆=412, 平均停车数=5.61, 平均车辆数=5.80
[Dashboard] Step 1489/3600: 总车辆=413, 平均停车数=5.61, 平均车辆数=5.82
[Dashboard] Step 1490/3600: 总车辆=417, 平均停车数=5.61, 平均车辆数=5.87
[Dashboard] Step 1491/3600: 总车辆=417, 平均停车数=5.59, 平均车辆数=5.87
[Dashboard] Step 1492/3600: 总车辆=413, 平均停车数=5.59, 平均车辆数=5.82
[Dashboard] Step 1493/3600: 总车辆=412, 平均停车数=5.59, 平均车辆数=5.80
[Junction J064] 车辆=17, 拥堵度=0.66
[Dashboard] Step 1494/3600: 总车辆=412, 平均停车数=5.61, 平均车辆数=5.80
[Dashboard] Step 1495/3600: 总车辆=409, 平均停车数=5.61, 平均车辆数=5.76
[Junction J015] 车辆=16, 拥堵度=0.56
[Dashboard] Step 1496/3600: 总车辆=409, 平均停车数=5.62, 平均车辆数=5.76
[Dashboard] Step 1497/3600: 总车辆=411, 平均停车数=5.63, 平均车辆数=5.79
[Dashboard] Step 1498/3600: 总车辆=411, 平均停车数=5.66, 平均车辆数=5.79
[Dashboard] Step 1499/3600: 总车辆=411, 平均停车数=5.66, 平均车辆数=5.79
[Dashboard] Step 1500/3600: 总车辆=411, 平均停车数=5.68, 平均车辆数=5.79
[Junction J073] 车辆=12, 拥堵度=0.57
[Dashboard] Step 1501/3600: 总车辆=411, 平均停车数=5.69, 平均车辆数=5.79
[Dashboard] Step 1502/3600: 总车辆=413, 平均停车数=5.69, 平均车辆数=5.82
[Dashboard] Step 1503/3600: 总车辆=410, 平均停车数=5.68, 平均车辆数=5.77
[Dashboard] Step 1504/3600: 总车辆=410, 平均停车数=5.66, 平均车辆数=5.77
[Dashboard] Step 1505/3600: 总车辆=411, 平均停车数=5.65, 平均车辆数=5.79
[Dashboard] Step 1506/3600: 总车辆=413, 平均停车数=5.65, 平均车辆数=5.82
[Dashboard] Step 1507/3600: 总车辆=413, 平均停车数=5.69, 平均车辆数=5.82
[Dashboard] Step 1508/3600: 总车辆=415, 平均停车数=5.72, 平均车辆数=5.85
[Dashboard] Step 1509/3600: 总车辆=416, 平均停车数=5.75, 平均车辆数=5.86
[Junction J011] 车辆=13, 拥堵度=0.58
[Dashboard] Step 1510/3600: 总车辆=416, 平均停车数=5.73, 平均车辆数=5.86
[Dashboard] Step 1511/3600: 总车辆=414, 平均停车数=5.73, 平均车辆数=5.83
[Dashboard] Step 1512/3600: 总车辆=412, 平均停车数=5.70, 平均车辆数=5.80
[Dashboard] Step 1513/3600: 总车辆=413, 平均停车数=5.69, 平均车辆数=5.82
[Junction J004] 车辆=9, 拥堵度=0.54
[Junction J017] 车辆=15, 拥堵度=0.57
[Dashboard] Step 1514/3600: 总车辆=413, 平均停车数=5.70, 平均车辆数=5.82
[Junction J006] 车辆=39, 拥堵度=0.73
[Dashboard] Step 1515/3600: 总车辆=415, 平均停车数=5.70, 平均车辆数=5.85
[Dashboard] Step 1516/3600: 总车辆=415, 平均停车数=5.69, 平均车辆数=5.85
[Dashboard] Step 1517/3600: 总车辆=412, 平均停车数=5.69, 平均车辆数=5.80
[Junction J057] 车辆=23, 拥堵度=0.63
[Dashboard] Step 1518/3600: 总车辆=411, 平均停车数=5.68, 平均车辆数=5.79
[Junction J005] 车辆=34, 拥堵度=0.80
[Dashboard] Step 1519/3600: 总车辆=411, 平均停车数=5.69, 平均车辆数=5.79
[Junction J060] 车辆=11, 拥堵度=0.56
[Junction J070] 车辆=10, 拥堵度=0.55
[Dashboard] Step 1520/3600: 总车辆=411, 平均停车数=5.69, 平均车辆数=5.79
[Dashboard] Step 1521/3600: 总车辆=410, 平均停车数=5.68, 平均车辆数=5.77
[Dashboard] Step 1522/3600: 总车辆=410, 平均停车数=5.68, 平均车辆数=5.77
[Junction J010] 车辆=13, 拥堵度=0.57
[Junction J032] 车辆=6, 拥堵度=0.52
[Dashboard] Step 1523/3600: 总车辆=408, 平均停车数=5.66, 平均车辆数=5.75
[Junction J014] 车辆=5, 拥堵度=0.53
[Junction J016] 车辆=10, 拥堵度=0.55
[Dashboard] Step 1524/3600: 总车辆=407, 平均停车数=5.65, 平均车辆数=5.73
[Dashboard] Step 1525/3600: 总车辆=406, 平均停车数=5.65, 平均车辆数=5.72
[Dashboard] Step 1526/3600: 总车辆=406, 平均停车数=5.63, 平均车辆数=5.72
[Dashboard] Step 1527/3600: 总车辆=406, 平均停车数=5.62, 平均车辆数=5.72
[Dashboard] Step 1528/3600: 总车辆=404, 平均停车数=5.62, 平均车辆数=5.69
[Dashboard] Step 1529/3600: 总车辆=404, 平均停车数=5.62, 平均车辆数=5.69
[Junction J003] 车辆=8, 拥堵度=0.53
[Dashboard] Step 1530/3600: 总车辆=404, 平均停车数=5.62, 平均车辆数=5.69
[Dashboard] Step 1531/3600: 总车辆=405, 平均停车数=5.61, 平均车辆数=5.70
[Dashboard] Step 1532/3600: 总车辆=404, 平均停车数=5.61, 平均车辆数=5.69
[Dashboard] Step 1533/3600: 总车辆=403, 平均停车数=5.59, 平均车辆数=5.68
[Dashboard] Step 1534/3600: 总车辆=402, 平均停车数=5.59, 平均车辆数=5.66
[Dashboard] Step 1535/3600: 总车辆=401, 平均停车数=5.58, 平均车辆数=5.65
[Dashboard] Step 1536/3600: 总车辆=403, 平均停车数=5.56, 平均车辆数=5.68
[Dashboard] Step 1537/3600: 总车辆=403, 平均停车数=5.56, 平均车辆数=5.68
[Dashboard] Step 1538/3600: 总车辆=403, 平均停车数=5.56, 平均车辆数=5.68
[Dashboard] Step 1539/3600: 总车辆=404, 平均停车数=5.58, 平均车辆数=5.69
[Dashboard] Step 1540/3600: 总车辆=404, 平均停车数=5.56, 平均车辆数=5.69
[Dashboard] Step 1541/3600: 总车辆=404, 平均停车数=5.56, 平均车辆数=5.69
[Junction J038] 车辆=14, 拥堵度=0.58
[Dashboard] Step 1542/3600: 总车辆=402, 平均停车数=5.54, 平均车辆数=5.66
[Dashboard] Step 1543/3600: 总车辆=405, 平均停车数=5.54, 平均车辆数=5.70
[Dashboard] Step 1544/3600: 总车辆=406, 平均停车数=5.54, 平均车辆数=5.72
[Dashboard] Step 1545/3600: 总车辆=405, 平均停车数=5.52, 平均车辆数=5.70
[Dashboard] Step 1546/3600: 总车辆=404, 平均停车数=5.52, 平均车辆数=5.69
[Dashboard] Step 1547/3600: 总车辆=405, 平均停车数=5.52, 平均车辆数=5.70
[Dashboard] Step 1548/3600: 总车辆=406, 平均停车数=5.52, 平均车辆数=5.72
[Dashboard] Step 1549/3600: 总车辆=407, 平均停车数=5.55, 平均车辆数=5.73
[Dashboard] Step 1550/3600: 总车辆=405, 平均停车数=5.55, 平均车辆数=5.70
[Dashboard] Step 1551/3600: 总车辆=405, 平均停车数=5.56, 平均车辆数=5.70
[Junction J035] 车辆=17, 拥堵度=0.60
[Dashboard] Step 1552/3600: 总车辆=404, 平均停车数=5.56, 平均车辆数=5.69
[Dashboard] Step 1553/3600: 总车辆=402, 平均停车数=5.56, 平均车辆数=5.66
[Dashboard] Step 1554/3600: 总车辆=405, 平均停车数=5.58, 平均车辆数=5.70
[Dashboard] Step 1555/3600: 总车辆=404, 平均停车数=5.59, 平均车辆数=5.69
[Dashboard] Step 1556/3600: 总车辆=402, 平均停车数=5.56, 平均车辆数=5.66
[Dashboard] Step 1557/3600: 总车辆=405, 平均停车数=5.56, 平均车辆数=5.70
[Dashboard] Step 1558/3600: 总车辆=407, 平均停车数=5.59, 平均车辆数=5.73
[Dashboard] Step 1559/3600: 总车辆=404, 平均停车数=5.59, 平均车辆数=5.69
[Dashboard] Step 1560/3600: 总车辆=408, 平均停车数=5.61, 平均车辆数=5.75
[Dashboard] Step 1561/3600: 总车辆=409, 平均停车数=5.62, 平均车辆数=5.76
[Dashboard] Step 1562/3600: 总车辆=407, 平均停车数=5.59, 平均车辆数=5.73
[Dashboard] Step 1563/3600: 总车辆=406, 平均停车数=5.61, 平均车辆数=5.72
[Dashboard] Step 1564/3600: 总车辆=404, 平均停车数=5.59, 平均车辆数=5.69
[Dashboard] Step 1565/3600: 总车辆=402, 平均停车数=5.56, 平均车辆数=5.66
[Dashboard] Step 1566/3600: 总车辆=404, 平均停车数=5.55, 平均车辆数=5.69
[Dashboard] Step 1567/3600: 总车辆=401, 平均停车数=5.55, 平均车辆数=5.65
[Dashboard] Step 1568/3600: 总车辆=403, 平均停车数=5.55, 平均车辆数=5.68
[Junction J037] 车辆=11, 拥堵度=0.57
[Dashboard] Step 1569/3600: 总车辆=403, 平均停车数=5.55, 平均车辆数=5.68
[Junction J087] 车辆=12, 拥堵度=0.57
[Dashboard] Step 1570/3600: 总车辆=405, 平均停车数=5.55, 平均车辆数=5.70
[Dashboard] Step 1571/3600: 总车辆=406, 平均停车数=5.56, 平均车辆数=5.72
[Dashboard] Step 1572/3600: 总车辆=408, 平均停车数=5.58, 平均车辆数=5.75
[Junction J028] 车辆=6, 拥堵度=0.52
[Dashboard] Step 1573/3600: 总车辆=407, 平均停车数=5.58, 平均车辆数=5.73
[Dashboard] Step 1574/3600: 总车辆=407, 平均停车数=5.58, 平均车辆数=5.73
[Junction J056] 车辆=27, 拥堵度=0.70
[Dashboard] Step 1575/3600: 总车辆=407, 平均停车数=5.58, 平均车辆数=5.73
[Junction J066] 车辆=54, 拥堵度=0.90
[Dashboard] Step 1576/3600: 总车辆=408, 平均停车数=5.61, 平均车辆数=5.75
[Dashboard] Step 1577/3600: 总车辆=408, 平均停车数=5.62, 平均车辆数=5.75
[Junction J081] 车辆=9, 拥堵度=0.64
[Dashboard] Step 1578/3600: 总车辆=404, 平均停车数=5.63, 平均车辆数=5.69
[Dashboard] Step 1579/3600: 总车辆=403, 平均停车数=5.63, 平均车辆数=5.68
[Dashboard] Step 1580/3600: 总车辆=404, 平均停车数=5.63, 平均车辆数=5.69
[Dashboard] Step 1581/3600: 总车辆=402, 平均停车数=5.62, 平均车辆数=5.66
[Dashboard] Step 1582/3600: 总车辆=401, 平均停车数=5.61, 平均车辆数=5.65
[Dashboard] Step 1583/3600: 总车辆=403, 平均停车数=5.61, 平均车辆数=5.68
[Dashboard] Step 1584/3600: 总车辆=403, 平均停车数=5.61, 平均车辆数=5.68
[Junction J072] 车辆=10, 拥堵度=0.57
[Dashboard] Step 1585/3600: 总车辆=404, 平均停车数=5.61, 平均车辆数=5.69
[Dashboard] Step 1586/3600: 总车辆=404, 平均停车数=5.61, 平均车辆数=5.69
[Dashboard] Step 1587/3600: 总车辆=402, 平均停车数=5.59, 平均车辆数=5.66
[Dashboard] Step 1588/3600: 总车辆=404, 平均停车数=5.59, 平均车辆数=5.69
[Dashboard] Step 1589/3600: 总车辆=403, 平均停车数=5.59, 平均车辆数=5.68
[Dashboard] Step 1590/3600: 总车辆=403, 平均停车数=5.59, 平均车辆数=5.68
[Dashboard] Step 1591/3600: 总车辆=404, 平均停车数=5.58, 平均车辆数=5.69
[Dashboard] Step 1592/3600: 总车辆=401, 平均停车数=5.59, 平均车辆数=5.65
[Dashboard] Step 1593/3600: 总车辆=403, 平均停车数=5.59, 平均车辆数=5.68
[Junction J064] 车辆=17, 拥堵度=0.66
[Dashboard] Step 1594/3600: 总车辆=404, 平均停车数=5.59, 平均车辆数=5.69
[Dashboard] Step 1595/3600: 总车辆=404, 平均停车数=5.59, 平均车辆数=5.69
[Junction J015] 车辆=16, 拥堵度=0.58
[Dashboard] Step 1596/3600: 总车辆=404, 平均停车数=5.59, 平均车辆数=5.69
[Dashboard] Step 1597/3600: 总车辆=405, 平均停车数=5.59, 平均车辆数=5.70
[Dashboard] Step 1598/3600: 总车辆=405, 平均停车数=5.59, 平均车辆数=5.70
[Dashboard] Step 1599/3600: 总车辆=407, 平均停车数=5.59, 平均车辆数=5.73
[Dashboard] Step 1600/3600: 总车辆=407, 平均停车数=5.61, 平均车辆数=5.73
[Junction J073] 车辆=15, 拥堵度=0.53
[Dashboard] Step 1601/3600: 总车辆=406, 平均停车数=5.61, 平均车辆数=5.72
[Dashboard] Step 1602/3600: 总车辆=406, 平均停车数=5.59, 平均车辆数=5.72
[Dashboard] Step 1603/3600: 总车辆=405, 平均停车数=5.59, 平均车辆数=5.70
[Dashboard] Step 1604/3600: 总车辆=408, 平均停车数=5.59, 平均车辆数=5.75
[Dashboard] Step 1605/3600: 总车辆=408, 平均停车数=5.58, 平均车辆数=5.75
[Dashboard] Step 1606/3600: 总车辆=410, 平均停车数=5.58, 平均车辆数=5.77
[Dashboard] Step 1607/3600: 总车辆=411, 平均停车数=5.58, 平均车辆数=5.79
[Dashboard] Step 1608/3600: 总车辆=413, 平均停车数=5.59, 平均车辆数=5.82
[Dashboard] Step 1609/3600: 总车辆=415, 平均停车数=5.62, 平均车辆数=5.85
[Junction J011] 车辆=13, 拥堵度=0.57
[Dashboard] Step 1610/3600: 总车辆=414, 平均停车数=5.63, 平均车辆数=5.83
[Dashboard] Step 1611/3600: 总车辆=416, 平均停车数=5.65, 平均车辆数=5.86
[Dashboard] Step 1612/3600: 总车辆=413, 平均停车数=5.65, 平均车辆数=5.82
[Dashboard] Step 1613/3600: 总车辆=413, 平均停车数=5.63, 平均车辆数=5.82
[Junction J004] 车辆=11, 拥堵度=0.54
[Junction J017] 车辆=14, 拥堵度=0.57
[Dashboard] Step 1614/3600: 总车辆=412, 平均停车数=5.65, 平均车辆数=5.80
[Junction J006] 车辆=39, 拥堵度=0.73
[Dashboard] Step 1615/3600: 总车辆=414, 平均停车数=5.65, 平均车辆数=5.83
[Dashboard] Step 1616/3600: 总车辆=414, 平均停车数=5.65, 平均车辆数=5.83
[Dashboard] Step 1617/3600: 总车辆=410, 平均停车数=5.65, 平均车辆数=5.77
[Junction J057] 车辆=22, 拥堵度=0.63
[Dashboard] Step 1618/3600: 总车辆=410, 平均停车数=5.63, 平均车辆数=5.77
[Junction J005] 车辆=18, 拥堵度=0.67
[Dashboard] Step 1619/3600: 总车辆=408, 平均停车数=5.61, 平均车辆数=5.75
[Junction J060] 车辆=9, 拥堵度=0.51
[Junction J070] 车辆=7, 拥堵度=0.52
[Dashboard] Step 1620/3600: 总车辆=406, 平均停车数=5.61, 平均车辆数=5.72
[Dashboard] Step 1621/3600: 总车辆=407, 平均停车数=5.62, 平均车辆数=5.73
[Dashboard] Step 1622/3600: 总车辆=412, 平均停车数=5.62, 平均车辆数=5.80
[Junction J010] 车辆=15, 拥堵度=0.58
[Junction J032] 车辆=6, 拥堵度=0.55
[Dashboard] Step 1623/3600: 总车辆=410, 平均停车数=5.62, 平均车辆数=5.77
[Junction J016] 车辆=9, 拥堵度=0.55
[Dashboard] Step 1624/3600: 总车辆=408, 平均停车数=5.62, 平均车辆数=5.75
[Dashboard] Step 1625/3600: 总车辆=409, 平均停车数=5.63, 平均车辆数=5.76
[Dashboard] Step 1626/3600: 总车辆=407, 平均停车数=5.62, 平均车辆数=5.73
[Dashboard] Step 1627/3600: 总车辆=406, 平均停车数=5.61, 平均车辆数=5.72
[Dashboard] Step 1628/3600: 总车辆=406, 平均停车数=5.59, 平均车辆数=5.72
[Dashboard] Step 1629/3600: 总车辆=404, 平均停车数=5.59, 平均车辆数=5.69
[Junction J014] 车辆=5, 拥堵度=0.53
[Junction J003] 车辆=9, 拥堵度=0.54
[Dashboard] Step 1630/3600: 总车辆=403, 平均停车数=5.59, 平均车辆数=5.68
[Dashboard] Step 1631/3600: 总车辆=401, 平均停车数=5.59, 平均车辆数=5.65
[Dashboard] Step 1632/3600: 总车辆=403, 平均停车数=5.59, 平均车辆数=5.68
[Dashboard] Step 1633/3600: 总车辆=401, 平均停车数=5.59, 平均车辆数=5.65
[Dashboard] Step 1634/3600: 总车辆=401, 平均停车数=5.58, 平均车辆数=5.65
[Dashboard] Step 1635/3600: 总车辆=404, 平均停车数=5.59, 平均车辆数=5.69
[Dashboard] Step 1636/3600: 总车辆=403, 平均停车数=5.59, 平均车辆数=5.68
[Dashboard] Step 1637/3600: 总车辆=401, 平均停车数=5.59, 平均车辆数=5.65
[Dashboard] Step 1638/3600: 总车辆=401, 平均停车数=5.59, 平均车辆数=5.65
[Dashboard] Step 1639/3600: 总车辆=402, 平均停车数=5.59, 平均车辆数=5.66
[Dashboard] Step 1640/3600: 总车辆=402, 平均停车数=5.61, 平均车辆数=5.66
[Junction J008] 车辆=5, 拥堵度=0.51
[Dashboard] Step 1641/3600: 总车辆=403, 平均停车数=5.59, 平均车辆数=5.68
[Junction J038] 车辆=14, 拥堵度=0.52
[Dashboard] Step 1642/3600: 总车辆=401, 平均停车数=5.55, 平均车辆数=5.65
[Dashboard] Step 1643/3600: 总车辆=403, 平均停车数=5.54, 平均车辆数=5.68
[Dashboard] Step 1644/3600: 总车辆=405, 平均停车数=5.54, 平均车辆数=5.70
[Dashboard] Step 1645/3600: 总车辆=406, 平均停车数=5.54, 平均车辆数=5.72
[Dashboard] Step 1646/3600: 总车辆=407, 平均停车数=5.56, 平均车辆数=5.73
[Dashboard] Step 1647/3600: 总车辆=408, 平均停车数=5.56, 平均车辆数=5.75
[Dashboard] Step 1648/3600: 总车辆=409, 平均停车数=5.56, 平均车辆数=5.76
[Dashboard] Step 1649/3600: 总车辆=407, 平均停车数=5.59, 平均车辆数=5.73
[Dashboard] Step 1650/3600: 总车辆=407, 平均停车数=5.58, 平均车辆数=5.73
[Dashboard] Step 1651/3600: 总车辆=404, 平均停车数=5.56, 平均车辆数=5.69
[Junction J035] 车辆=16, 拥堵度=0.60
[Dashboard] Step 1652/3600: 总车辆=404, 平均停车数=5.58, 平均车辆数=5.69
[Dashboard] Step 1653/3600: 总车辆=408, 平均停车数=5.61, 平均车辆数=5.75
[Dashboard] Step 1654/3600: 总车辆=407, 平均停车数=5.61, 平均车辆数=5.73
[Dashboard] Step 1655/3600: 总车辆=406, 平均停车数=5.61, 平均车辆数=5.72
[Dashboard] Step 1656/3600: 总车辆=405, 平均停车数=5.59, 平均车辆数=5.70
[Dashboard] Step 1657/3600: 总车辆=407, 平均停车数=5.61, 平均车辆数=5.73
[Dashboard] Step 1658/3600: 总车辆=407, 平均停车数=5.63, 平均车辆数=5.73
[Dashboard] Step 1659/3600: 总车辆=407, 平均停车数=5.62, 平均车辆数=5.73
[Dashboard] Step 1660/3600: 总车辆=407, 平均停车数=5.62, 平均车辆数=5.73
[Dashboard] Step 1661/3600: 总车辆=409, 平均停车数=5.62, 平均车辆数=5.76
[Dashboard] Step 1662/3600: 总车辆=408, 平均停车数=5.62, 平均车辆数=5.75
[Dashboard] Step 1663/3600: 总车辆=408, 平均停车数=5.63, 平均车辆数=5.75
[Dashboard] Step 1664/3600: 总车辆=408, 平均停车数=5.63, 平均车辆数=5.75
[Dashboard] Step 1665/3600: 总车辆=406, 平均停车数=5.62, 平均车辆数=5.72
[Dashboard] Step 1666/3600: 总车辆=407, 平均停车数=5.62, 平均车辆数=5.73
[Dashboard] Step 1667/3600: 总车辆=407, 平均停车数=5.62, 平均车辆数=5.73
[Dashboard] Step 1668/3600: 总车辆=405, 平均停车数=5.61, 平均车辆数=5.70
[Junction J037] 车辆=11, 拥堵度=0.52
[Dashboard] Step 1669/3600: 总车辆=405, 平均停车数=5.61, 平均车辆数=5.70
[Junction J087] 车辆=12, 拥堵度=0.57
[Dashboard] Step 1670/3600: 总车辆=403, 平均停车数=5.61, 平均车辆数=5.68
[Dashboard] Step 1671/3600: 总车辆=403, 平均停车数=5.62, 平均车辆数=5.68
[Dashboard] Step 1672/3600: 总车辆=403, 平均停车数=5.63, 平均车辆数=5.68
[Junction J028] 车辆=7, 拥堵度=0.52
[Dashboard] Step 1673/3600: 总车辆=404, 平均停车数=5.63, 平均车辆数=5.69
[Dashboard] Step 1674/3600: 总车辆=404, 平均停车数=5.65, 平均车辆数=5.69
[Junction J056] 车辆=28, 拥堵度=0.72
[Dashboard] Step 1675/3600: 总车辆=403, 平均停车数=5.63, 平均车辆数=5.68
[Junction J066] 车辆=54, 拥堵度=0.89
[Dashboard] Step 1676/3600: 总车辆=407, 平均停车数=5.63, 平均车辆数=5.73
[Dashboard] Step 1677/3600: 总车辆=405, 平均停车数=5.65, 平均车辆数=5.70
[Junction J081] 车辆=8, 拥堵度=0.58
[Dashboard] Step 1678/3600: 总车辆=403, 平均停车数=5.62, 平均车辆数=5.68
[Dashboard] Step 1679/3600: 总车辆=407, 平均停车数=5.62, 平均车辆数=5.73
[Dashboard] Step 1680/3600: 总车辆=407, 平均停车数=5.63, 平均车辆数=5.73
[Dashboard] Step 1681/3600: 总车辆=405, 平均停车数=5.63, 平均车辆数=5.70
[Dashboard] Step 1682/3600: 总车辆=408, 平均停车数=5.65, 平均车辆数=5.75
[Dashboard] Step 1683/3600: 总车辆=408, 平均停车数=5.65, 平均车辆数=5.75
[Dashboard] Step 1684/3600: 总车辆=410, 平均停车数=5.63, 平均车辆数=5.77
[Junction J072] 车辆=10, 拥堵度=0.57
[Dashboard] Step 1685/3600: 总车辆=410, 平均停车数=5.65, 平均车辆数=5.77
[Dashboard] Step 1686/3600: 总车辆=414, 平均停车数=5.65, 平均车辆数=5.83
[Dashboard] Step 1687/3600: 总车辆=413, 平均停车数=5.65, 平均车辆数=5.82
[Dashboard] Step 1688/3600: 总车辆=414, 平均停车数=5.65, 平均车辆数=5.83
[Dashboard] Step 1689/3600: 总车辆=413, 平均停车数=5.65, 平均车辆数=5.82
[Dashboard] Step 1690/3600: 总车辆=412, 平均停车数=5.65, 平均车辆数=5.80
[Dashboard] Step 1691/3600: 总车辆=409, 平均停车数=5.65, 平均车辆数=5.76
[Dashboard] Step 1692/3600: 总车辆=409, 平均停车数=5.65, 平均车辆数=5.76
[Dashboard] Step 1693/3600: 总车辆=408, 平均停车数=5.63, 平均车辆数=5.75
[Junction J064] 车辆=17, 拥堵度=0.66
[Dashboard] Step 1694/3600: 总车辆=407, 平均停车数=5.62, 平均车辆数=5.73
[Dashboard] Step 1695/3600: 总车辆=407, 平均停车数=5.62, 平均车辆数=5.73
[Junction J015] 车辆=17, 拥堵度=0.58
[Dashboard] Step 1696/3600: 总车辆=405, 平均停车数=5.62, 平均车辆数=5.70
[Dashboard] Step 1697/3600: 总车辆=407, 平均停车数=5.63, 平均车辆数=5.73
[Dashboard] Step 1698/3600: 总车辆=409, 平均停车数=5.63, 平均车辆数=5.76
[Dashboard] Step 1699/3600: 总车辆=410, 平均停车数=5.63, 平均车辆数=5.77
[Dashboard] Step 1700/3600: 总车辆=410, 平均停车数=5.63, 平均车辆数=5.77
[Junction J073] 车辆=12, 拥堵度=0.57
[Dashboard] Step 1701/3600: 总车辆=410, 平均停车数=5.62, 平均车辆数=5.77
[Dashboard] Step 1702/3600: 总车辆=408, 平均停车数=5.61, 平均车辆数=5.75
[Dashboard] Step 1703/3600: 总车辆=407, 平均停车数=5.61, 平均车辆数=5.73
[Dashboard] Step 1704/3600: 总车辆=408, 平均停车数=5.61, 平均车辆数=5.75
[Dashboard] Step 1705/3600: 总车辆=410, 平均停车数=5.61, 平均车辆数=5.77
[Dashboard] Step 1706/3600: 总车辆=409, 平均停车数=5.62, 平均车辆数=5.76
[Dashboard] Step 1707/3600: 总车辆=408, 平均停车数=5.62, 平均车辆数=5.75
[Dashboard] Step 1708/3600: 总车辆=407, 平均停车数=5.63, 平均车辆数=5.73
[Dashboard] Step 1709/3600: 总车辆=407, 平均停车数=5.63, 平均车辆数=5.73
[Junction J011] 车辆=14, 拥堵度=0.58
[Dashboard] Step 1710/3600: 总车辆=408, 平均停车数=5.63, 平均车辆数=5.75
[Dashboard] Step 1711/3600: 总车辆=408, 平均停车数=5.63, 平均车辆数=5.75
[Dashboard] Step 1712/3600: 总车辆=408, 平均停车数=5.63, 平均车辆数=5.75
[Dashboard] Step 1713/3600: 总车辆=408, 平均停车数=5.63, 平均车辆数=5.75
[Junction J004] 车辆=8, 拥堵度=0.53
[Junction J017] 车辆=14, 拥堵度=0.57
[Dashboard] Step 1714/3600: 总车辆=407, 平均停车数=5.63, 平均车辆数=5.73
[Junction J006] 车辆=39, 拥堵度=0.73
[Dashboard] Step 1715/3600: 总车辆=408, 平均停车数=5.65, 平均车辆数=5.75
[Dashboard] Step 1716/3600: 总车辆=409, 平均停车数=5.65, 平均车辆数=5.76
[Dashboard] Step 1717/3600: 总车辆=410, 平均停车数=5.65, 平均车辆数=5.77
[Junction J057] 车辆=23, 拥堵度=0.64
[Dashboard] Step 1718/3600: 总车辆=408, 平均停车数=5.65, 平均车辆数=5.75
[Junction J005] 车辆=20, 拥堵度=0.69
[Dashboard] Step 1719/3600: 总车辆=407, 平均停车数=5.66, 平均车辆数=5.73
[Junction J060] 车辆=12, 拥堵度=0.56
[Junction J070] 车辆=6, 拥堵度=0.53
[Dashboard] Step 1720/3600: 总车辆=405, 平均停车数=5.66, 平均车辆数=5.70
[Dashboard] Step 1721/3600: 总车辆=406, 平均停车数=5.66, 平均车辆数=5.72
[Dashboard] Step 1722/3600: 总车辆=405, 平均停车数=5.63, 平均车辆数=5.70
[Junction J010] 车辆=14, 拥堵度=0.57
[Junction J032] 车辆=7, 拥堵度=0.56
[Dashboard] Step 1723/3600: 总车辆=406, 平均停车数=5.63, 平均车辆数=5.72
[Junction J016] 车辆=11, 拥堵度=0.56
[Dashboard] Step 1724/3600: 总车辆=407, 平均停车数=5.65, 平均车辆数=5.73
[Dashboard] Step 1725/3600: 总车辆=407, 平均停车数=5.65, 平均车辆数=5.73
[Dashboard] Step 1726/3600: 总车辆=407, 平均停车数=5.63, 平均车辆数=5.73
[Dashboard] Step 1727/3600: 总车辆=408, 平均停车数=5.63, 平均车辆数=5.75
[Dashboard] Step 1728/3600: 总车辆=408, 平均停车数=5.62, 平均车辆数=5.75
[Dashboard] Step 1729/3600: 总车辆=407, 平均停车数=5.63, 平均车辆数=5.73
[Junction J014] 车辆=5, 拥堵度=0.53
[Junction J003] 车辆=10, 拥堵度=0.54
[Dashboard] Step 1730/3600: 总车辆=405, 平均停车数=5.62, 平均车辆数=5.70
[Junction J061] 车辆=5, 拥堵度=0.53
[Dashboard] Step 1731/3600: 总车辆=405, 平均停车数=5.62, 平均车辆数=5.70
[Dashboard] Step 1732/3600: 总车辆=405, 平均停车数=5.63, 平均车辆数=5.70
[Dashboard] Step 1733/3600: 总车辆=407, 平均停车数=5.62, 平均车辆数=5.73
[Dashboard] Step 1734/3600: 总车辆=407, 平均停车数=5.62, 平均车辆数=5.73
[Dashboard] Step 1735/3600: 总车辆=404, 平均停车数=5.62, 平均车辆数=5.69
[Dashboard] Step 1736/3600: 总车辆=406, 平均停车数=5.62, 平均车辆数=5.72
[Dashboard] Step 1737/3600: 总车辆=406, 平均停车数=5.63, 平均车辆数=5.72
[Dashboard] Step 1738/3600: 总车辆=407, 平均停车数=5.63, 平均车辆数=5.73
[Dashboard] Step 1739/3600: 总车辆=404, 平均停车数=5.59, 平均车辆数=5.69
[Dashboard] Step 1740/3600: 总车辆=406, 平均停车数=5.59, 平均车辆数=5.72
[Dashboard] Step 1741/3600: 总车辆=404, 平均停车数=5.59, 平均车辆数=5.69
[Junction J038] 车辆=13, 拥堵度=0.51
[Dashboard] Step 1742/3600: 总车辆=408, 平均停车数=5.59, 平均车辆数=5.75
[Dashboard] Step 1743/3600: 总车辆=405, 平均停车数=5.56, 平均车辆数=5.70
[Dashboard] Step 1744/3600: 总车辆=405, 平均停车数=5.56, 平均车辆数=5.70
[Dashboard] Step 1745/3600: 总车辆=403, 平均停车数=5.55, 平均车辆数=5.68
[Dashboard] Step 1746/3600: 总车辆=402, 平均停车数=5.55, 平均车辆数=5.66
[Dashboard] Step 1747/3600: 总车辆=403, 平均停车数=5.56, 平均车辆数=5.68
[Dashboard] Step 1748/3600: 总车辆=405, 平均停车数=5.56, 平均车辆数=5.70
[Dashboard] Step 1749/3600: 总车辆=404, 平均停车数=5.55, 平均车辆数=5.69
[Dashboard] Step 1750/3600: 总车辆=405, 平均停车数=5.55, 平均车辆数=5.70
[Dashboard] Step 1751/3600: 总车辆=403, 平均停车数=5.54, 平均车辆数=5.68
[Junction J035] 车辆=14, 拥堵度=0.58
[Dashboard] Step 1752/3600: 总车辆=403, 平均停车数=5.56, 平均车辆数=5.68
[Dashboard] Step 1753/3600: 总车辆=406, 平均停车数=5.55, 平均车辆数=5.72
[Dashboard] Step 1754/3600: 总车辆=406, 平均停车数=5.56, 平均车辆数=5.72
[Dashboard] Step 1755/3600: 总车辆=406, 平均停车数=5.56, 平均车辆数=5.72
[Dashboard] Step 1756/3600: 总车辆=407, 平均停车数=5.56, 平均车辆数=5.73
[Dashboard] Step 1757/3600: 总车辆=406, 平均停车数=5.56, 平均车辆数=5.72
[Dashboard] Step 1758/3600: 总车辆=406, 平均停车数=5.56, 平均车辆数=5.72
[Dashboard] Step 1759/3600: 总车辆=407, 平均停车数=5.56, 平均车辆数=5.73
[Dashboard] Step 1760/3600: 总车辆=404, 平均停车数=5.56, 平均车辆数=5.69
[Dashboard] Step 1761/3600: 总车辆=404, 平均停车数=5.56, 平均车辆数=5.69
[Dashboard] Step 1762/3600: 总车辆=405, 平均停车数=5.55, 平均车辆数=5.70
[Dashboard] Step 1763/3600: 总车辆=407, 平均停车数=5.58, 平均车辆数=5.73
[Dashboard] Step 1764/3600: 总车辆=404, 平均停车数=5.59, 平均车辆数=5.69
[Dashboard] Step 1765/3600: 总车辆=405, 平均停车数=5.61, 平均车辆数=5.70
[Dashboard] Step 1766/3600: 总车辆=403, 平均停车数=5.61, 平均车辆数=5.68
[Dashboard] Step 1767/3600: 总车辆=405, 平均停车数=5.62, 平均车辆数=5.70
[Dashboard] Step 1768/3600: 总车辆=406, 平均停车数=5.61, 平均车辆数=5.72
[Junction J037] 车辆=11, 拥堵度=0.47
[Dashboard] Step 1769/3600: 总车辆=407, 平均停车数=5.61, 平均车辆数=5.73
[Junction J087] 车辆=12, 拥堵度=0.57
[Dashboard] Step 1770/3600: 总车辆=406, 平均停车数=5.61, 平均车辆数=5.72
[Dashboard] Step 1771/3600: 总车辆=405, 平均停车数=5.61, 平均车辆数=5.70
[Dashboard] Step 1772/3600: 总车辆=403, 平均停车数=5.61, 平均车辆数=5.68
[Junction J028] 车辆=8, 拥堵度=0.53
[Dashboard] Step 1773/3600: 总车辆=404, 平均停车数=5.61, 平均车辆数=5.69
[Dashboard] Step 1774/3600: 总车辆=404, 平均停车数=5.62, 平均车辆数=5.69
[Junction J056] 车辆=29, 拥堵度=0.69
[Dashboard] Step 1775/3600: 总车辆=403, 平均停车数=5.62, 平均车辆数=5.68
[Junction J066] 车辆=54, 拥堵度=0.90
[Dashboard] Step 1776/3600: 总车辆=405, 平均停车数=5.62, 平均车辆数=5.70
[Dashboard] Step 1777/3600: 总车辆=404, 平均停车数=5.63, 平均车辆数=5.69
[Junction J081] 车辆=11, 拥堵度=0.68
[Dashboard] Step 1778/3600: 总车辆=406, 平均停车数=5.63, 平均车辆数=5.72
[Dashboard] Step 1779/3600: 总车辆=406, 平均停车数=5.62, 平均车辆数=5.72
[Dashboard] Step 1780/3600: 总车辆=406, 平均停车数=5.62, 平均车辆数=5.72
[Dashboard] Step 1781/3600: 总车辆=404, 平均停车数=5.62, 平均车辆数=5.69
[Dashboard] Step 1782/3600: 总车辆=406, 平均停车数=5.62, 平均车辆数=5.72
[Dashboard] Step 1783/3600: 总车辆=406, 平均停车数=5.62, 平均车辆数=5.72
[Dashboard] Step 1784/3600: 总车辆=405, 平均停车数=5.63, 平均车辆数=5.70
[Junction J072] 车辆=10, 拥堵度=0.57
[Dashboard] Step 1785/3600: 总车辆=405, 平均停车数=5.63, 平均车辆数=5.70
[Dashboard] Step 1786/3600: 总车辆=405, 平均停车数=5.63, 平均车辆数=5.70
[Dashboard] Step 1787/3600: 总车辆=406, 平均停车数=5.63, 平均车辆数=5.72
[Dashboard] Step 1788/3600: 总车辆=408, 平均停车数=5.63, 平均车辆数=5.75
[Dashboard] Step 1789/3600: 总车辆=411, 平均停车数=5.65, 平均车辆数=5.79
[Dashboard] Step 1790/3600: 总车辆=410, 平均停车数=5.66, 平均车辆数=5.77
[Dashboard] Step 1791/3600: 总车辆=410, 平均停车数=5.66, 平均车辆数=5.77
[Dashboard] Step 1792/3600: 总车辆=409, 平均停车数=5.66, 平均车辆数=5.76
[Dashboard] Step 1793/3600: 总车辆=410, 平均停车数=5.66, 平均车辆数=5.77
[Junction J064] 车辆=17, 拥堵度=0.65
[Dashboard] Step 1794/3600: 总车辆=411, 平均停车数=5.65, 平均车辆数=5.79
[Dashboard] Step 1795/3600: 总车辆=412, 平均停车数=5.65, 平均车辆数=5.80
[Junction J015] 车辆=14, 拥堵度=0.57
[Dashboard] Step 1796/3600: 总车辆=411, 平均停车数=5.63, 平均车辆数=5.79
[Dashboard] Step 1797/3600: 总车辆=413, 平均停车数=5.66, 平均车辆数=5.82
[Dashboard] Step 1798/3600: 总车辆=413, 平均停车数=5.68, 平均车辆数=5.82
[Dashboard] Step 1799/3600: 总车辆=413, 平均停车数=5.69, 平均车辆数=5.82
[Dashboard] Step 1800/3600: 总车辆=411, 平均停车数=5.68, 平均车辆数=5.79
[Junction J073] 车辆=13, 拥堵度=0.58
[Dashboard] Step 1801/3600: 总车辆=411, 平均停车数=5.69, 平均车辆数=5.79
[Dashboard] Step 1802/3600: 总车辆=411, 平均停车数=5.69, 平均车辆数=5.79
[Dashboard] Step 1803/3600: 总车辆=411, 平均停车数=5.70, 平均车辆数=5.79
[Dashboard] Step 1804/3600: 总车辆=411, 平均停车数=5.72, 平均车辆数=5.79
[Dashboard] Step 1805/3600: 总车辆=413, 平均停车数=5.72, 平均车辆数=5.82
[Dashboard] Step 1806/3600: 总车辆=412, 平均停车数=5.72, 平均车辆数=5.80
[Dashboard] Step 1807/3600: 总车辆=411, 平均停车数=5.70, 平均车辆数=5.79
[Dashboard] Step 1808/3600: 总车辆=410, 平均停车数=5.68, 平均车辆数=5.77
[Dashboard] Step 1809/3600: 总车辆=412, 平均停车数=5.69, 平均车辆数=5.80
[Junction J011] 车辆=14, 拥堵度=0.58
[Dashboard] Step 1810/3600: 总车辆=411, 平均停车数=5.69, 平均车辆数=5.79
[Dashboard] Step 1811/3600: 总车辆=410, 平均停车数=5.69, 平均车辆数=5.77
[Dashboard] Step 1812/3600: 总车辆=410, 平均停车数=5.69, 平均车辆数=5.77
[Dashboard] Step 1813/3600: 总车辆=412, 平均停车数=5.70, 平均车辆数=5.80
[Junction J004] 车辆=8, 拥堵度=0.53
[Junction J017] 车辆=15, 拥堵度=0.57
[Dashboard] Step 1814/3600: 总车辆=411, 平均停车数=5.70, 平均车辆数=5.79
[Junction J006] 车辆=39, 拥堵度=0.73
[Dashboard] Step 1815/3600: 总车辆=413, 平均停车数=5.72, 平均车辆数=5.82
[Dashboard] Step 1816/3600: 总车辆=414, 平均停车数=5.72, 平均车辆数=5.83
[Dashboard] Step 1817/3600: 总车辆=414, 平均停车数=5.70, 平均车辆数=5.83
[Junction J057] 车辆=20, 拥堵度=0.62
[Dashboard] Step 1818/3600: 总车辆=414, 平均停车数=5.73, 平均车辆数=5.83
[Junction J005] 车辆=24, 拥堵度=0.73
[Dashboard] Step 1819/3600: 总车辆=418, 平均停车数=5.75, 平均车辆数=5.89
[Junction J060] 车辆=12, 拥堵度=0.56
[Junction J070] 车辆=8, 拥堵度=0.54
[Dashboard] Step 1820/3600: 总车辆=418, 平均停车数=5.75, 平均车辆数=5.89
[Dashboard] Step 1821/3600: 总车辆=419, 平均停车数=5.75, 平均车辆数=5.90
[Dashboard] Step 1822/3600: 总车辆=419, 平均停车数=5.73, 平均车辆数=5.90
[Junction J010] 车辆=13, 拥堵度=0.57
[Junction J032] 车辆=9, 拥堵度=0.46
[Dashboard] Step 1823/3600: 总车辆=417, 平均停车数=5.72, 平均车辆数=5.87
[Junction J016] 车辆=10, 拥堵度=0.55
[Dashboard] Step 1824/3600: 总车辆=418, 平均停车数=5.72, 平均车辆数=5.89
[Dashboard] Step 1825/3600: 总车辆=414, 平均停车数=5.70, 平均车辆数=5.83
[Dashboard] Step 1826/3600: 总车辆=414, 平均停车数=5.70, 平均车辆数=5.83
[Dashboard] Step 1827/3600: 总车辆=416, 平均停车数=5.70, 平均车辆数=5.86
[Dashboard] Step 1828/3600: 总车辆=413, 平均停车数=5.70, 平均车辆数=5.82
[Dashboard] Step 1829/3600: 总车辆=411, 平均停车数=5.69, 平均车辆数=5.79
[Junction J014] 车辆=5, 拥堵度=0.53
[Junction J003] 车辆=11, 拥堵度=0.55
[Dashboard] Step 1830/3600: 总车辆=414, 平均停车数=5.68, 平均车辆数=5.83
[Dashboard] Step 1831/3600: 总车辆=415, 平均停车数=5.68, 平均车辆数=5.85
[Dashboard] Step 1832/3600: 总车辆=413, 平均停车数=5.68, 平均车辆数=5.82
[Dashboard] Step 1833/3600: 总车辆=412, 平均停车数=5.69, 平均车辆数=5.80
[Dashboard] Step 1834/3600: 总车辆=413, 平均停车数=5.69, 平均车辆数=5.82
[Dashboard] Step 1835/3600: 总车辆=412, 平均停车数=5.69, 平均车辆数=5.80
[Dashboard] Step 1836/3600: 总车辆=414, 平均停车数=5.69, 平均车辆数=5.83
[Dashboard] Step 1837/3600: 总车辆=412, 平均停车数=5.69, 平均车辆数=5.80
[Dashboard] Step 1838/3600: 总车辆=411, 平均停车数=5.69, 平均车辆数=5.79
[Dashboard] Step 1839/3600: 总车辆=412, 平均停车数=5.69, 平均车辆数=5.80
[Dashboard] Step 1840/3600: 总车辆=415, 平均停车数=5.69, 平均车辆数=5.85
[Dashboard] Step 1841/3600: 总车辆=416, 平均停车数=5.72, 平均车辆数=5.86
[Junction J038] 车辆=11, 拥堵度=0.57
[Dashboard] Step 1842/3600: 总车辆=417, 平均停车数=5.72, 平均车辆数=5.87
[Dashboard] Step 1843/3600: 总车辆=416, 平均停车数=5.72, 平均车辆数=5.86
[Dashboard] Step 1844/3600: 总车辆=418, 平均停车数=5.72, 平均车辆数=5.89
[Dashboard] Step 1845/3600: 总车辆=417, 平均停车数=5.72, 平均车辆数=5.87
[Dashboard] Step 1846/3600: 总车辆=417, 平均停车数=5.70, 平均车辆数=5.87
[Dashboard] Step 1847/3600: 总车辆=416, 平均停车数=5.69, 平均车辆数=5.86
[Dashboard] Step 1848/3600: 总车辆=418, 平均停车数=5.69, 平均车辆数=5.89
[Dashboard] Step 1849/3600: 总车辆=417, 平均停车数=5.69, 平均车辆数=5.87
[Dashboard] Step 1850/3600: 总车辆=416, 平均停车数=5.69, 平均车辆数=5.86
[Dashboard] Step 1851/3600: 总车辆=416, 平均停车数=5.69, 平均车辆数=5.86
[Junction J035] 车辆=16, 拥堵度=0.60
[Dashboard] Step 1852/3600: 总车辆=417, 平均停车数=5.72, 平均车辆数=5.87
[Dashboard] Step 1853/3600: 总车辆=418, 平均停车数=5.70, 平均车辆数=5.89
[Dashboard] Step 1854/3600: 总车辆=417, 平均停车数=5.69, 平均车辆数=5.87
[Dashboard] Step 1855/3600: 总车辆=418, 平均停车数=5.70, 平均车辆数=5.89
[Dashboard] Step 1856/3600: 总车辆=419, 平均停车数=5.72, 平均车辆数=5.90
[Dashboard] Step 1857/3600: 总车辆=420, 平均停车数=5.72, 平均车辆数=5.92
[Dashboard] Step 1858/3600: 总车辆=422, 平均停车数=5.72, 平均车辆数=5.94
[Dashboard] Step 1859/3600: 总车辆=420, 平均停车数=5.70, 平均车辆数=5.92
[Dashboard] Step 1860/3600: 总车辆=419, 平均停车数=5.70, 平均车辆数=5.90
[Dashboard] Step 1861/3600: 总车辆=420, 平均停车数=5.70, 平均车辆数=5.92
[Dashboard] Step 1862/3600: 总车辆=422, 平均停车数=5.72, 平均车辆数=5.94
[Dashboard] Step 1863/3600: 总车辆=420, 平均停车数=5.72, 平均车辆数=5.92
[Dashboard] Step 1864/3600: 总车辆=420, 平均停车数=5.73, 平均车辆数=5.92
[Dashboard] Step 1865/3600: 总车辆=422, 平均停车数=5.75, 平均车辆数=5.94
[Dashboard] Step 1866/3600: 总车辆=422, 平均停车数=5.75, 平均车辆数=5.94
[Dashboard] Step 1867/3600: 总车辆=420, 平均停车数=5.72, 平均车辆数=5.92
[Dashboard] Step 1868/3600: 总车辆=420, 平均停车数=5.76, 平均车辆数=5.92
[Junction J037] 车辆=13, 拥堵度=0.58
[Dashboard] Step 1869/3600: 总车辆=418, 平均停车数=5.76, 平均车辆数=5.89
[Junction J087] 车辆=13, 拥堵度=0.57
[Dashboard] Step 1870/3600: 总车辆=419, 平均停车数=5.75, 平均车辆数=5.90
[Dashboard] Step 1871/3600: 总车辆=417, 平均停车数=5.75, 平均车辆数=5.87
[Dashboard] Step 1872/3600: 总车辆=414, 平均停车数=5.73, 平均车辆数=5.83
[Junction J028] 车辆=8, 拥堵度=0.51
[Dashboard] Step 1873/3600: 总车辆=414, 平均停车数=5.72, 平均车辆数=5.83
[Dashboard] Step 1874/3600: 总车辆=414, 平均停车数=5.72, 平均车辆数=5.83
[Junction J056] 车辆=27, 拥堵度=0.71
[Dashboard] Step 1875/3600: 总车辆=415, 平均停车数=5.73, 平均车辆数=5.85
[Junction J066] 车辆=53, 拥堵度=0.90
[Dashboard] Step 1876/3600: 总车辆=417, 平均停车数=5.73, 平均车辆数=5.87
[Dashboard] Step 1877/3600: 总车辆=420, 平均停车数=5.75, 平均车辆数=5.92
[Junction J081] 车辆=12, 拥堵度=0.69
[Dashboard] Step 1878/3600: 总车辆=419, 平均停车数=5.76, 平均车辆数=5.90
[Dashboard] Step 1879/3600: 总车辆=420, 平均停车数=5.77, 平均车辆数=5.92
[Dashboard] Step 1880/3600: 总车辆=422, 平均停车数=5.80, 平均车辆数=5.94
[Dashboard] Step 1881/3600: 总车辆=421, 平均停车数=5.80, 平均车辆数=5.93
[Dashboard] Step 1882/3600: 总车辆=419, 平均停车数=5.82, 平均车辆数=5.90
[Dashboard] Step 1883/3600: 总车辆=417, 平均停车数=5.82, 平均车辆数=5.87
[Dashboard] Step 1884/3600: 总车辆=417, 平均停车数=5.82, 平均车辆数=5.87
[Junction J072] 车辆=9, 拥堵度=0.56
[Dashboard] Step 1885/3600: 总车辆=415, 平均停车数=5.82, 平均车辆数=5.85
[Dashboard] Step 1886/3600: 总车辆=416, 平均停车数=5.82, 平均车辆数=5.86
[Dashboard] Step 1887/3600: 总车辆=418, 平均停车数=5.79, 平均车辆数=5.89
[Dashboard] Step 1888/3600: 总车辆=419, 平均停车数=5.82, 平均车辆数=5.90
[Dashboard] Step 1889/3600: 总车辆=419, 平均停车数=5.82, 平均车辆数=5.90
[Dashboard] Step 1890/3600: 总车辆=420, 平均停车数=5.82, 平均车辆数=5.92
[Dashboard] Step 1891/3600: 总车辆=421, 平均停车数=5.82, 平均车辆数=5.93
[Dashboard] Step 1892/3600: 总车辆=421, 平均停车数=5.80, 平均车辆数=5.93
[Dashboard] Step 1893/3600: 总车辆=419, 平均停车数=5.82, 平均车辆数=5.90
[Junction J064] 车辆=17, 拥堵度=0.66
[Dashboard] Step 1894/3600: 总车辆=418, 平均停车数=5.79, 平均车辆数=5.89
[Dashboard] Step 1895/3600: 总车辆=419, 平均停车数=5.79, 平均车辆数=5.90
[Junction J015] 车辆=16, 拥堵度=0.57
[Dashboard] Step 1896/3600: 总车辆=421, 平均停车数=5.80, 平均车辆数=5.93
[Dashboard] Step 1897/3600: 总车辆=421, 平均停车数=5.80, 平均车辆数=5.93
[Dashboard] Step 1898/3600: 总车辆=421, 平均停车数=5.79, 平均车辆数=5.93
[Dashboard] Step 1899/3600: 总车辆=421, 平均停车数=5.79, 平均车辆数=5.93
[Dashboard] Step 1900/3600: 总车辆=419, 平均停车数=5.79, 平均车辆数=5.90
[Junction J073] 车辆=13, 拥堵度=0.58
[Dashboard] Step 1901/3600: 总车辆=418, 平均停车数=5.82, 平均车辆数=5.89
[Dashboard] Step 1902/3600: 总车辆=419, 平均停车数=5.82, 平均车辆数=5.90
[Dashboard] Step 1903/3600: 总车辆=418, 平均停车数=5.85, 平均车辆数=5.89
[Dashboard] Step 1904/3600: 总车辆=418, 平均停车数=5.85, 平均车辆数=5.89
[Dashboard] Step 1905/3600: 总车辆=419, 平均停车数=5.85, 平均车辆数=5.90
[Dashboard] Step 1906/3600: 总车辆=420, 平均停车数=5.85, 平均车辆数=5.92
[Dashboard] Step 1907/3600: 总车辆=422, 平均停车数=5.83, 平均车辆数=5.94
[Dashboard] Step 1908/3600: 总车辆=423, 平均停车数=5.86, 平均车辆数=5.96
[Dashboard] Step 1909/3600: 总车辆=422, 平均停车数=5.85, 平均车辆数=5.94
[Junction J011] 车辆=13, 拥堵度=0.56
[Dashboard] Step 1910/3600: 总车辆=422, 平均停车数=5.85, 平均车辆数=5.94
[Dashboard] Step 1911/3600: 总车辆=421, 平均停车数=5.83, 平均车辆数=5.93
[Dashboard] Step 1912/3600: 总车辆=422, 平均停车数=5.83, 平均车辆数=5.94
[Dashboard] Step 1913/3600: 总车辆=422, 平均停车数=5.83, 平均车辆数=5.94
[Junction J004] 车辆=9, 拥堵度=0.54
[Junction J017] 车辆=17, 拥堵度=0.47
[Dashboard] Step 1914/3600: 总车辆=424, 平均停车数=5.82, 平均车辆数=5.97
[Junction J006] 车辆=39, 拥堵度=0.73
[Dashboard] Step 1915/3600: 总车辆=423, 平均停车数=5.82, 平均车辆数=5.96
[Dashboard] Step 1916/3600: 总车辆=424, 平均停车数=5.85, 平均车辆数=5.97
[Dashboard] Step 1917/3600: 总车辆=422, 平均停车数=5.85, 平均车辆数=5.94
[Junction J057] 车辆=21, 拥堵度=0.63
[Dashboard] Step 1918/3600: 总车辆=420, 平均停车数=5.82, 平均车辆数=5.92
[Junction J005] 车辆=24, 拥堵度=0.73
[Dashboard] Step 1919/3600: 总车辆=421, 平均停车数=5.82, 平均车辆数=5.93
[Junction J060] 车辆=13, 拥堵度=0.43
[Junction J070] 车辆=8, 拥堵度=0.54
[Dashboard] Step 1920/3600: 总车辆=420, 平均停车数=5.82, 平均车辆数=5.92
[Dashboard] Step 1921/3600: 总车辆=421, 平均停车数=5.82, 平均车辆数=5.93
[Dashboard] Step 1922/3600: 总车辆=420, 平均停车数=5.83, 平均车辆数=5.92
[Junction J010] 车辆=13, 拥堵度=0.57
[Junction J032] 车辆=7, 拥堵度=0.56
[Dashboard] Step 1923/3600: 总车辆=419, 平均停车数=5.83, 平均车辆数=5.90
[Junction J016] 车辆=12, 拥堵度=0.56
[Dashboard] Step 1924/3600: 总车辆=417, 平均停车数=5.80, 平均车辆数=5.87
[Dashboard] Step 1925/3600: 总车辆=418, 平均停车数=5.83, 平均车辆数=5.89
[Dashboard] Step 1926/3600: 总车辆=418, 平均停车数=5.83, 平均车辆数=5.89
[Dashboard] Step 1927/3600: 总车辆=418, 平均停车数=5.83, 平均车辆数=5.89
[Dashboard] Step 1928/3600: 总车辆=417, 平均停车数=5.83, 平均车辆数=5.87
[Dashboard] Step 1929/3600: 总车辆=417, 平均停车数=5.83, 平均车辆数=5.87
[Junction J003] 车辆=12, 拥堵度=0.55
[Dashboard] Step 1930/3600: 总车辆=418, 平均停车数=5.83, 平均车辆数=5.89
[Dashboard] Step 1931/3600: 总车辆=416, 平均停车数=5.82, 平均车辆数=5.86
[Dashboard] Step 1932/3600: 总车辆=415, 平均停车数=5.80, 平均车辆数=5.85
[Dashboard] Step 1933/3600: 总车辆=414, 平均停车数=5.80, 平均车辆数=5.83
[Dashboard] Step 1934/3600: 总车辆=413, 平均停车数=5.79, 平均车辆数=5.82
[Dashboard] Step 1935/3600: 总车辆=414, 平均停车数=5.79, 平均车辆数=5.83
[Dashboard] Step 1936/3600: 总车辆=414, 平均停车数=5.79, 平均车辆数=5.83
[Dashboard] Step 1937/3600: 总车辆=416, 平均停车数=5.79, 平均车辆数=5.86
[Dashboard] Step 1938/3600: 总车辆=415, 平均停车数=5.77, 平均车辆数=5.85
[Dashboard] Step 1939/3600: 总车辆=418, 平均停车数=5.79, 平均车辆数=5.89
[Dashboard] Step 1940/3600: 总车辆=418, 平均停车数=5.77, 平均车辆数=5.89
[Dashboard] Step 1941/3600: 总车辆=418, 平均停车数=5.79, 平均车辆数=5.89
[Junction J038] 车辆=12, 拥堵度=0.57
[Dashboard] Step 1942/3600: 总车辆=416, 平均停车数=5.79, 平均车辆数=5.86
[Dashboard] Step 1943/3600: 总车辆=418, 平均停车数=5.79, 平均车辆数=5.89
[Dashboard] Step 1944/3600: 总车辆=419, 平均停车数=5.79, 平均车辆数=5.90
[Dashboard] Step 1945/3600: 总车辆=419, 平均停车数=5.79, 平均车辆数=5.90
[Dashboard] Step 1946/3600: 总车辆=416, 平均停车数=5.77, 平均车辆数=5.86
[Dashboard] Step 1947/3600: 总车辆=418, 平均停车数=5.76, 平均车辆数=5.89
[Dashboard] Step 1948/3600: 总车辆=419, 平均停车数=5.75, 平均车辆数=5.90
[Dashboard] Step 1949/3600: 总车辆=417, 平均停车数=5.75, 平均车辆数=5.87
[Dashboard] Step 1950/3600: 总车辆=420, 平均停车数=5.73, 平均车辆数=5.92
[Dashboard] Step 1951/3600: 总车辆=420, 平均停车数=5.73, 平均车辆数=5.92
[Junction J035] 车辆=16, 拥堵度=0.59
[Dashboard] Step 1952/3600: 总车辆=420, 平均停车数=5.73, 平均车辆数=5.92
[Dashboard] Step 1953/3600: 总车辆=422, 平均停车数=5.73, 平均车辆数=5.94
[Dashboard] Step 1954/3600: 总车辆=426, 平均停车数=5.73, 平均车辆数=6.00
[Dashboard] Step 1955/3600: 总车辆=422, 平均停车数=5.73, 平均车辆数=5.94
[Dashboard] Step 1956/3600: 总车辆=421, 平均停车数=5.73, 平均车辆数=5.93
[Dashboard] Step 1957/3600: 总车辆=422, 平均停车数=5.73, 平均车辆数=5.94
[Dashboard] Step 1958/3600: 总车辆=419, 平均停车数=5.75, 平均车辆数=5.90
[Dashboard] Step 1959/3600: 总车辆=418, 平均停车数=5.76, 平均车辆数=5.89
[Dashboard] Step 1960/3600: 总车辆=418, 平均停车数=5.76, 平均车辆数=5.89
[Dashboard] Step 1961/3600: 总车辆=419, 平均停车数=5.76, 平均车辆数=5.90
[Dashboard] Step 1962/3600: 总车辆=417, 平均停车数=5.76, 平均车辆数=5.87
[Dashboard] Step 1963/3600: 总车辆=417, 平均停车数=5.75, 平均车辆数=5.87
[Dashboard] Step 1964/3600: 总车辆=422, 平均停车数=5.75, 平均车辆数=5.94
[Dashboard] Step 1965/3600: 总车辆=423, 平均停车数=5.75, 平均车辆数=5.96
[Dashboard] Step 1966/3600: 总车辆=425, 平均停车数=5.76, 平均车辆数=5.99
[Dashboard] Step 1967/3600: 总车辆=424, 平均停车数=5.76, 平均车辆数=5.97
[Dashboard] Step 1968/3600: 总车辆=422, 平均停车数=5.76, 平均车辆数=5.94
[Junction J037] 车辆=13, 拥堵度=0.58
[Dashboard] Step 1969/3600: 总车辆=426, 平均停车数=5.76, 平均车辆数=6.00
[Junction J087] 车辆=13, 拥堵度=0.58
[Dashboard] Step 1970/3600: 总车辆=427, 平均停车数=5.75, 平均车辆数=6.01
[Dashboard] Step 1971/3600: 总车辆=421, 平均停车数=5.75, 平均车辆数=5.93
[Dashboard] Step 1972/3600: 总车辆=421, 平均停车数=5.75, 平均车辆数=5.93
[Junction J028] 车辆=8, 拥堵度=0.53
[Dashboard] Step 1973/3600: 总车辆=419, 平均停车数=5.75, 平均车辆数=5.90
[Dashboard] Step 1974/3600: 总车辆=419, 平均停车数=5.75, 平均车辆数=5.90
[Junction J056] 车辆=28, 拥堵度=0.72
[Dashboard] Step 1975/3600: 总车辆=418, 平均停车数=5.76, 平均车辆数=5.89
[Junction J066] 车辆=54, 拥堵度=0.90
[Dashboard] Step 1976/3600: 总车辆=419, 平均停车数=5.77, 平均车辆数=5.90
[Dashboard] Step 1977/3600: 总车辆=419, 平均停车数=5.77, 平均车辆数=5.90
[Junction J081] 车辆=12, 拥堵度=0.60
[Dashboard] Step 1978/3600: 总车辆=420, 平均停车数=5.77, 平均车辆数=5.92
[Dashboard] Step 1979/3600: 总车辆=419, 平均停车数=5.77, 平均车辆数=5.90
[Dashboard] Step 1980/3600: 总车辆=417, 平均停车数=5.77, 平均车辆数=5.87
[Dashboard] Step 1981/3600: 总车辆=418, 平均停车数=5.77, 平均车辆数=5.89
[Dashboard] Step 1982/3600: 总车辆=419, 平均停车数=5.76, 平均车辆数=5.90
[Dashboard] Step 1983/3600: 总车辆=419, 平均停车数=5.75, 平均车辆数=5.90
[Dashboard] Step 1984/3600: 总车辆=421, 平均停车数=5.75, 平均车辆数=5.93
[Junction J072] 车辆=11, 拥堵度=0.58
[Dashboard] Step 1985/3600: 总车辆=422, 平均停车数=5.79, 平均车辆数=5.94
[Dashboard] Step 1986/3600: 总车辆=423, 平均停车数=5.79, 平均车辆数=5.96
[Dashboard] Step 1987/3600: 总车辆=423, 平均停车数=5.79, 平均车辆数=5.96
[Dashboard] Step 1988/3600: 总车辆=422, 平均停车数=5.79, 平均车辆数=5.94
[Dashboard] Step 1989/3600: 总车辆=422, 平均停车数=5.79, 平均车辆数=5.94
[Dashboard] Step 1990/3600: 总车辆=422, 平均停车数=5.79, 平均车辆数=5.94
[Dashboard] Step 1991/3600: 总车辆=421, 平均停车数=5.80, 平均车辆数=5.93
[Dashboard] Step 1992/3600: 总车辆=424, 平均停车数=5.80, 平均车辆数=5.97
[Dashboard] Step 1993/3600: 总车辆=422, 平均停车数=5.80, 平均车辆数=5.94
[Junction J064] 车辆=17, 拥堵度=0.66
[Dashboard] Step 1994/3600: 总车辆=420, 平均停车数=5.80, 平均车辆数=5.92
[Dashboard] Step 1995/3600: 总车辆=420, 平均停车数=5.83, 平均车辆数=5.92
[Junction J015] 车辆=17, 拥堵度=0.58
[Dashboard] Step 1996/3600: 总车辆=419, 平均停车数=5.82, 平均车辆数=5.90
[Dashboard] Step 1997/3600: 总车辆=421, 平均停车数=5.82, 平均车辆数=5.93
[Dashboard] Step 1998/3600: 总车辆=421, 平均停车数=5.80, 平均车辆数=5.93
[Dashboard] Step 1999/3600: 总车辆=421, 平均停车数=5.79, 平均车辆数=5.93
[Dashboard] Step 2000/3600: 总车辆=422, 平均停车数=5.77, 平均车辆数=5.94
[Junction J073] 车辆=11, 拥堵度=0.56
[Dashboard] Step 2001/3600: 总车辆=424, 平均停车数=5.79, 平均车辆数=5.97
[Dashboard] Step 2002/3600: 总车辆=423, 平均停车数=5.80, 平均车辆数=5.96
[Dashboard] Step 2003/3600: 总车辆=421, 平均停车数=5.80, 平均车辆数=5.93
[Dashboard] Step 2004/3600: 总车辆=424, 平均停车数=5.80, 平均车辆数=5.97
[Dashboard] Step 2005/3600: 总车辆=429, 平均停车数=5.80, 平均车辆数=6.04
[Dashboard] Step 2006/3600: 总车辆=431, 平均停车数=5.82, 平均车辆数=6.07
[Dashboard] Step 2007/3600: 总车辆=433, 平均停车数=5.82, 平均车辆数=6.10
[Dashboard] Step 2008/3600: 总车辆=431, 平均停车数=5.83, 平均车辆数=6.07
[Dashboard] Step 2009/3600: 总车辆=435, 平均停车数=5.85, 平均车辆数=6.13
[Junction J011] 车辆=14, 拥堵度=0.58
[Dashboard] Step 2010/3600: 总车辆=436, 平均停车数=5.86, 平均车辆数=6.14
[Dashboard] Step 2011/3600: 总车辆=433, 平均停车数=5.86, 平均车辆数=6.10
[Dashboard] Step 2012/3600: 总车辆=436, 平均停车数=5.87, 平均车辆数=6.14
[Dashboard] Step 2013/3600: 总车辆=433, 平均停车数=5.87, 平均车辆数=6.10
[Junction J004] 车辆=9, 拥堵度=0.54
[Junction J017] 车辆=15, 拥堵度=0.57
[Dashboard] Step 2014/3600: 总车辆=437, 平均停车数=5.89, 平均车辆数=6.15
[Junction J006] 车辆=40, 拥堵度=0.73
[Dashboard] Step 2015/3600: 总车辆=437, 平均停车数=5.89, 平均车辆数=6.15
[Dashboard] Step 2016/3600: 总车辆=433, 平均停车数=5.89, 平均车辆数=6.10
[Dashboard] Step 2017/3600: 总车辆=431, 平均停车数=5.93, 平均车辆数=6.07
[Junction J057] 车辆=24, 拥堵度=0.64
[Dashboard] Step 2018/3600: 总车辆=430, 平均停车数=5.93, 平均车辆数=6.06
[Junction J005] 车辆=29, 拥堵度=0.78
[Dashboard] Step 2019/3600: 总车辆=431, 平均停车数=5.94, 平均车辆数=6.07
[Junction J060] 车辆=10, 拥堵度=0.55
[Junction J070] 车辆=7, 拥堵度=0.54
[Dashboard] Step 2020/3600: 总车辆=432, 平均停车数=5.96, 平均车辆数=6.08
[Dashboard] Step 2021/3600: 总车辆=430, 平均停车数=5.96, 平均车辆数=6.06
[Dashboard] Step 2022/3600: 总车辆=430, 平均停车数=5.96, 平均车辆数=6.06
[Junction J010] 车辆=13, 拥堵度=0.52
[Junction J032] 车辆=8, 拥堵度=0.56
[Dashboard] Step 2023/3600: 总车辆=430, 平均停车数=5.96, 平均车辆数=6.06
[Junction J016] 车辆=13, 拥堵度=0.56
[Dashboard] Step 2024/3600: 总车辆=430, 平均停车数=5.96, 平均车辆数=6.06
[Dashboard] Step 2025/3600: 总车辆=427, 平均停车数=5.96, 平均车辆数=6.01
[Dashboard] Step 2026/3600: 总车辆=426, 平均停车数=5.96, 平均车辆数=6.00
[Dashboard] Step 2027/3600: 总车辆=426, 平均停车数=5.96, 平均车辆数=6.00
[Dashboard] Step 2028/3600: 总车辆=427, 平均停车数=5.96, 平均车辆数=6.01
[Dashboard] Step 2029/3600: 总车辆=427, 平均停车数=5.94, 平均车辆数=6.01
[Junction J003] 车辆=13, 拥堵度=0.44
[Dashboard] Step 2030/3600: 总车辆=428, 平均停车数=5.94, 平均车辆数=6.03
[Dashboard] Step 2031/3600: 总车辆=433, 平均停车数=5.96, 平均车辆数=6.10
[Dashboard] Step 2032/3600: 总车辆=433, 平均停车数=5.94, 平均车辆数=6.10
[Dashboard] Step 2033/3600: 总车辆=436, 平均停车数=5.94, 平均车辆数=6.14
[Dashboard] Step 2034/3600: 总车辆=437, 平均停车数=5.96, 平均车辆数=6.15
[Dashboard] Step 2035/3600: 总车辆=438, 平均停车数=5.94, 平均车辆数=6.17
[Dashboard] Step 2036/3600: 总车辆=439, 平均停车数=5.94, 平均车辆数=6.18
[Dashboard] Step 2037/3600: 总车辆=438, 平均停车数=5.93, 平均车辆数=6.17
[Dashboard] Step 2038/3600: 总车辆=438, 平均停车数=5.93, 平均车辆数=6.17
[Dashboard] Step 2039/3600: 总车辆=437, 平均停车数=5.93, 平均车辆数=6.15
[Dashboard] Step 2040/3600: 总车辆=436, 平均停车数=5.94, 平均车辆数=6.14
[Dashboard] Step 2041/3600: 总车辆=437, 平均停车数=5.94, 平均车辆数=6.15
[Junction J038] 车辆=14, 拥堵度=0.51
[Dashboard] Step 2042/3600: 总车辆=435, 平均停车数=5.94, 平均车辆数=6.13
[Dashboard] Step 2043/3600: 总车辆=431, 平均停车数=5.96, 平均车辆数=6.07
[Dashboard] Step 2044/3600: 总车辆=427, 平均停车数=5.93, 平均车辆数=6.01
[Dashboard] Step 2045/3600: 总车辆=428, 平均停车数=5.93, 平均车辆数=6.03
[Dashboard] Step 2046/3600: 总车辆=428, 平均停车数=5.94, 平均车辆数=6.03
[Dashboard] Step 2047/3600: 总车辆=427, 平均停车数=5.93, 平均车辆数=6.01
[Dashboard] Step 2048/3600: 总车辆=427, 平均停车数=5.92, 平均车辆数=6.01
[Dashboard] Step 2049/3600: 总车辆=425, 平均停车数=5.92, 平均车辆数=5.99
[Dashboard] Step 2050/3600: 总车辆=426, 平均停车数=5.90, 平均车辆数=6.00
[Dashboard] Step 2051/3600: 总车辆=424, 平均停车数=5.90, 平均车辆数=5.97
[Junction J035] 车辆=16, 拥堵度=0.58
[Dashboard] Step 2052/3600: 总车辆=425, 平均停车数=5.90, 平均车辆数=5.99
[Dashboard] Step 2053/3600: 总车辆=426, 平均停车数=5.90, 平均车辆数=6.00
[Dashboard] Step 2054/3600: 总车辆=426, 平均停车数=5.89, 平均车辆数=6.00
[Dashboard] Step 2055/3600: 总车辆=425, 平均停车数=5.87, 平均车辆数=5.99
[Dashboard] Step 2056/3600: 总车辆=424, 平均停车数=5.87, 平均车辆数=5.97
[Dashboard] Step 2057/3600: 总车辆=423, 平均停车数=5.86, 平均车辆数=5.96
[Dashboard] Step 2058/3600: 总车辆=422, 平均停车数=5.85, 平均车辆数=5.94
[Dashboard] Step 2059/3600: 总车辆=424, 平均停车数=5.85, 平均车辆数=5.97
[Dashboard] Step 2060/3600: 总车辆=422, 平均停车数=5.83, 平均车辆数=5.94
[Dashboard] Step 2061/3600: 总车辆=422, 平均停车数=5.83, 平均车辆数=5.94
[Dashboard] Step 2062/3600: 总车辆=424, 平均停车数=5.83, 平均车辆数=5.97
[Dashboard] Step 2063/3600: 总车辆=427, 平均停车数=5.85, 平均车辆数=6.01
[Dashboard] Step 2064/3600: 总车辆=428, 平均停车数=5.86, 平均车辆数=6.03
[Dashboard] Step 2065/3600: 总车辆=429, 平均停车数=5.87, 平均车辆数=6.04
[Dashboard] Step 2066/3600: 总车辆=429, 平均停车数=5.87, 平均车辆数=6.04
[Dashboard] Step 2067/3600: 总车辆=427, 平均停车数=5.86, 平均车辆数=6.01
[Dashboard] Step 2068/3600: 总车辆=426, 平均停车数=5.87, 平均车辆数=6.00
[Junction J037] 车辆=17, 拥堵度=0.51
[Dashboard] Step 2069/3600: 总车辆=425, 平均停车数=5.89, 平均车辆数=5.99
[Junction J087] 车辆=13, 拥堵度=0.58
[Dashboard] Step 2070/3600: 总车辆=423, 平均停车数=5.89, 平均车辆数=5.96
[Dashboard] Step 2071/3600: 总车辆=425, 平均停车数=5.90, 平均车辆数=5.99
[Dashboard] Step 2072/3600: 总车辆=425, 平均停车数=5.92, 平均车辆数=5.99
[Junction J028] 车辆=6, 拥堵度=0.52
[Dashboard] Step 2073/3600: 总车辆=424, 平均停车数=5.92, 平均车辆数=5.97
[Dashboard] Step 2074/3600: 总车辆=424, 平均停车数=5.92, 平均车辆数=5.97
[Junction J056] 车辆=28, 拥堵度=0.72
[Dashboard] Step 2075/3600: 总车辆=426, 平均停车数=5.92, 平均车辆数=6.00
[Junction J066] 车辆=54, 拥堵度=0.90
[Dashboard] Step 2076/3600: 总车辆=427, 平均停车数=5.92, 平均车辆数=6.01
[Dashboard] Step 2077/3600: 总车辆=429, 平均停车数=5.92, 平均车辆数=6.04
[Junction J081] 车辆=13, 拥堵度=0.68
[Dashboard] Step 2078/3600: 总车辆=429, 平均停车数=5.90, 平均车辆数=6.04
[Dashboard] Step 2079/3600: 总车辆=429, 平均停车数=5.90, 平均车辆数=6.04
[Dashboard] Step 2080/3600: 总车辆=431, 平均停车数=5.90, 平均车辆数=6.07
[Dashboard] Step 2081/3600: 总车辆=431, 平均停车数=5.90, 平均车辆数=6.07
[Dashboard] Step 2082/3600: 总车辆=432, 平均停车数=5.92, 平均车辆数=6.08
[Dashboard] Step 2083/3600: 总车辆=433, 平均停车数=5.89, 平均车辆数=6.10
[Dashboard] Step 2084/3600: 总车辆=433, 平均停车数=5.89, 平均车辆数=6.10
[Junction J072] 车辆=11, 拥堵度=0.58
[Dashboard] Step 2085/3600: 总车辆=436, 平均停车数=5.87, 平均车辆数=6.14
[Dashboard] Step 2086/3600: 总车辆=434, 平均停车数=5.90, 平均车辆数=6.11
[Dashboard] Step 2087/3600: 总车辆=434, 平均停车数=5.90, 平均车辆数=6.11
[Dashboard] Step 2088/3600: 总车辆=432, 平均停车数=5.90, 平均车辆数=6.08
[Dashboard] Step 2089/3600: 总车辆=431, 平均停车数=5.92, 平均车辆数=6.07
[Dashboard] Step 2090/3600: 总车辆=430, 平均停车数=5.90, 平均车辆数=6.06
[Dashboard] Step 2091/3600: 总车辆=430, 平均停车数=5.90, 平均车辆数=6.06
[Dashboard] Step 2092/3600: 总车辆=430, 平均停车数=5.90, 平均车辆数=6.06
[Dashboard] Step 2093/3600: 总车辆=427, 平均停车数=5.92, 平均车辆数=6.01
[Junction J064] 车辆=17, 拥堵度=0.64
[Dashboard] Step 2094/3600: 总车辆=428, 平均停车数=5.94, 平均车辆数=6.03
[Dashboard] Step 2095/3600: 总车辆=429, 平均停车数=5.94, 平均车辆数=6.04
[Junction J015] 车辆=16, 拥堵度=0.58
[Dashboard] Step 2096/3600: 总车辆=429, 平均停车数=5.94, 平均车辆数=6.04
[Dashboard] Step 2097/3600: 总车辆=433, 平均停车数=5.94, 平均车辆数=6.10
[Dashboard] Step 2098/3600: 总车辆=431, 平均停车数=5.93, 平均车辆数=6.07
[Dashboard] Step 2099/3600: 总车辆=429, 平均停车数=5.92, 平均车辆数=6.04
[Dashboard] Step 2100/3600: 总车辆=430, 平均停车数=5.92, 平均车辆数=6.06
[Junction J073] 车辆=11, 拥堵度=0.57
[Dashboard] Step 2101/3600: 总车辆=426, 平均停车数=5.89, 平均车辆数=6.00
[Dashboard] Step 2102/3600: 总车辆=427, 平均停车数=5.90, 平均车辆数=6.01
[Dashboard] Step 2103/3600: 总车辆=429, 平均停车数=5.92, 平均车辆数=6.04
[Dashboard] Step 2104/3600: 总车辆=429, 平均停车数=5.92, 平均车辆数=6.04
[Dashboard] Step 2105/3600: 总车辆=432, 平均停车数=5.90, 平均车辆数=6.08
[Dashboard] Step 2106/3600: 总车辆=433, 平均停车数=5.93, 平均车辆数=6.10
[Dashboard] Step 2107/3600: 总车辆=433, 平均停车数=5.93, 平均车辆数=6.10
[Dashboard] Step 2108/3600: 总车辆=434, 平均停车数=5.93, 平均车辆数=6.11
[Dashboard] Step 2109/3600: 总车辆=434, 平均停车数=5.94, 平均车辆数=6.11
[Junction J011] 车辆=14, 拥堵度=0.58
[Dashboard] Step 2110/3600: 总车辆=434, 平均停车数=5.97, 平均车辆数=6.11
[Dashboard] Step 2111/3600: 总车辆=434, 平均停车数=5.97, 平均车辆数=6.11
[Dashboard] Step 2112/3600: 总车辆=432, 平均停车数=5.97, 平均车辆数=6.08
[Dashboard] Step 2113/3600: 总车辆=432, 平均停车数=5.96, 平均车辆数=6.08
[Junction J004] 车辆=9, 拥堵度=0.45
[Junction J017] 车辆=15, 拥堵度=0.57
[Dashboard] Step 2114/3600: 总车辆=429, 平均停车数=5.94, 平均车辆数=6.04
[Junction J006] 车辆=40, 拥堵度=0.74
[Dashboard] Step 2115/3600: 总车辆=429, 平均停车数=5.94, 平均车辆数=6.04
[Dashboard] Step 2116/3600: 总车辆=432, 平均停车数=5.93, 平均车辆数=6.08
[Dashboard] Step 2117/3600: 总车辆=431, 平均停车数=5.93, 平均车辆数=6.07
[Junction J057] 车辆=22, 拥堵度=0.63
[Dashboard] Step 2118/3600: 总车辆=431, 平均停车数=5.93, 平均车辆数=6.07
[Junction J005] 车辆=25, 拥堵度=0.74
[Dashboard] Step 2119/3600: 总车辆=431, 平均停车数=5.93, 平均车辆数=6.07
[Junction J060] 车辆=11, 拥堵度=0.51
[Junction J070] 车辆=6, 拥堵度=0.53
[Dashboard] Step 2120/3600: 总车辆=434, 平均停车数=5.93, 平均车辆数=6.11
[Dashboard] Step 2121/3600: 总车辆=433, 平均停车数=5.94, 平均车辆数=6.10
[Dashboard] Step 2122/3600: 总车辆=435, 平均停车数=5.97, 平均车辆数=6.13
[Junction J010] 车辆=13, 拥堵度=0.54
[Junction J032] 车辆=8, 拥堵度=0.56
[Dashboard] Step 2123/3600: 总车辆=435, 平均停车数=5.97, 平均车辆数=6.13
[Junction J016] 车辆=14, 拥堵度=0.56
[Dashboard] Step 2124/3600: 总车辆=435, 平均停车数=5.97, 平均车辆数=6.13
[Dashboard] Step 2125/3600: 总车辆=436, 平均停车数=6.00, 平均车辆数=6.14
[Dashboard] Step 2126/3600: 总车辆=438, 平均停车数=6.00, 平均车辆数=6.17
[Dashboard] Step 2127/3600: 总车辆=439, 平均停车数=6.01, 平均车辆数=6.18
[Dashboard] Step 2128/3600: 总车辆=437, 平均停车数=6.01, 平均车辆数=6.15
[Dashboard] Step 2129/3600: 总车辆=436, 平均停车数=6.03, 平均车辆数=6.14
[Junction J003] 车辆=14, 拥堵度=0.56
[Dashboard] Step 2130/3600: 总车辆=434, 平均停车数=6.03, 平均车辆数=6.11
[Dashboard] Step 2131/3600: 总车辆=438, 平均停车数=6.01, 平均车辆数=6.17
[Dashboard] Step 2132/3600: 总车辆=438, 平均停车数=6.01, 平均车辆数=6.17
[Dashboard] Step 2133/3600: 总车辆=437, 平均停车数=6.01, 平均车辆数=6.15
[Dashboard] Step 2134/3600: 总车辆=435, 平均停车数=6.00, 平均车辆数=6.13
[Dashboard] Step 2135/3600: 总车辆=437, 平均停车数=6.00, 平均车辆数=6.15
[Dashboard] Step 2136/3600: 总车辆=436, 平均停车数=6.00, 平均车辆数=6.14
[Dashboard] Step 2137/3600: 总车辆=436, 平均停车数=6.00, 平均车辆数=6.14
[Dashboard] Step 2138/3600: 总车辆=435, 平均停车数=6.00, 平均车辆数=6.13
[Dashboard] Step 2139/3600: 总车辆=432, 平均停车数=6.03, 平均车辆数=6.08
[Dashboard] Step 2140/3600: 总车辆=433, 平均停车数=6.04, 平均车辆数=6.10
[Dashboard] Step 2141/3600: 总车辆=436, 平均停车数=6.04, 平均车辆数=6.14
[Junction J038] 车辆=13, 拥堵度=0.58
[Dashboard] Step 2142/3600: 总车辆=437, 平均停车数=6.04, 平均车辆数=6.15
[Dashboard] Step 2143/3600: 总车辆=439, 平均停车数=6.04, 平均车辆数=6.18
[Dashboard] Step 2144/3600: 总车辆=439, 平均停车数=6.04, 平均车辆数=6.18
[Dashboard] Step 2145/3600: 总车辆=439, 平均停车数=6.04, 平均车辆数=6.18
[Dashboard] Step 2146/3600: 总车辆=442, 平均停车数=6.04, 平均车辆数=6.23
[Dashboard] Step 2147/3600: 总车辆=444, 平均停车数=6.06, 平均车辆数=6.25
[Dashboard] Step 2148/3600: 总车辆=444, 平均停车数=6.07, 平均车辆数=6.25
[Dashboard] Step 2149/3600: 总车辆=443, 平均停车数=6.08, 平均车辆数=6.24
[Dashboard] Step 2150/3600: 总车辆=443, 平均停车数=6.08, 平均车辆数=6.24
[Dashboard] Step 2151/3600: 总车辆=445, 平均停车数=6.08, 平均车辆数=6.27
[Junction J035] 车辆=18, 拥堵度=0.61
[Dashboard] Step 2152/3600: 总车辆=444, 平均停车数=6.08, 平均车辆数=6.25
[Dashboard] Step 2153/3600: 总车辆=443, 平均停车数=6.07, 平均车辆数=6.24
[Dashboard] Step 2154/3600: 总车辆=444, 平均停车数=6.08, 平均车辆数=6.25
[Dashboard] Step 2155/3600: 总车辆=441, 平均停车数=6.08, 平均车辆数=6.21
[Dashboard] Step 2156/3600: 总车辆=444, 平均停车数=6.10, 平均车辆数=6.25
[Dashboard] Step 2157/3600: 总车辆=446, 平均停车数=6.11, 平均车辆数=6.28
[Dashboard] Step 2158/3600: 总车辆=445, 平均停车数=6.10, 平均车辆数=6.27
[Dashboard] Step 2159/3600: 总车辆=444, 平均停车数=6.10, 平均车辆数=6.25
[Dashboard] Step 2160/3600: 总车辆=442, 平均停车数=6.10, 平均车辆数=6.23
[Dashboard] Step 2161/3600: 总车辆=442, 平均停车数=6.11, 平均车辆数=6.23
[Dashboard] Step 2162/3600: 总车辆=440, 平均停车数=6.10, 平均车辆数=6.20
[Dashboard] Step 2163/3600: 总车辆=439, 平均停车数=6.10, 平均车辆数=6.18
[Dashboard] Step 2164/3600: 总车辆=437, 平均停车数=6.08, 平均车辆数=6.15
[Dashboard] Step 2165/3600: 总车辆=437, 平均停车数=6.07, 平均车辆数=6.15
[Dashboard] Step 2166/3600: 总车辆=437, 平均停车数=6.07, 平均车辆数=6.15
[Dashboard] Step 2167/3600: 总车辆=437, 平均停车数=6.08, 平均车辆数=6.15
[Dashboard] Step 2168/3600: 总车辆=441, 平均停车数=6.10, 平均车辆数=6.21
[Junction J037] 车辆=18, 拥堵度=0.61
[Dashboard] Step 2169/3600: 总车辆=443, 平均停车数=6.11, 平均车辆数=6.24
[Junction J087] 车辆=13, 拥堵度=0.58
[Dashboard] Step 2170/3600: 总车辆=445, 平均停车数=6.11, 平均车辆数=6.27
[Dashboard] Step 2171/3600: 总车辆=443, 平均停车数=6.07, 平均车辆数=6.24
[Junction J013] 车辆=5, 拥堵度=0.01
[Dashboard] Step 2172/3600: 总车辆=443, 平均停车数=6.07, 平均车辆数=6.24
[Junction J028] 车辆=6, 拥堵度=0.49
[Dashboard] Step 2173/3600: 总车辆=442, 平均停车数=6.07, 平均车辆数=6.23
[Dashboard] Step 2174/3600: 总车辆=440, 平均停车数=6.06, 平均车辆数=6.20
[Junction J056] 车辆=28, 拥堵度=0.72
[Dashboard] Step 2175/3600: 总车辆=438, 平均停车数=6.04, 平均车辆数=6.17
[Junction J066] 车辆=53, 拥堵度=0.90
[Dashboard] Step 2176/3600: 总车辆=437, 平均停车数=6.06, 平均车辆数=6.15
[Dashboard] Step 2177/3600: 总车辆=436, 平均停车数=6.04, 平均车辆数=6.14
[Junction J081] 车辆=13, 拥堵度=0.71
[Dashboard] Step 2178/3600: 总车辆=435, 平均停车数=6.04, 平均车辆数=6.13
[Dashboard] Step 2179/3600: 总车辆=433, 平均停车数=6.03, 平均车辆数=6.10
[Dashboard] Step 2180/3600: 总车辆=435, 平均停车数=6.03, 平均车辆数=6.13
[Dashboard] Step 2181/3600: 总车辆=439, 平均停车数=6.06, 平均车辆数=6.18
[Dashboard] Step 2182/3600: 总车辆=440, 平均停车数=6.07, 平均车辆数=6.20
[Dashboard] Step 2183/3600: 总车辆=442, 平均停车数=6.07, 平均车辆数=6.23
[Dashboard] Step 2184/3600: 总车辆=442, 平均停车数=6.10, 平均车辆数=6.23
[Junction J072] 车辆=11, 拥堵度=0.58
[Dashboard] Step 2185/3600: 总车辆=443, 平均停车数=6.10, 平均车辆数=6.24
[Dashboard] Step 2186/3600: 总车辆=444, 平均停车数=6.10, 平均车辆数=6.25
[Dashboard] Step 2187/3600: 总车辆=445, 平均停车数=6.10, 平均车辆数=6.27
[Dashboard] Step 2188/3600: 总车辆=446, 平均停车数=6.11, 平均车辆数=6.28
[Dashboard] Step 2189/3600: 总车辆=444, 平均停车数=6.11, 平均车辆数=6.25
[Dashboard] Step 2190/3600: 总车辆=443, 平均停车数=6.11, 平均车辆数=6.24
[Dashboard] Step 2191/3600: 总车辆=442, 平均停车数=6.13, 平均车辆数=6.23
[Dashboard] Step 2192/3600: 总车辆=439, 平均停车数=6.11, 平均车辆数=6.18
[Dashboard] Step 2193/3600: 总车辆=441, 平均停车数=6.11, 平均车辆数=6.21
[Junction J064] 车辆=17, 拥堵度=0.66
[Dashboard] Step 2194/3600: 总车辆=442, 平均停车数=6.11, 平均车辆数=6.23
[Dashboard] Step 2195/3600: 总车辆=441, 平均停车数=6.11, 平均车辆数=6.21
[Junction J015] 车辆=16, 拥堵度=0.58
[Dashboard] Step 2196/3600: 总车辆=441, 平均停车数=6.11, 平均车辆数=6.21
[Dashboard] Step 2197/3600: 总车辆=441, 平均停车数=6.10, 平均车辆数=6.21
[Dashboard] Step 2198/3600: 总车辆=443, 平均停车数=6.10, 平均车辆数=6.24
[Dashboard] Step 2199/3600: 总车辆=440, 平均停车数=6.10, 平均车辆数=6.20
[Dashboard] Step 2200/3600: 总车辆=440, 平均停车数=6.11, 平均车辆数=6.20
[Junction J073] 车辆=13, 拥堵度=0.58
[Dashboard] Step 2201/3600: 总车辆=441, 平均停车数=6.11, 平均车辆数=6.21
[Dashboard] Step 2202/3600: 总车辆=442, 平均停车数=6.11, 平均车辆数=6.23
[Dashboard] Step 2203/3600: 总车辆=442, 平均停车数=6.10, 平均车辆数=6.23
[Dashboard] Step 2204/3600: 总车辆=443, 平均停车数=6.11, 平均车辆数=6.24
[Dashboard] Step 2205/3600: 总车辆=444, 平均停车数=6.10, 平均车辆数=6.25
[Dashboard] Step 2206/3600: 总车辆=444, 平均停车数=6.13, 平均车辆数=6.25
[Dashboard] Step 2207/3600: 总车辆=446, 平均停车数=6.14, 平均车辆数=6.28
[Dashboard] Step 2208/3600: 总车辆=445, 平均停车数=6.14, 平均车辆数=6.27
[Dashboard] Step 2209/3600: 总车辆=445, 平均停车数=6.14, 平均车辆数=6.27
[Junction J011] 车辆=14, 拥堵度=0.58
[Dashboard] Step 2210/3600: 总车辆=445, 平均停车数=6.13, 平均车辆数=6.27
[Dashboard] Step 2211/3600: 总车辆=445, 平均停车数=6.14, 平均车辆数=6.27
[Dashboard] Step 2212/3600: 总车辆=445, 平均停车数=6.13, 平均车辆数=6.27
[Dashboard] Step 2213/3600: 总车辆=446, 平均停车数=6.13, 平均车辆数=6.28
[Junction J004] 车辆=11, 拥堵度=0.54
[Junction J017] 车辆=15, 拥堵度=0.51
[Dashboard] Step 2214/3600: 总车辆=444, 平均停车数=6.11, 平均车辆数=6.25
[Junction J006] 车辆=40, 拥堵度=0.74
[Dashboard] Step 2215/3600: 总车辆=445, 平均停车数=6.10, 平均车辆数=6.27
[Dashboard] Step 2216/3600: 总车辆=446, 平均停车数=6.10, 平均车辆数=6.28
[Dashboard] Step 2217/3600: 总车辆=445, 平均停车数=6.10, 平均车辆数=6.27
[Junction J057] 车辆=23, 拥堵度=0.61
[Dashboard] Step 2218/3600: 总车辆=444, 平均停车数=6.10, 平均车辆数=6.25
[Junction J005] 车辆=27, 拥堵度=0.74
[Dashboard] Step 2219/3600: 总车辆=448, 平均停车数=6.10, 平均车辆数=6.31
[Junction J060] 车辆=11, 拥堵度=0.56
[Junction J070] 车辆=8, 拥堵度=0.54
[Dashboard] Step 2220/3600: 总车辆=448, 平均停车数=6.13, 平均车辆数=6.31
[Dashboard] Step 2221/3600: 总车辆=447, 平均停车数=6.11, 平均车辆数=6.30
[Dashboard] Step 2222/3600: 总车辆=448, 平均停车数=6.15, 平均车辆数=6.31
[Junction J010] 车辆=12, 拥堵度=0.56
[Junction J032] 车辆=9, 拥堵度=0.52
[Dashboard] Step 2223/3600: 总车辆=449, 平均停车数=6.15, 平均车辆数=6.32
[Junction J016] 车辆=15, 拥堵度=0.58
[Dashboard] Step 2224/3600: 总车辆=450, 平均停车数=6.15, 平均车辆数=6.34
[Dashboard] Step 2225/3600: 总车辆=451, 平均停车数=6.15, 平均车辆数=6.35
[Dashboard] Step 2226/3600: 总车辆=453, 平均停车数=6.15, 平均车辆数=6.38
[Dashboard] Step 2227/3600: 总车辆=457, 平均停车数=6.17, 平均车辆数=6.44
[Dashboard] Step 2228/3600: 总车辆=456, 平均停车数=6.15, 平均车辆数=6.42
[Dashboard] Step 2229/3600: 总车辆=455, 平均停车数=6.15, 平均车辆数=6.41
[Junction J003] 车辆=15, 拥堵度=0.57
[Dashboard] Step 2230/3600: 总车辆=453, 平均停车数=6.17, 平均车辆数=6.38
[Dashboard] Step 2231/3600: 总车辆=455, 平均停车数=6.17, 平均车辆数=6.41
[Dashboard] Step 2232/3600: 总车辆=455, 平均停车数=6.17, 平均车辆数=6.41
[Dashboard] Step 2233/3600: 总车辆=451, 平均停车数=6.17, 平均车辆数=6.35
[Dashboard] Step 2234/3600: 总车辆=445, 平均停车数=6.18, 平均车辆数=6.27
[Dashboard] Step 2235/3600: 总车辆=444, 平均停车数=6.18, 平均车辆数=6.25
[Dashboard] Step 2236/3600: 总车辆=443, 平均停车数=6.18, 平均车辆数=6.24
[Dashboard] Step 2237/3600: 总车辆=444, 平均停车数=6.17, 平均车辆数=6.25
[Dashboard] Step 2238/3600: 总车辆=446, 平均停车数=6.17, 平均车辆数=6.28
[Dashboard] Step 2239/3600: 总车辆=445, 平均停车数=6.17, 平均车辆数=6.27
[Dashboard] Step 2240/3600: 总车辆=446, 平均停车数=6.15, 平均车辆数=6.28
[Dashboard] Step 2241/3600: 总车辆=447, 平均停车数=6.15, 平均车辆数=6.30
[Junction J038] 车辆=12, 拥堵度=0.57
[Dashboard] Step 2242/3600: 总车辆=450, 平均停车数=6.17, 平均车辆数=6.34
[Dashboard] Step 2243/3600: 总车辆=451, 平均停车数=6.18, 平均车辆数=6.35
[Dashboard] Step 2244/3600: 总车辆=450, 平均停车数=6.18, 平均车辆数=6.34
[Dashboard] Step 2245/3600: 总车辆=450, 平均停车数=6.18, 平均车辆数=6.34
[Dashboard] Step 2246/3600: 总车辆=450, 平均停车数=6.20, 平均车辆数=6.34
[Dashboard] Step 2247/3600: 总车辆=449, 平均停车数=6.20, 平均车辆数=6.32
[Dashboard] Step 2248/3600: 总车辆=451, 平均停车数=6.20, 平均车辆数=6.35
[Dashboard] Step 2249/3600: 总车辆=450, 平均停车数=6.20, 平均车辆数=6.34
[Dashboard] Step 2250/3600: 总车辆=447, 平均停车数=6.20, 平均车辆数=6.30
[Dashboard] Step 2251/3600: 总车辆=449, 平均停车数=6.20, 平均车辆数=6.32
[Junction J035] 车辆=18, 拥堵度=0.56
[Dashboard] Step 2252/3600: 总车辆=451, 平均停车数=6.18, 平均车辆数=6.35
[Dashboard] Step 2253/3600: 总车辆=450, 平均停车数=6.18, 平均车辆数=6.34
[Dashboard] Step 2254/3600: 总车辆=450, 平均停车数=6.15, 平均车辆数=6.34
[Dashboard] Step 2255/3600: 总车辆=447, 平均停车数=6.14, 平均车辆数=6.30
[Dashboard] Step 2256/3600: 总车辆=446, 平均停车数=6.15, 平均车辆数=6.28
[Dashboard] Step 2257/3600: 总车辆=447, 平均停车数=6.14, 平均车辆数=6.30
[Dashboard] Step 2258/3600: 总车辆=447, 平均停车数=6.13, 平均车辆数=6.30
[Dashboard] Step 2259/3600: 总车辆=449, 平均停车数=6.13, 平均车辆数=6.32
[Dashboard] Step 2260/3600: 总车辆=450, 平均停车数=6.13, 平均车辆数=6.34
[Dashboard] Step 2261/3600: 总车辆=451, 平均停车数=6.13, 平均车辆数=6.35
[Dashboard] Step 2262/3600: 总车辆=450, 平均停车数=6.15, 平均车辆数=6.34
[Dashboard] Step 2263/3600: 总车辆=449, 平均停车数=6.15, 平均车辆数=6.32
[Dashboard] Step 2264/3600: 总车辆=448, 平均停车数=6.17, 平均车辆数=6.31
[Dashboard] Step 2265/3600: 总车辆=452, 平均停车数=6.15, 平均车辆数=6.37
[Dashboard] Step 2266/3600: 总车辆=450, 平均停车数=6.15, 平均车辆数=6.34
[Dashboard] Step 2267/3600: 总车辆=448, 平均停车数=6.14, 平均车辆数=6.31
[Dashboard] Step 2268/3600: 总车辆=449, 平均停车数=6.15, 平均车辆数=6.32
[Junction J037] 车辆=17, 拥堵度=0.60
[Dashboard] Step 2269/3600: 总车辆=449, 平均停车数=6.15, 平均车辆数=6.32
[Junction J087] 车辆=12, 拥堵度=0.57
[Dashboard] Step 2270/3600: 总车辆=447, 平均停车数=6.15, 平均车辆数=6.30
[Dashboard] Step 2271/3600: 总车辆=450, 平均停车数=6.15, 平均车辆数=6.34
[Dashboard] Step 2272/3600: 总车辆=448, 平均停车数=6.17, 平均车辆数=6.31
[Junction J028] 车辆=7, 拥堵度=0.53
[Dashboard] Step 2273/3600: 总车辆=448, 平均停车数=6.20, 平均车辆数=6.31
[Dashboard] Step 2274/3600: 总车辆=447, 平均停车数=6.21, 平均车辆数=6.30
[Junction J056] 车辆=28, 拥堵度=0.72
[Dashboard] Step 2275/3600: 总车辆=448, 平均停车数=6.21, 平均车辆数=6.31
[Junction J066] 车辆=54, 拥堵度=0.88
[Dashboard] Step 2276/3600: 总车辆=448, 平均停车数=6.24, 平均车辆数=6.31
[Dashboard] Step 2277/3600: 总车辆=448, 平均停车数=6.24, 平均车辆数=6.31
[Junction J081] 车辆=13, 拥堵度=0.71
[Dashboard] Step 2278/3600: 总车辆=450, 平均停车数=6.23, 平均车辆数=6.34
[Dashboard] Step 2279/3600: 总车辆=452, 平均停车数=6.23, 平均车辆数=6.37
[Dashboard] Step 2280/3600: 总车辆=451, 平均停车数=6.23, 平均车辆数=6.35
[Dashboard] Step 2281/3600: 总车辆=451, 平均停车数=6.23, 平均车辆数=6.35
[Dashboard] Step 2282/3600: 总车辆=450, 平均停车数=6.24, 平均车辆数=6.34
[Dashboard] Step 2283/3600: 总车辆=450, 平均停车数=6.27, 平均车辆数=6.34
[Dashboard] Step 2284/3600: 总车辆=451, 平均停车数=6.27, 平均车辆数=6.35
[Junction J072] 车辆=9, 拥堵度=0.55
[Dashboard] Step 2285/3600: 总车辆=448, 平均停车数=6.25, 平均车辆数=6.31
[Dashboard] Step 2286/3600: 总车辆=449, 平均停车数=6.25, 平均车辆数=6.32
[Dashboard] Step 2287/3600: 总车辆=451, 平均停车数=6.24, 平均车辆数=6.35
[Dashboard] Step 2288/3600: 总车辆=449, 平均停车数=6.23, 平均车辆数=6.32
[Dashboard] Step 2289/3600: 总车辆=449, 平均停车数=6.23, 平均车辆数=6.32
[Dashboard] Step 2290/3600: 总车辆=451, 平均停车数=6.23, 平均车辆数=6.35
[Dashboard] Step 2291/3600: 总车辆=452, 平均停车数=6.24, 平均车辆数=6.37
[Dashboard] Step 2292/3600: 总车辆=453, 平均停车数=6.27, 平均车辆数=6.38
[Dashboard] Step 2293/3600: 总车辆=454, 平均停车数=6.27, 平均车辆数=6.39
[Junction J064] 车辆=17, 拥堵度=0.66
[Dashboard] Step 2294/3600: 总车辆=456, 平均停车数=6.28, 平均车辆数=6.42
[Dashboard] Step 2295/3600: 总车辆=455, 平均停车数=6.30, 平均车辆数=6.41
[Junction J015] 车辆=19, 拥堵度=0.59
[Dashboard] Step 2296/3600: 总车辆=458, 平均停车数=6.30, 平均车辆数=6.45
[Dashboard] Step 2297/3600: 总车辆=458, 平均停车数=6.30, 平均车辆数=6.45
[Dashboard] Step 2298/3600: 总车辆=458, 平均停车数=6.30, 平均车辆数=6.45
[Dashboard] Step 2299/3600: 总车辆=459, 平均停车数=6.30, 平均车辆数=6.46
[Dashboard] Step 2300/3600: 总车辆=460, 平均停车数=6.30, 平均车辆数=6.48
[Junction J073] 车辆=12, 拥堵度=0.57
[Dashboard] Step 2301/3600: 总车辆=458, 平均停车数=6.31, 平均车辆数=6.45
[Dashboard] Step 2302/3600: 总车辆=456, 平均停车数=6.31, 平均车辆数=6.42
[Dashboard] Step 2303/3600: 总车辆=453, 平均停车数=6.31, 平均车辆数=6.38
[Dashboard] Step 2304/3600: 总车辆=451, 平均停车数=6.30, 平均车辆数=6.35
[Dashboard] Step 2305/3600: 总车辆=451, 平均停车数=6.28, 平均车辆数=6.35
[Dashboard] Step 2306/3600: 总车辆=450, 平均停车数=6.27, 平均车辆数=6.34
[Dashboard] Step 2307/3600: 总车辆=453, 平均停车数=6.27, 平均车辆数=6.38
[Dashboard] Step 2308/3600: 总车辆=453, 平均停车数=6.28, 平均车辆数=6.38
[Dashboard] Step 2309/3600: 总车辆=453, 平均停车数=6.28, 平均车辆数=6.38
[Junction J011] 车辆=14, 拥堵度=0.58
[Dashboard] Step 2310/3600: 总车辆=455, 平均停车数=6.28, 平均车辆数=6.41
[Dashboard] Step 2311/3600: 总车辆=455, 平均停车数=6.30, 平均车辆数=6.41
[Dashboard] Step 2312/3600: 总车辆=456, 平均停车数=6.28, 平均车辆数=6.42
[Dashboard] Step 2313/3600: 总车辆=454, 平均停车数=6.28, 平均车辆数=6.39
[Junction J004] 车辆=13, 拥堵度=0.51
[Junction J017] 车辆=14, 拥堵度=0.57
[Dashboard] Step 2314/3600: 总车辆=454, 平均停车数=6.31, 平均车辆数=6.39
[Junction J006] 车辆=40, 拥堵度=0.72
[Dashboard] Step 2315/3600: 总车辆=455, 平均停车数=6.31, 平均车辆数=6.41
[Dashboard] Step 2316/3600: 总车辆=455, 平均停车数=6.31, 平均车辆数=6.41
[Dashboard] Step 2317/3600: 总车辆=454, 平均停车数=6.30, 平均车辆数=6.39
[Junction J057] 车辆=26, 拥堵度=0.62
[Dashboard] Step 2318/3600: 总车辆=456, 平均停车数=6.31, 平均车辆数=6.42
[Junction J005] 车辆=35, 拥堵度=0.84
[Dashboard] Step 2319/3600: 总车辆=454, 平均停车数=6.30, 平均车辆数=6.39
[Junction J060] 车辆=11, 拥堵度=0.56
[Junction J070] 车辆=10, 拥堵度=0.55
[Dashboard] Step 2320/3600: 总车辆=452, 平均停车数=6.28, 平均车辆数=6.37
[Dashboard] Step 2321/3600: 总车辆=453, 平均停车数=6.28, 平均车辆数=6.38
[Dashboard] Step 2322/3600: 总车辆=454, 平均停车数=6.31, 平均车辆数=6.39
[Junction J010] 车辆=14, 拥堵度=0.52
[Junction J032] 车辆=8, 拥堵度=0.56
[Dashboard] Step 2323/3600: 总车辆=454, 平均停车数=6.31, 平均车辆数=6.39
[Junction J016] 车辆=14, 拥堵度=0.57
[Dashboard] Step 2324/3600: 总车辆=453, 平均停车数=6.31, 平均车辆数=6.38
[Dashboard] Step 2325/3600: 总车辆=453, 平均停车数=6.32, 平均车辆数=6.38
[Dashboard] Step 2326/3600: 总车辆=453, 平均停车数=6.34, 平均车辆数=6.38
[Dashboard] Step 2327/3600: 总车辆=454, 平均停车数=6.34, 平均车辆数=6.39
[Dashboard] Step 2328/3600: 总车辆=454, 平均停车数=6.34, 平均车辆数=6.39
[Dashboard] Step 2329/3600: 总车辆=453, 平均停车数=6.34, 平均车辆数=6.38
[Junction J003] 车辆=14, 拥堵度=0.55
[Dashboard] Step 2330/3600: 总车辆=452, 平均停车数=6.35, 平均车辆数=6.37
[Dashboard] Step 2331/3600: 总车辆=453, 平均停车数=6.37, 平均车辆数=6.38
[Dashboard] Step 2332/3600: 总车辆=454, 平均停车数=6.37, 平均车辆数=6.39
[Dashboard] Step 2333/3600: 总车辆=453, 平均停车数=6.37, 平均车辆数=6.38
[Dashboard] Step 2334/3600: 总车辆=453, 平均停车数=6.37, 平均车辆数=6.38
[Dashboard] Step 2335/3600: 总车辆=456, 平均停车数=6.37, 平均车辆数=6.42
[Dashboard] Step 2336/3600: 总车辆=457, 平均停车数=6.37, 平均车辆数=6.44
[Dashboard] Step 2337/3600: 总车辆=458, 平均停车数=6.37, 平均车辆数=6.45
[Dashboard] Step 2338/3600: 总车辆=456, 平均停车数=6.35, 平均车辆数=6.42
[Dashboard] Step 2339/3600: 总车辆=458, 平均停车数=6.35, 平均车辆数=6.45
[Dashboard] Step 2340/3600: 总车辆=460, 平均停车数=6.35, 平均车辆数=6.48
[Dashboard] Step 2341/3600: 总车辆=460, 平均停车数=6.35, 平均车辆数=6.48
[Junction J038] 车辆=12, 拥堵度=0.49
[Dashboard] Step 2342/3600: 总车辆=459, 平均停车数=6.37, 平均车辆数=6.46
[Dashboard] Step 2343/3600: 总车辆=456, 平均停车数=6.35, 平均车辆数=6.42
[Dashboard] Step 2344/3600: 总车辆=459, 平均停车数=6.34, 平均车辆数=6.46
[Dashboard] Step 2345/3600: 总车辆=461, 平均停车数=6.35, 平均车辆数=6.49
[Dashboard] Step 2346/3600: 总车辆=460, 平均停车数=6.34, 平均车辆数=6.48
[Dashboard] Step 2347/3600: 总车辆=462, 平均停车数=6.34, 平均车辆数=6.51
[Dashboard] Step 2348/3600: 总车辆=462, 平均停车数=6.35, 平均车辆数=6.51
[Dashboard] Step 2349/3600: 总车辆=461, 平均停车数=6.34, 平均车辆数=6.49
[Dashboard] Step 2350/3600: 总车辆=462, 平均停车数=6.32, 平均车辆数=6.51
[Dashboard] Step 2351/3600: 总车辆=461, 平均停车数=6.31, 平均车辆数=6.49
[Junction J035] 车辆=18, 拥堵度=0.61
[Dashboard] Step 2352/3600: 总车辆=461, 平均停车数=6.32, 平均车辆数=6.49
[Dashboard] Step 2353/3600: 总车辆=454, 平均停车数=6.30, 平均车辆数=6.39
[Dashboard] Step 2354/3600: 总车辆=454, 平均停车数=6.28, 平均车辆数=6.39
[Dashboard] Step 2355/3600: 总车辆=455, 平均停车数=6.30, 平均车辆数=6.41
[Dashboard] Step 2356/3600: 总车辆=452, 平均停车数=6.27, 平均车辆数=6.37
[Dashboard] Step 2357/3600: 总车辆=451, 平均停车数=6.27, 平均车辆数=6.35
[Dashboard] Step 2358/3600: 总车辆=453, 平均停车数=6.27, 平均车辆数=6.38
[Dashboard] Step 2359/3600: 总车辆=452, 平均停车数=6.24, 平均车辆数=6.37
[Dashboard] Step 2360/3600: 总车辆=452, 平均停车数=6.24, 平均车辆数=6.37
[Dashboard] Step 2361/3600: 总车辆=453, 平均停车数=6.24, 平均车辆数=6.38
[Dashboard] Step 2362/3600: 总车辆=455, 平均停车数=6.24, 平均车辆数=6.41
[Dashboard] Step 2363/3600: 总车辆=456, 平均停车数=6.23, 平均车辆数=6.42
[Dashboard] Step 2364/3600: 总车辆=455, 平均停车数=6.24, 平均车辆数=6.41
[Dashboard] Step 2365/3600: 总车辆=451, 平均停车数=6.20, 平均车辆数=6.35
[Dashboard] Step 2366/3600: 总车辆=451, 平均停车数=6.24, 平均车辆数=6.35
[Dashboard] Step 2367/3600: 总车辆=454, 平均停车数=6.23, 平均车辆数=6.39
[Dashboard] Step 2368/3600: 总车辆=454, 平均停车数=6.24, 平均车辆数=6.39
[Junction J037] 车辆=19, 拥堵度=0.57
[Dashboard] Step 2369/3600: 总车辆=455, 平均停车数=6.24, 平均车辆数=6.41
[Junction J087] 车辆=13, 拥堵度=0.58
[Dashboard] Step 2370/3600: 总车辆=456, 平均停车数=6.25, 平均车辆数=6.42
[Dashboard] Step 2371/3600: 总车辆=456, 平均停车数=6.24, 平均车辆数=6.42
[Dashboard] Step 2372/3600: 总车辆=456, 平均停车数=6.24, 平均车辆数=6.42
[Junction J028] 车辆=7, 拥堵度=0.53
[Dashboard] Step 2373/3600: 总车辆=458, 平均停车数=6.25, 平均车辆数=6.45
[Dashboard] Step 2374/3600: 总车辆=454, 平均停车数=6.25, 平均车辆数=6.39
[Junction J056] 车辆=28, 拥堵度=0.72
[Dashboard] Step 2375/3600: 总车辆=457, 平均停车数=6.27, 平均车辆数=6.44
[Junction J066] 车辆=54, 拥堵度=0.90
[Dashboard] Step 2376/3600: 总车辆=458, 平均停车数=6.27, 平均车辆数=6.45
[Dashboard] Step 2377/3600: 总车辆=458, 平均停车数=6.27, 平均车辆数=6.45
[Junction J081] 车辆=13, 拥堵度=0.71
[Dashboard] Step 2378/3600: 总车辆=459, 平均停车数=6.28, 平均车辆数=6.46
[Dashboard] Step 2379/3600: 总车辆=460, 平均停车数=6.27, 平均车辆数=6.48
[Dashboard] Step 2380/3600: 总车辆=459, 平均停车数=6.27, 平均车辆数=6.46
[Dashboard] Step 2381/3600: 总车辆=460, 平均停车数=6.28, 平均车辆数=6.48
[Dashboard] Step 2382/3600: 总车辆=460, 平均停车数=6.28, 平均车辆数=6.48
[Dashboard] Step 2383/3600: 总车辆=459, 平均停车数=6.31, 平均车辆数=6.46
[Dashboard] Step 2384/3600: 总车辆=458, 平均停车数=6.31, 平均车辆数=6.45
[Junction J072] 车辆=10, 拥堵度=0.57
[Dashboard] Step 2385/3600: 总车辆=457, 平均停车数=6.31, 平均车辆数=6.44
[Dashboard] Step 2386/3600: 总车辆=458, 平均停车数=6.32, 平均车辆数=6.45
[Dashboard] Step 2387/3600: 总车辆=459, 平均停车数=6.32, 平均车辆数=6.46
[Dashboard] Step 2388/3600: 总车辆=459, 平均停车数=6.32, 平均车辆数=6.46
[Dashboard] Step 2389/3600: 总车辆=459, 平均停车数=6.32, 平均车辆数=6.46
[Dashboard] Step 2390/3600: 总车辆=458, 平均停车数=6.32, 平均车辆数=6.45
[Dashboard] Step 2391/3600: 总车辆=459, 平均停车数=6.34, 平均车辆数=6.46
[Dashboard] Step 2392/3600: 总车辆=461, 平均停车数=6.34, 平均车辆数=6.49
[Dashboard] Step 2393/3600: 总车辆=459, 平均停车数=6.34, 平均车辆数=6.46
[Junction J064] 车辆=16, 拥堵度=0.64
[Dashboard] Step 2394/3600: 总车辆=456, 平均停车数=6.35, 平均车辆数=6.42
[Dashboard] Step 2395/3600: 总车辆=459, 平均停车数=6.35, 平均车辆数=6.46
[Junction J015] 车辆=21, 拥堵度=0.60
[Dashboard] Step 2396/3600: 总车辆=460, 平均停车数=6.35, 平均车辆数=6.48
[Dashboard] Step 2397/3600: 总车辆=459, 平均停车数=6.35, 平均车辆数=6.46
[Dashboard] Step 2398/3600: 总车辆=460, 平均停车数=6.35, 平均车辆数=6.48
[Dashboard] Step 2399/3600: 总车辆=459, 平均停车数=6.37, 平均车辆数=6.46
[Dashboard] Step 2400/3600: 总车辆=459, 平均停车数=6.37, 平均车辆数=6.46
[Junction J073] 车辆=14, 拥堵度=0.58
[Dashboard] Step 2401/3600: 总车辆=461, 平均停车数=6.37, 平均车辆数=6.49
[Dashboard] Step 2402/3600: 总车辆=459, 平均停车数=6.35, 平均车辆数=6.46
[Dashboard] Step 2403/3600: 总车辆=458, 平均停车数=6.35, 平均车辆数=6.45
[Dashboard] Step 2404/3600: 总车辆=457, 平均停车数=6.35, 平均车辆数=6.44
[Dashboard] Step 2405/3600: 总车辆=456, 平均停车数=6.34, 平均车辆数=6.42
[Dashboard] Step 2406/3600: 总车辆=457, 平均停车数=6.34, 平均车辆数=6.44
[Dashboard] Step 2407/3600: 总车辆=461, 平均停车数=6.34, 平均车辆数=6.49
[Dashboard] Step 2408/3600: 总车辆=460, 平均停车数=6.34, 平均车辆数=6.48
[Dashboard] Step 2409/3600: 总车辆=459, 平均停车数=6.34, 平均车辆数=6.46
[Junction J011] 车辆=14, 拥堵度=0.58
[Dashboard] Step 2410/3600: 总车辆=461, 平均停车数=6.35, 平均车辆数=6.49
[Dashboard] Step 2411/3600: 总车辆=462, 平均停车数=6.35, 平均车辆数=6.51
[Dashboard] Step 2412/3600: 总车辆=463, 平均停车数=6.37, 平均车辆数=6.52
[Dashboard] Step 2413/3600: 总车辆=463, 平均停车数=6.37, 平均车辆数=6.52
[Junction J004] 车辆=11, 拥堵度=0.50
[Junction J017] 车辆=16, 拥堵度=0.48
[Dashboard] Step 2414/3600: 总车辆=463, 平均停车数=6.37, 平均车辆数=6.52
[Junction J006] 车辆=41, 拥堵度=0.75
[Dashboard] Step 2415/3600: 总车辆=466, 平均停车数=6.38, 平均车辆数=6.56
[Dashboard] Step 2416/3600: 总车辆=465, 平均停车数=6.38, 平均车辆数=6.55
[Dashboard] Step 2417/3600: 总车辆=462, 平均停车数=6.39, 平均车辆数=6.51
[Junction J057] 车辆=24, 拥堵度=0.64
[Dashboard] Step 2418/3600: 总车辆=463, 平均停车数=6.39, 平均车辆数=6.52
[Junction J005] 车辆=34, 拥堵度=0.80
[Dashboard] Step 2419/3600: 总车辆=460, 平均停车数=6.38, 平均车辆数=6.48
[Junction J060] 车辆=12, 拥堵度=0.56
[Junction J070] 车辆=10, 拥堵度=0.55
[Dashboard] Step 2420/3600: 总车辆=462, 平均停车数=6.38, 平均车辆数=6.51
[Dashboard] Step 2421/3600: 总车辆=461, 平均停车数=6.38, 平均车辆数=6.49
[Dashboard] Step 2422/3600: 总车辆=463, 平均停车数=6.37, 平均车辆数=6.52
[Junction J010] 车辆=14, 拥堵度=0.57
[Junction J032] 车辆=8, 拥堵度=0.56
[Dashboard] Step 2423/3600: 总车辆=462, 平均停车数=6.37, 平均车辆数=6.51
[Junction J016] 车辆=14, 拥堵度=0.57
[Dashboard] Step 2424/3600: 总车辆=462, 平均停车数=6.37, 平均车辆数=6.51
[Dashboard] Step 2425/3600: 总车辆=462, 平均停车数=6.38, 平均车辆数=6.51
[Dashboard] Step 2426/3600: 总车辆=464, 平均停车数=6.38, 平均车辆数=6.54
[Dashboard] Step 2427/3600: 总车辆=464, 平均停车数=6.37, 平均车辆数=6.54
[Dashboard] Step 2428/3600: 总车辆=462, 平均停车数=6.35, 平均车辆数=6.51
[Dashboard] Step 2429/3600: 总车辆=461, 平均停车数=6.35, 平均车辆数=6.49
[Junction J003] 车辆=15, 拥堵度=0.57
[Dashboard] Step 2430/3600: 总车辆=462, 平均停车数=6.37, 平均车辆数=6.51
[Dashboard] Step 2431/3600: 总车辆=457, 平均停车数=6.37, 平均车辆数=6.44
[Dashboard] Step 2432/3600: 总车辆=457, 平均停车数=6.37, 平均车辆数=6.44
[Dashboard] Step 2433/3600: 总车辆=455, 平均停车数=6.34, 平均车辆数=6.41
[Dashboard] Step 2434/3600: 总车辆=455, 平均停车数=6.34, 平均车辆数=6.41
[Dashboard] Step 2435/3600: 总车辆=459, 平均停车数=6.34, 平均车辆数=6.46
[Dashboard] Step 2436/3600: 总车辆=460, 平均停车数=6.32, 平均车辆数=6.48
[Dashboard] Step 2437/3600: 总车辆=459, 平均停车数=6.32, 平均车辆数=6.46
[Dashboard] Step 2438/3600: 总车辆=459, 平均停车数=6.31, 平均车辆数=6.46
[Dashboard] Step 2439/3600: 总车辆=458, 平均停车数=6.28, 平均车辆数=6.45
[Dashboard] Step 2440/3600: 总车辆=457, 平均停车数=6.27, 平均车辆数=6.44
[Dashboard] Step 2441/3600: 总车辆=458, 平均停车数=6.28, 平均车辆数=6.45
[Junction J038] 车辆=12, 拥堵度=0.57
[Dashboard] Step 2442/3600: 总车辆=455, 平均停车数=6.28, 平均车辆数=6.41
[Dashboard] Step 2443/3600: 总车辆=457, 平均停车数=6.28, 平均车辆数=6.44
[Dashboard] Step 2444/3600: 总车辆=454, 平均停车数=6.28, 平均车辆数=6.39
[Dashboard] Step 2445/3600: 总车辆=455, 平均停车数=6.28, 平均车辆数=6.41
[Dashboard] Step 2446/3600: 总车辆=455, 平均停车数=6.28, 平均车辆数=6.41
[Dashboard] Step 2447/3600: 总车辆=457, 平均停车数=6.28, 平均车辆数=6.44
[Dashboard] Step 2448/3600: 总车辆=455, 平均停车数=6.28, 平均车辆数=6.41
[Dashboard] Step 2449/3600: 总车辆=453, 平均停车数=6.30, 平均车辆数=6.38
[Dashboard] Step 2450/3600: 总车辆=456, 平均停车数=6.30, 平均车辆数=6.42
[Dashboard] Step 2451/3600: 总车辆=457, 平均停车数=6.31, 平均车辆数=6.44
[Junction J035] 车辆=18, 拥堵度=0.61
[Dashboard] Step 2452/3600: 总车辆=460, 平均停车数=6.31, 平均车辆数=6.48
[Dashboard] Step 2453/3600: 总车辆=462, 平均停车数=6.31, 平均车辆数=6.51
[Dashboard] Step 2454/3600: 总车辆=461, 平均停车数=6.31, 平均车辆数=6.49
[Dashboard] Step 2455/3600: 总车辆=461, 平均停车数=6.31, 平均车辆数=6.49
[Dashboard] Step 2456/3600: 总车辆=461, 平均停车数=6.31, 平均车辆数=6.49
[Dashboard] Step 2457/3600: 总车辆=462, 平均停车数=6.32, 平均车辆数=6.51
[Dashboard] Step 2458/3600: 总车辆=458, 平均停车数=6.30, 平均车辆数=6.45
[Dashboard] Step 2459/3600: 总车辆=458, 平均停车数=6.31, 平均车辆数=6.45
[Dashboard] Step 2460/3600: 总车辆=458, 平均停车数=6.31, 平均车辆数=6.45
[Dashboard] Step 2461/3600: 总车辆=458, 平均停车数=6.32, 平均车辆数=6.45
[Dashboard] Step 2462/3600: 总车辆=458, 平均停车数=6.32, 平均车辆数=6.45
[Dashboard] Step 2463/3600: 总车辆=459, 平均停车数=6.31, 平均车辆数=6.46
[Dashboard] Step 2464/3600: 总车辆=462, 平均停车数=6.31, 平均车辆数=6.51
[Dashboard] Step 2465/3600: 总车辆=465, 平均停车数=6.32, 平均车辆数=6.55
[Dashboard] Step 2466/3600: 总车辆=468, 平均停车数=6.32, 平均车辆数=6.59
[Dashboard] Step 2467/3600: 总车辆=468, 平均停车数=6.32, 平均车辆数=6.59
[Dashboard] Step 2468/3600: 总车辆=469, 平均停车数=6.34, 平均车辆数=6.61
[Junction J037] 车辆=19, 拥堵度=0.61
[Dashboard] Step 2469/3600: 总车辆=470, 平均停车数=6.32, 平均车辆数=6.62
[Junction J087] 车辆=13, 拥堵度=0.58
[Dashboard] Step 2470/3600: 总车辆=471, 平均停车数=6.32, 平均车辆数=6.63
[Dashboard] Step 2471/3600: 总车辆=469, 平均停车数=6.34, 平均车辆数=6.61
[Dashboard] Step 2472/3600: 总车辆=467, 平均停车数=6.35, 平均车辆数=6.58
[Junction J028] 车辆=5, 拥堵度=0.52
[Dashboard] Step 2473/3600: 总车辆=467, 平均停车数=6.37, 平均车辆数=6.58
[Dashboard] Step 2474/3600: 总车辆=466, 平均停车数=6.37, 平均车辆数=6.56
[Junction J056] 车辆=29, 拥堵度=0.69
[Dashboard] Step 2475/3600: 总车辆=466, 平均停车数=6.37, 平均车辆数=6.56
[Junction J066] 车辆=54, 拥堵度=0.88
[Dashboard] Step 2476/3600: 总车辆=465, 平均停车数=6.38, 平均车辆数=6.55
[Dashboard] Step 2477/3600: 总车辆=463, 平均停车数=6.37, 平均车辆数=6.52
[Junction J081] 车辆=13, 拥堵度=0.71
[Dashboard] Step 2478/3600: 总车辆=463, 平均停车数=6.37, 平均车辆数=6.52
[Dashboard] Step 2479/3600: 总车辆=464, 平均停车数=6.37, 平均车辆数=6.54
[Dashboard] Step 2480/3600: 总车辆=463, 平均停车数=6.37, 平均车辆数=6.52
[Dashboard] Step 2481/3600: 总车辆=465, 平均停车数=6.37, 平均车辆数=6.55
[Dashboard] Step 2482/3600: 总车辆=466, 平均停车数=6.38, 平均车辆数=6.56
[Dashboard] Step 2483/3600: 总车辆=465, 平均停车数=6.38, 平均车辆数=6.55
[Dashboard] Step 2484/3600: 总车辆=462, 平均停车数=6.37, 平均车辆数=6.51
[Junction J072] 车辆=10, 拥堵度=0.57
[Dashboard] Step 2485/3600: 总车辆=463, 平均停车数=6.37, 平均车辆数=6.52
[Dashboard] Step 2486/3600: 总车辆=464, 平均停车数=6.37, 平均车辆数=6.54
[Dashboard] Step 2487/3600: 总车辆=463, 平均停车数=6.41, 平均车辆数=6.52
[Dashboard] Step 2488/3600: 总车辆=467, 平均停车数=6.44, 平均车辆数=6.58
[Dashboard] Step 2489/3600: 总车辆=471, 平均停车数=6.45, 平均车辆数=6.63
[Dashboard] Step 2490/3600: 总车辆=470, 平均停车数=6.45, 平均车辆数=6.62
[Dashboard] Step 2491/3600: 总车辆=470, 平均停车数=6.44, 平均车辆数=6.62
[Dashboard] Step 2492/3600: 总车辆=471, 平均停车数=6.45, 平均车辆数=6.63
[Dashboard] Step 2493/3600: 总车辆=469, 平均停车数=6.45, 平均车辆数=6.61
[Junction J064] 车辆=16, 拥堵度=0.65
[Dashboard] Step 2494/3600: 总车辆=471, 平均停车数=6.45, 平均车辆数=6.63
[Dashboard] Step 2495/3600: 总车辆=471, 平均停车数=6.45, 平均车辆数=6.63
[Junction J015] 车辆=19, 拥堵度=0.59
[Dashboard] Step 2496/3600: 总车辆=468, 平均停车数=6.45, 平均车辆数=6.59
[Dashboard] Step 2497/3600: 总车辆=468, 平均停车数=6.45, 平均车辆数=6.59
[Dashboard] Step 2498/3600: 总车辆=469, 平均停车数=6.45, 平均车辆数=6.61
[Dashboard] Step 2499/3600: 总车辆=470, 平均停车数=6.45, 平均车辆数=6.62
[Dashboard] Step 2500/3600: 总车辆=469, 平均停车数=6.44, 平均车辆数=6.61
[Junction J073] 车辆=14, 拥堵度=0.58
[Dashboard] Step 2501/3600: 总车辆=467, 平均停车数=6.45, 平均车辆数=6.58
[Dashboard] Step 2502/3600: 总车辆=467, 平均停车数=6.45, 平均车辆数=6.58
[Dashboard] Step 2503/3600: 总车辆=465, 平均停车数=6.42, 平均车辆数=6.55
[Dashboard] Step 2504/3600: 总车辆=466, 平均停车数=6.44, 平均车辆数=6.56
[Dashboard] Step 2505/3600: 总车辆=465, 平均停车数=6.44, 平均车辆数=6.55
[Dashboard] Step 2506/3600: 总车辆=464, 平均停车数=6.44, 平均车辆数=6.54
[Dashboard] Step 2507/3600: 总车辆=463, 平均停车数=6.42, 平均车辆数=6.52
[Dashboard] Step 2508/3600: 总车辆=465, 平均停车数=6.42, 平均车辆数=6.55
[Dashboard] Step 2509/3600: 总车辆=466, 平均停车数=6.42, 平均车辆数=6.56
[Junction J011] 车辆=13, 拥堵度=0.58
[Dashboard] Step 2510/3600: 总车辆=465, 平均停车数=6.42, 平均车辆数=6.55
[Dashboard] Step 2511/3600: 总车辆=469, 平均停车数=6.44, 平均车辆数=6.61
[Dashboard] Step 2512/3600: 总车辆=469, 平均停车数=6.44, 平均车辆数=6.61
[Dashboard] Step 2513/3600: 总车辆=469, 平均停车数=6.45, 平均车辆数=6.61
[Junction J004] 车辆=15, 拥堵度=0.55
[Junction J017] 车辆=13, 拥堵度=0.56
[Dashboard] Step 2514/3600: 总车辆=469, 平均停车数=6.44, 平均车辆数=6.61
[Junction J006] 车辆=42, 拥堵度=0.72
[Dashboard] Step 2515/3600: 总车辆=470, 平均停车数=6.46, 平均车辆数=6.62
[Dashboard] Step 2516/3600: 总车辆=470, 平均停车数=6.46, 平均车辆数=6.62
[Dashboard] Step 2517/3600: 总车辆=470, 平均停车数=6.49, 平均车辆数=6.62
[Junction J057] 车辆=27, 拥堵度=0.66
[Dashboard] Step 2518/3600: 总车辆=468, 平均停车数=6.48, 平均车辆数=6.59
[Junction J005] 车辆=37, 拥堵度=0.83
[Dashboard] Step 2519/3600: 总车辆=469, 平均停车数=6.48, 平均车辆数=6.61
[Junction J060] 车辆=12, 拥堵度=0.56
[Junction J070] 车辆=10, 拥堵度=0.55
[Dashboard] Step 2520/3600: 总车辆=471, 平均停车数=6.48, 平均车辆数=6.63
[Dashboard] Step 2521/3600: 总车辆=470, 平均停车数=6.48, 平均车辆数=6.62
[Dashboard] Step 2522/3600: 总车辆=469, 平均停车数=6.49, 平均车辆数=6.61
[Junction J010] 车辆=14, 拥堵度=0.57
[Junction J032] 车辆=8, 拥堵度=0.56
[Dashboard] Step 2523/3600: 总车辆=468, 平均停车数=6.48, 平均车辆数=6.59
[Junction J016] 车辆=15, 拥堵度=0.58
[Dashboard] Step 2524/3600: 总车辆=468, 平均停车数=6.49, 平均车辆数=6.59
[Dashboard] Step 2525/3600: 总车辆=468, 平均停车数=6.51, 平均车辆数=6.59
[Dashboard] Step 2526/3600: 总车辆=469, 平均停车数=6.51, 平均车辆数=6.61
[Dashboard] Step 2527/3600: 总车辆=469, 平均停车数=6.52, 平均车辆数=6.61
[Dashboard] Step 2528/3600: 总车辆=471, 平均停车数=6.52, 平均车辆数=6.63
[Dashboard] Step 2529/3600: 总车辆=472, 平均停车数=6.54, 平均车辆数=6.65
[Junction J003] 车辆=17, 拥堵度=0.57
[Dashboard] Step 2530/3600: 总车辆=472, 平均停车数=6.54, 平均车辆数=6.65
[Dashboard] Step 2531/3600: 总车辆=472, 平均停车数=6.54, 平均车辆数=6.65
[Dashboard] Step 2532/3600: 总车辆=470, 平均停车数=6.51, 平均车辆数=6.62
[Dashboard] Step 2533/3600: 总车辆=469, 平均停车数=6.51, 平均车辆数=6.61
[Dashboard] Step 2534/3600: 总车辆=467, 平均停车数=6.49, 平均车辆数=6.58
[Dashboard] Step 2535/3600: 总车辆=468, 平均停车数=6.49, 平均车辆数=6.59
[Dashboard] Step 2536/3600: 总车辆=467, 平均停车数=6.51, 平均车辆数=6.58
[Dashboard] Step 2537/3600: 总车辆=468, 平均停车数=6.51, 平均车辆数=6.59
[Dashboard] Step 2538/3600: 总车辆=468, 平均停车数=6.51, 平均车辆数=6.59
[Dashboard] Step 2539/3600: 总车辆=470, 平均停车数=6.52, 平均车辆数=6.62
[Dashboard] Step 2540/3600: 总车辆=470, 平均停车数=6.52, 平均车辆数=6.62
[Dashboard] Step 2541/3600: 总车辆=469, 平均停车数=6.52, 平均车辆数=6.61
[Junction J038] 车辆=12, 拥堵度=0.57
[Dashboard] Step 2542/3600: 总车辆=466, 平均停车数=6.48, 平均车辆数=6.56
[Dashboard] Step 2543/3600: 总车辆=465, 平均停车数=6.48, 平均车辆数=6.55
[Dashboard] Step 2544/3600: 总车辆=465, 平均停车数=6.48, 平均车辆数=6.55
[Dashboard] Step 2545/3600: 总车辆=464, 平均停车数=6.48, 平均车辆数=6.54
[Dashboard] Step 2546/3600: 总车辆=465, 平均停车数=6.46, 平均车辆数=6.55
[Dashboard] Step 2547/3600: 总车辆=464, 平均停车数=6.46, 平均车辆数=6.54
[Dashboard] Step 2548/3600: 总车辆=464, 平均停车数=6.46, 平均车辆数=6.54
[Dashboard] Step 2549/3600: 总车辆=464, 平均停车数=6.46, 平均车辆数=6.54
[Dashboard] Step 2550/3600: 总车辆=467, 平均停车数=6.46, 平均车辆数=6.58
[Dashboard] Step 2551/3600: 总车辆=467, 平均停车数=6.46, 平均车辆数=6.58
[Junction J035] 车辆=18, 拥堵度=0.61
[Dashboard] Step 2552/3600: 总车辆=467, 平均停车数=6.49, 平均车辆数=6.58
[Dashboard] Step 2553/3600: 总车辆=467, 平均停车数=6.49, 平均车辆数=6.58
[Dashboard] Step 2554/3600: 总车辆=469, 平均停车数=6.49, 平均车辆数=6.61
[Dashboard] Step 2555/3600: 总车辆=470, 平均停车数=6.49, 平均车辆数=6.62
[Dashboard] Step 2556/3600: 总车辆=470, 平均停车数=6.51, 平均车辆数=6.62
[Dashboard] Step 2557/3600: 总车辆=470, 平均停车数=6.49, 平均车辆数=6.62
[Dashboard] Step 2558/3600: 总车辆=471, 平均停车数=6.49, 平均车辆数=6.63
[Dashboard] Step 2559/3600: 总车辆=472, 平均停车数=6.49, 平均车辆数=6.65
[Dashboard] Step 2560/3600: 总车辆=471, 平均停车数=6.48, 平均车辆数=6.63
[Dashboard] Step 2561/3600: 总车辆=469, 平均停车数=6.48, 平均车辆数=6.61
[Dashboard] Step 2562/3600: 总车辆=470, 平均停车数=6.45, 平均车辆数=6.62
[Dashboard] Step 2563/3600: 总车辆=471, 平均停车数=6.46, 平均车辆数=6.63
[Dashboard] Step 2564/3600: 总车辆=471, 平均停车数=6.46, 平均车辆数=6.63
[Dashboard] Step 2565/3600: 总车辆=471, 平均停车数=6.46, 平均车辆数=6.63
[Dashboard] Step 2566/3600: 总车辆=471, 平均停车数=6.46, 平均车辆数=6.63
[Dashboard] Step 2567/3600: 总车辆=473, 平均停车数=6.49, 平均车辆数=6.66
[Dashboard] Step 2568/3600: 总车辆=470, 平均停车数=6.51, 平均车辆数=6.62
[Junction J037] 车辆=18, 拥堵度=0.61
[Dashboard] Step 2569/3600: 总车辆=469, 平均停车数=6.48, 平均车辆数=6.61
[Junction J087] 车辆=14, 拥堵度=0.58
[Dashboard] Step 2570/3600: 总车辆=468, 平均停车数=6.45, 平均车辆数=6.59
[Dashboard] Step 2571/3600: 总车辆=471, 平均停车数=6.44, 平均车辆数=6.63
[Dashboard] Step 2572/3600: 总车辆=469, 平均停车数=6.44, 平均车辆数=6.61
[Dashboard] Step 2573/3600: 总车辆=468, 平均停车数=6.42, 平均车辆数=6.59
[Dashboard] Step 2574/3600: 总车辆=468, 平均停车数=6.41, 平均车辆数=6.59
[Junction J056] 车辆=28, 拥堵度=0.72
[Dashboard] Step 2575/3600: 总车辆=468, 平均停车数=6.41, 平均车辆数=6.59
[Junction J066] 车辆=54, 拥堵度=0.88
[Dashboard] Step 2576/3600: 总车辆=471, 平均停车数=6.42, 平均车辆数=6.63
[Dashboard] Step 2577/3600: 总车辆=467, 平均停车数=6.45, 平均车辆数=6.58
[Junction J028] 车辆=7, 拥堵度=0.53
[Junction J081] 车辆=13, 拥堵度=0.71
[Dashboard] Step 2578/3600: 总车辆=470, 平均停车数=6.45, 平均车辆数=6.62
[Dashboard] Step 2579/3600: 总车辆=468, 平均停车数=6.48, 平均车辆数=6.59
[Dashboard] Step 2580/3600: 总车辆=471, 平均停车数=6.48, 平均车辆数=6.63
[Dashboard] Step 2581/3600: 总车辆=472, 平均停车数=6.48, 平均车辆数=6.65
[Dashboard] Step 2582/3600: 总车辆=475, 平均停车数=6.49, 平均车辆数=6.69
[Dashboard] Step 2583/3600: 总车辆=474, 平均停车数=6.49, 平均车辆数=6.68
[Dashboard] Step 2584/3600: 总车辆=472, 平均停车数=6.48, 平均车辆数=6.65
[Junction J072] 车辆=9, 拥堵度=0.55
[Dashboard] Step 2585/3600: 总车辆=469, 平均停车数=6.49, 平均车辆数=6.61
[Junction J014] 车辆=7, 拥堵度=0.54
[Dashboard] Step 2586/3600: 总车辆=469, 平均停车数=6.49, 平均车辆数=6.61
[Dashboard] Step 2587/3600: 总车辆=471, 平均停车数=6.49, 平均车辆数=6.63
[Dashboard] Step 2588/3600: 总车辆=472, 平均停车数=6.49, 平均车辆数=6.65
[Dashboard] Step 2589/3600: 总车辆=470, 平均停车数=6.51, 平均车辆数=6.62
[Dashboard] Step 2590/3600: 总车辆=465, 平均停车数=6.48, 平均车辆数=6.55
[Dashboard] Step 2591/3600: 总车辆=466, 平均停车数=6.48, 平均车辆数=6.56
[Dashboard] Step 2592/3600: 总车辆=468, 平均停车数=6.48, 平均车辆数=6.59
[Dashboard] Step 2593/3600: 总车辆=468, 平均停车数=6.46, 平均车辆数=6.59
[Junction J064] 车辆=16, 拥堵度=0.65
[Dashboard] Step 2594/3600: 总车辆=468, 平均停车数=6.45, 平均车辆数=6.59
[Dashboard] Step 2595/3600: 总车辆=471, 平均停车数=6.45, 平均车辆数=6.63
[Junction J015] 车辆=19, 拥堵度=0.59
[Dashboard] Step 2596/3600: 总车辆=470, 平均停车数=6.46, 平均车辆数=6.62
[Dashboard] Step 2597/3600: 总车辆=471, 平均停车数=6.49, 平均车辆数=6.63
[Dashboard] Step 2598/3600: 总车辆=474, 平均停车数=6.48, 平均车辆数=6.68
[Dashboard] Step 2599/3600: 总车辆=474, 平均停车数=6.48, 平均车辆数=6.68
[Dashboard] Step 2600/3600: 总车辆=475, 平均停车数=6.48, 平均车辆数=6.69
[Junction J073] 车辆=14, 拥堵度=0.57
[Dashboard] Step 2601/3600: 总车辆=478, 平均停车数=6.49, 平均车辆数=6.73
[Dashboard] Step 2602/3600: 总车辆=476, 平均停车数=6.51, 平均车辆数=6.70
[Dashboard] Step 2603/3600: 总车辆=478, 平均停车数=6.51, 平均车辆数=6.73
[Dashboard] Step 2604/3600: 总车辆=475, 平均停车数=6.51, 平均车辆数=6.69
[Dashboard] Step 2605/3600: 总车辆=473, 平均停车数=6.54, 平均车辆数=6.66
[Dashboard] Step 2606/3600: 总车辆=476, 平均停车数=6.54, 平均车辆数=6.70
[Dashboard] Step 2607/3600: 总车辆=478, 平均停车数=6.54, 平均车辆数=6.73
[Dashboard] Step 2608/3600: 总车辆=478, 平均停车数=6.54, 平均车辆数=6.73
[Dashboard] Step 2609/3600: 总车辆=478, 平均停车数=6.52, 平均车辆数=6.73
[Junction J011] 车辆=13, 拥堵度=0.58
[Dashboard] Step 2610/3600: 总车辆=476, 平均停车数=6.52, 平均车辆数=6.70
[Dashboard] Step 2611/3600: 总车辆=475, 平均停车数=6.54, 平均车辆数=6.69
[Dashboard] Step 2612/3600: 总车辆=473, 平均停车数=6.56, 平均车辆数=6.66
[Dashboard] Step 2613/3600: 总车辆=473, 平均停车数=6.58, 平均车辆数=6.66
[Junction J004] 车辆=13, 拥堵度=0.55
[Junction J017] 车辆=15, 拥堵度=0.52
[Dashboard] Step 2614/3600: 总车辆=474, 平均停车数=6.58, 平均车辆数=6.68
[Junction J006] 车辆=40, 拥堵度=0.73
[Dashboard] Step 2615/3600: 总车辆=476, 平均停车数=6.58, 平均车辆数=6.70
[Dashboard] Step 2616/3600: 总车辆=476, 平均停车数=6.59, 平均车辆数=6.70
[Dashboard] Step 2617/3600: 总车辆=478, 平均停车数=6.59, 平均车辆数=6.73
[Junction J057] 车辆=28, 拥堵度=0.67
[Dashboard] Step 2618/3600: 总车辆=477, 平均停车数=6.59, 平均车辆数=6.72
[Junction J005] 车辆=42, 拥堵度=0.87
[Dashboard] Step 2619/3600: 总车辆=478, 平均停车数=6.63, 平均车辆数=6.73
[Junction J060] 车辆=11, 拥堵度=0.56
[Junction J070] 车辆=9, 拥堵度=0.55
[Dashboard] Step 2620/3600: 总车辆=480, 平均停车数=6.63, 平均车辆数=6.76
[Dashboard] Step 2621/3600: 总车辆=481, 平均停车数=6.63, 平均车辆数=6.77
[Dashboard] Step 2622/3600: 总车辆=482, 平均停车数=6.63, 平均车辆数=6.79
[Junction J010] 车辆=15, 拥堵度=0.58
[Junction J032] 车辆=8, 拥堵度=0.56
[Dashboard] Step 2623/3600: 总车辆=482, 平均停车数=6.63, 平均车辆数=6.79
[Junction J016] 车辆=14, 拥堵度=0.57
[Dashboard] Step 2624/3600: 总车辆=484, 平均停车数=6.65, 平均车辆数=6.82
[Dashboard] Step 2625/3600: 总车辆=482, 平均停车数=6.65, 平均车辆数=6.79
[Dashboard] Step 2626/3600: 总车辆=483, 平均停车数=6.65, 平均车辆数=6.80
[Dashboard] Step 2627/3600: 总车辆=484, 平均停车数=6.66, 平均车辆数=6.82
[Dashboard] Step 2628/3600: 总车辆=484, 平均停车数=6.68, 平均车辆数=6.82
[Dashboard] Step 2629/3600: 总车辆=486, 平均停车数=6.68, 平均车辆数=6.85
[Junction J003] 车辆=17, 拥堵度=0.56
[Dashboard] Step 2630/3600: 总车辆=486, 平均停车数=6.68, 平均车辆数=6.85
[Dashboard] Step 2631/3600: 总车辆=488, 平均停车数=6.69, 平均车辆数=6.87
[Dashboard] Step 2632/3600: 总车辆=486, 平均停车数=6.69, 平均车辆数=6.85
[Dashboard] Step 2633/3600: 总车辆=486, 平均停车数=6.72, 平均车辆数=6.85
[Dashboard] Step 2634/3600: 总车辆=487, 平均停车数=6.72, 平均车辆数=6.86
[Dashboard] Step 2635/3600: 总车辆=489, 平均停车数=6.72, 平均车辆数=6.89
[Dashboard] Step 2636/3600: 总车辆=488, 平均停车数=6.73, 平均车辆数=6.87
[Dashboard] Step 2637/3600: 总车辆=488, 平均停车数=6.73, 平均车辆数=6.87
[Dashboard] Step 2638/3600: 总车辆=487, 平均停车数=6.75, 平均车辆数=6.86
[Dashboard] Step 2639/3600: 总车辆=487, 平均停车数=6.75, 平均车辆数=6.86
[Dashboard] Step 2640/3600: 总车辆=487, 平均停车数=6.75, 平均车辆数=6.86
[Dashboard] Step 2641/3600: 总车辆=488, 平均停车数=6.76, 平均车辆数=6.87
[Junction J038] 车辆=13, 拥堵度=0.58
[Dashboard] Step 2642/3600: 总车辆=488, 平均停车数=6.77, 平均车辆数=6.87
[Dashboard] Step 2643/3600: 总车辆=486, 平均停车数=6.76, 平均车辆数=6.85
[Dashboard] Step 2644/3600: 总车辆=486, 平均停车数=6.77, 平均车辆数=6.85
[Dashboard] Step 2645/3600: 总车辆=486, 平均停车数=6.77, 平均车辆数=6.85
[Dashboard] Step 2646/3600: 总车辆=486, 平均停车数=6.77, 平均车辆数=6.85
[Dashboard] Step 2647/3600: 总车辆=490, 平均停车数=6.77, 平均车辆数=6.90
[Dashboard] Step 2648/3600: 总车辆=489, 平均停车数=6.77, 平均车辆数=6.89
[Dashboard] Step 2649/3600: 总车辆=486, 平均停车数=6.75, 平均车辆数=6.85
[Dashboard] Step 2650/3600: 总车辆=485, 平均停车数=6.75, 平均车辆数=6.83
[Dashboard] Step 2651/3600: 总车辆=487, 平均停车数=6.75, 平均车辆数=6.86
[Junction J035] 车辆=18, 拥堵度=0.61
[Dashboard] Step 2652/3600: 总车辆=488, 平均停车数=6.75, 平均车辆数=6.87
[Dashboard] Step 2653/3600: 总车辆=487, 平均停车数=6.75, 平均车辆数=6.86
[Dashboard] Step 2654/3600: 总车辆=488, 平均停车数=6.75, 平均车辆数=6.87
[Dashboard] Step 2655/3600: 总车辆=486, 平均停车数=6.73, 平均车辆数=6.85
[Dashboard] Step 2656/3600: 总车辆=484, 平均停车数=6.72, 平均车辆数=6.82
[Dashboard] Step 2657/3600: 总车辆=482, 平均停车数=6.70, 平均车辆数=6.79
[Dashboard] Step 2658/3600: 总车辆=483, 平均停车数=6.70, 平均车辆数=6.80
[Dashboard] Step 2659/3600: 总车辆=484, 平均停车数=6.70, 平均车辆数=6.82
[Dashboard] Step 2660/3600: 总车辆=485, 平均停车数=6.70, 平均车辆数=6.83
[Dashboard] Step 2661/3600: 总车辆=485, 平均停车数=6.70, 平均车辆数=6.83
[Dashboard] Step 2662/3600: 总车辆=484, 平均停车数=6.69, 平均车辆数=6.82
[Dashboard] Step 2663/3600: 总车辆=484, 平均停车数=6.69, 平均车辆数=6.82
[Dashboard] Step 2664/3600: 总车辆=483, 平均停车数=6.68, 平均车辆数=6.80
[Dashboard] Step 2665/3600: 总车辆=483, 平均停车数=6.69, 平均车辆数=6.80
[Dashboard] Step 2666/3600: 总车辆=483, 平均停车数=6.69, 平均车辆数=6.80
[Dashboard] Step 2667/3600: 总车辆=484, 平均停车数=6.70, 平均车辆数=6.82
[Dashboard] Step 2668/3600: 总车辆=482, 平均停车数=6.69, 平均车辆数=6.79
[Junction J037] 车辆=22, 拥堵度=0.63
[Dashboard] Step 2669/3600: 总车辆=481, 平均停车数=6.72, 平均车辆数=6.77
[Junction J087] 车辆=14, 拥堵度=0.58
[Dashboard] Step 2670/3600: 总车辆=483, 平均停车数=6.72, 平均车辆数=6.80
[Dashboard] Step 2671/3600: 总车辆=483, 平均停车数=6.72, 平均车辆数=6.80
[Dashboard] Step 2672/3600: 总车辆=483, 平均停车数=6.72, 平均车辆数=6.80
[Dashboard] Step 2673/3600: 总车辆=485, 平均停车数=6.76, 平均车辆数=6.83
[Dashboard] Step 2674/3600: 总车辆=487, 平均停车数=6.76, 平均车辆数=6.86
[Junction J056] 车辆=29, 拥堵度=0.68
[Dashboard] Step 2675/3600: 总车辆=490, 平均停车数=6.76, 平均车辆数=6.90
[Junction J066] 车辆=54, 拥堵度=0.90
[Dashboard] Step 2676/3600: 总车辆=489, 平均停车数=6.75, 平均车辆数=6.89
[Dashboard] Step 2677/3600: 总车辆=489, 平均停车数=6.75, 平均车辆数=6.89
[Junction J028] 车辆=7, 拥堵度=0.53
[Junction J081] 车辆=14, 拥堵度=0.72
[Junction J042] 车辆=5, 拥堵度=0.42
[Dashboard] Step 2678/3600: 总车辆=489, 平均停车数=6.73, 平均车辆数=6.89
[Dashboard] Step 2679/3600: 总车辆=489, 平均停车数=6.76, 平均车辆数=6.89
[Dashboard] Step 2680/3600: 总车辆=490, 平均停车数=6.77, 平均车辆数=6.90
[Dashboard] Step 2681/3600: 总车辆=489, 平均停车数=6.77, 平均车辆数=6.89
[Dashboard] Step 2682/3600: 总车辆=488, 平均停车数=6.77, 平均车辆数=6.87
[Dashboard] Step 2683/3600: 总车辆=488, 平均停车数=6.77, 平均车辆数=6.87
[Dashboard] Step 2684/3600: 总车辆=486, 平均停车数=6.77, 平均车辆数=6.85
[Junction J072] 车辆=10, 拥堵度=0.57
[Dashboard] Step 2685/3600: 总车辆=485, 平均停车数=6.76, 平均车辆数=6.83
[Junction J014] 车辆=8, 拥堵度=0.55
[Dashboard] Step 2686/3600: 总车辆=486, 平均停车数=6.73, 平均车辆数=6.85
[Dashboard] Step 2687/3600: 总车辆=487, 平均停车数=6.73, 平均车辆数=6.86
[Dashboard] Step 2688/3600: 总车辆=487, 平均停车数=6.73, 平均车辆数=6.86
[Dashboard] Step 2689/3600: 总车辆=487, 平均停车数=6.73, 平均车辆数=6.86
[Dashboard] Step 2690/3600: 总车辆=487, 平均停车数=6.73, 平均车辆数=6.86
[Dashboard] Step 2691/3600: 总车辆=489, 平均停车数=6.75, 平均车辆数=6.89
[Dashboard] Step 2692/3600: 总车辆=488, 平均停车数=6.75, 平均车辆数=6.87
[Dashboard] Step 2693/3600: 总车辆=489, 平均停车数=6.75, 平均车辆数=6.89
[Junction J064] 车辆=15, 拥堵度=0.62
[Dashboard] Step 2694/3600: 总车辆=489, 平均停车数=6.75, 平均车辆数=6.89
[Dashboard] Step 2695/3600: 总车辆=487, 平均停车数=6.75, 平均车辆数=6.86
[Junction J015] 车辆=19, 拥堵度=0.59
[Dashboard] Step 2696/3600: 总车辆=487, 平均停车数=6.75, 平均车辆数=6.86
[Dashboard] Step 2697/3600: 总车辆=485, 平均停车数=6.75, 平均车辆数=6.83
[Dashboard] Step 2698/3600: 总车辆=486, 平均停车数=6.75, 平均车辆数=6.85
[Dashboard] Step 2699/3600: 总车辆=487, 平均停车数=6.75, 平均车辆数=6.86
[Dashboard] Step 2700/3600: 总车辆=489, 平均停车数=6.75, 平均车辆数=6.89
[Server] API返回数据 - Step 2700: 路口数=71, 车辆数=489, 平均拥堵度=0.223
[Junction J073] 车辆=14, 拥堵度=0.58
[Dashboard] Step 2701/3600: 总车辆=492, 平均停车数=6.75, 平均车辆数=6.93
[Dashboard] Step 2702/3600: 总车辆=495, 平均停车数=6.75, 平均车辆数=6.97
[Dashboard] Step 2703/3600: 总车辆=494, 平均停车数=6.75, 平均车辆数=6.96
[Dashboard] Step 2704/3600: 总车辆=496, 平均停车数=6.75, 平均车辆数=6.99
[Dashboard] Step 2705/3600: 总车辆=496, 平均停车数=6.76, 平均车辆数=6.99
[Dashboard] Step 2706/3600: 总车辆=498, 平均停车数=6.76, 平均车辆数=7.01
[Dashboard] Step 2707/3600: 总车辆=497, 平均停车数=6.77, 平均车辆数=7.00
[Dashboard] Step 2708/3600: 总车辆=493, 平均停车数=6.77, 平均车辆数=6.94
[Dashboard] Step 2709/3600: 总车辆=493, 平均停车数=6.77, 平均车辆数=6.94
[Junction J011] 车辆=13, 拥堵度=0.58
[Dashboard] Step 2710/3600: 总车辆=492, 平均停车数=6.79, 平均车辆数=6.93
[Dashboard] Step 2711/3600: 总车辆=491, 平均停车数=6.82, 平均车辆数=6.92
[Dashboard] Step 2712/3600: 总车辆=494, 平均停车数=6.82, 平均车辆数=6.96
[Dashboard] Step 2713/3600: 总车辆=491, 平均停车数=6.80, 平均车辆数=6.92
[Junction J004] 车辆=11, 拥堵度=0.54
[Junction J017] 车辆=14, 拥堵度=0.57
[Dashboard] Step 2714/3600: 总车辆=489, 平均停车数=6.80, 平均车辆数=6.89
[Junction J006] 车辆=42, 拥堵度=0.75
[Dashboard] Step 2715/3600: 总车辆=490, 平均停车数=6.83, 平均车辆数=6.90
[Dashboard] Step 2716/3600: 总车辆=491, 平均停车数=6.83, 平均车辆数=6.92
[Dashboard] Step 2717/3600: 总车辆=491, 平均停车数=6.83, 平均车辆数=6.92
[Junction J057] 车辆=29, 拥堵度=0.62
[Dashboard] Step 2718/3600: 总车辆=493, 平均停车数=6.83, 平均车辆数=6.94
[Junction J005] 车辆=45, 拥堵度=0.89
[Dashboard] Step 2719/3600: 总车辆=495, 平均停车数=6.83, 平均车辆数=6.97
[Junction J060] 车辆=13, 拥堵度=0.53
[Junction J070] 车辆=7, 拥堵度=0.54
[Dashboard] Step 2720/3600: 总车辆=498, 平均停车数=6.83, 平均车辆数=7.01
[Dashboard] Step 2721/3600: 总车辆=497, 平均停车数=6.82, 平均车辆数=7.00
[Dashboard] Step 2722/3600: 总车辆=498, 平均停车数=6.82, 平均车辆数=7.01
[Junction J010] 车辆=14, 拥堵度=0.57
[Junction J032] 车辆=8, 拥堵度=0.56
[Dashboard] Step 2723/3600: 总车辆=497, 平均停车数=6.83, 平均车辆数=7.00
[Junction J016] 车辆=15, 拥堵度=0.58
[Dashboard] Step 2724/3600: 总车辆=499, 平均停车数=6.85, 平均车辆数=7.03
[Dashboard] Step 2725/3600: 总车辆=498, 平均停车数=6.85, 平均车辆数=7.01
[Dashboard] Step 2726/3600: 总车辆=500, 平均停车数=6.85, 平均车辆数=7.04
[Dashboard] Step 2727/3600: 总车辆=500, 平均停车数=6.87, 平均车辆数=7.04
[Dashboard] Step 2728/3600: 总车辆=502, 平均停车数=6.87, 平均车辆数=7.07
[Dashboard] Step 2729/3600: 总车辆=503, 平均停车数=6.87, 平均车辆数=7.08
[Junction J003] 车辆=21, 拥堵度=0.59
[Dashboard] Step 2730/3600: 总车辆=501, 平均停车数=6.87, 平均车辆数=7.06
[Dashboard] Step 2731/3600: 总车辆=500, 平均停车数=6.87, 平均车辆数=7.04
[Dashboard] Step 2732/3600: 总车辆=497, 平均停车数=6.86, 平均车辆数=7.00
[Dashboard] Step 2733/3600: 总车辆=497, 平均停车数=6.87, 平均车辆数=7.00
[Dashboard] Step 2734/3600: 总车辆=495, 平均停车数=6.85, 平均车辆数=6.97
[Dashboard] Step 2735/3600: 总车辆=495, 平均停车数=6.87, 平均车辆数=6.97
[Dashboard] Step 2736/3600: 总车辆=496, 平均停车数=6.90, 平均车辆数=6.99
[Dashboard] Step 2737/3600: 总车辆=494, 平均停车数=6.89, 平均车辆数=6.96
[Dashboard] Step 2738/3600: 总车辆=494, 平均停车数=6.89, 平均车辆数=6.96
[Dashboard] Step 2739/3600: 总车辆=495, 平均停车数=6.89, 平均车辆数=6.97
[Dashboard] Step 2740/3600: 总车辆=495, 平均停车数=6.89, 平均车辆数=6.97
[Dashboard] Step 2741/3600: 总车辆=494, 平均停车数=6.86, 平均车辆数=6.96
[Junction J038] 车辆=12, 拥堵度=0.57
[Dashboard] Step 2742/3600: 总车辆=492, 平均停车数=6.86, 平均车辆数=6.93
[Dashboard] Step 2743/3600: 总车辆=494, 平均停车数=6.86, 平均车辆数=6.96
[Dashboard] Step 2744/3600: 总车辆=493, 平均停车数=6.86, 平均车辆数=6.94
[Dashboard] Step 2745/3600: 总车辆=493, 平均停车数=6.86, 平均车辆数=6.94
[Dashboard] Step 2746/3600: 总车辆=494, 平均停车数=6.86, 平均车辆数=6.96
[Dashboard] Step 2747/3600: 总车辆=493, 平均停车数=6.86, 平均车辆数=6.94
[Dashboard] Step 2748/3600: 总车辆=491, 平均停车数=6.86, 平均车辆数=6.92
[Dashboard] Step 2749/3600: 总车辆=491, 平均停车数=6.86, 平均车辆数=6.92
[Dashboard] Step 2750/3600: 总车辆=489, 平均停车数=6.86, 平均车辆数=6.89
[Dashboard] Step 2751/3600: 总车辆=492, 平均停车数=6.86, 平均车辆数=6.93
[Junction J035] 车辆=18, 拥堵度=0.61
[Dashboard] Step 2752/3600: 总车辆=495, 平均停车数=6.86, 平均车辆数=6.97
[Dashboard] Step 2753/3600: 总车辆=495, 平均停车数=6.86, 平均车辆数=6.97
[Dashboard] Step 2754/3600: 总车辆=494, 平均停车数=6.86, 平均车辆数=6.96
[Dashboard] Step 2755/3600: 总车辆=494, 平均停车数=6.87, 平均车辆数=6.96
[Dashboard] Step 2756/3600: 总车辆=495, 平均停车数=6.87, 平均车辆数=6.97
[Dashboard] Step 2757/3600: 总车辆=498, 平均停车数=6.89, 平均车辆数=7.01
[Dashboard] Step 2758/3600: 总车辆=497, 平均停车数=6.89, 平均车辆数=7.00
[Dashboard] Step 2759/3600: 总车辆=499, 平均停车数=6.90, 平均车辆数=7.03
[Dashboard] Step 2760/3600: 总车辆=498, 平均停车数=6.90, 平均车辆数=7.01
[Dashboard] Step 2761/3600: 总车辆=499, 平均停车数=6.90, 平均车辆数=7.03
[Dashboard] Step 2762/3600: 总车辆=498, 平均停车数=6.90, 平均车辆数=7.01
[Dashboard] Step 2763/3600: 总车辆=498, 平均停车数=6.93, 平均车辆数=7.01
[Dashboard] Step 2764/3600: 总车辆=497, 平均停车数=6.92, 平均车辆数=7.00
[Dashboard] Step 2765/3600: 总车辆=497, 平均停车数=6.92, 平均车辆数=7.00
[Dashboard] Step 2766/3600: 总车辆=496, 平均停车数=6.89, 平均车辆数=6.99
[Dashboard] Step 2767/3600: 总车辆=496, 平均停车数=6.89, 平均车辆数=6.99
[Dashboard] Step 2768/3600: 总车辆=496, 平均停车数=6.90, 平均车辆数=6.99
[Junction J037] 车辆=23, 拥堵度=0.64
[Dashboard] Step 2769/3600: 总车辆=502, 平均停车数=6.90, 平均车辆数=7.07
[Junction J087] 车辆=14, 拥堵度=0.58
[Dashboard] Step 2770/3600: 总车辆=501, 平均停车数=6.90, 平均车辆数=7.06
[Dashboard] Step 2771/3600: 总车辆=499, 平均停车数=6.90, 平均车辆数=7.03
[Dashboard] Step 2772/3600: 总车辆=499, 平均停车数=6.90, 平均车辆数=7.03
[Dashboard] Step 2773/3600: 总车辆=499, 平均停车数=6.90, 平均车辆数=7.03
[Dashboard] Step 2774/3600: 总车辆=498, 平均停车数=6.89, 平均车辆数=7.01
[Junction J056] 车辆=28, 拥堵度=0.72
[Dashboard] Step 2775/3600: 总车辆=496, 平均停车数=6.89, 平均车辆数=6.99
[Junction J066] 车辆=53, 拥堵度=0.90
[Dashboard] Step 2776/3600: 总车辆=497, 平均停车数=6.89, 平均车辆数=7.00
[Dashboard] Step 2777/3600: 总车辆=498, 平均停车数=6.89, 平均车辆数=7.01
[Junction J028] 车辆=8, 拥堵度=0.53
[Junction J081] 车辆=14, 拥堵度=0.72
[Junction J042] 车辆=9, 拥堵度=0.60
[Dashboard] Step 2778/3600: 总车辆=501, 平均停车数=6.89, 平均车辆数=7.06
[Dashboard] Step 2779/3600: 总车辆=503, 平均停车数=6.89, 平均车辆数=7.08
[Dashboard] Step 2780/3600: 总车辆=503, 平均停车数=6.89, 平均车辆数=7.08
[Dashboard] Step 2781/3600: 总车辆=505, 平均停车数=6.90, 平均车辆数=7.11
[Dashboard] Step 2782/3600: 总车辆=505, 平均停车数=6.89, 平均车辆数=7.11
[Dashboard] Step 2783/3600: 总车辆=502, 平均停车数=6.89, 平均车辆数=7.07
[Dashboard] Step 2784/3600: 总车辆=501, 平均停车数=6.89, 平均车辆数=7.06
[Junction J072] 车辆=10, 拥堵度=0.55
[Dashboard] Step 2785/3600: 总车辆=497, 平均停车数=6.87, 平均车辆数=7.00
[Junction J014] 车辆=8, 拥堵度=0.55
[Dashboard] Step 2786/3600: 总车辆=498, 平均停车数=6.89, 平均车辆数=7.01
[Dashboard] Step 2787/3600: 总车辆=498, 平均停车数=6.86, 平均车辆数=7.01
[Dashboard] Step 2788/3600: 总车辆=498, 平均停车数=6.83, 平均车辆数=7.01
[Dashboard] Step 2789/3600: 总车辆=499, 平均停车数=6.86, 平均车辆数=7.03
[Dashboard] Step 2790/3600: 总车辆=501, 平均停车数=6.86, 平均车辆数=7.06
[Dashboard] Step 2791/3600: 总车辆=504, 平均停车数=6.87, 平均车辆数=7.10
[Dashboard] Step 2792/3600: 总车辆=504, 平均停车数=6.87, 平均车辆数=7.10
[Dashboard] Step 2793/3600: 总车辆=504, 平均停车数=6.89, 平均车辆数=7.10
[Junction J064] 车辆=16, 拥堵度=0.65
[Dashboard] Step 2794/3600: 总车辆=505, 平均停车数=6.89, 平均车辆数=7.11
[Dashboard] Step 2795/3600: 总车辆=503, 平均停车数=6.94, 平均车辆数=7.08
[Junction J015] 车辆=19, 拥堵度=0.59
[Dashboard] Step 2796/3600: 总车辆=503, 平均停车数=6.94, 平均车辆数=7.08
[Dashboard] Step 2797/3600: 总车辆=504, 平均停车数=6.94, 平均车辆数=7.10
[Dashboard] Step 2798/3600: 总车辆=502, 平均停车数=6.94, 平均车辆数=7.07
[Dashboard] Step 2799/3600: 总车辆=504, 平均停车数=6.96, 平均车辆数=7.10
[Dashboard] Step 2800/3600: 总车辆=504, 平均停车数=6.96, 平均车辆数=7.10
[Junction J073] 车辆=13, 拥堵度=0.58
[Dashboard] Step 2801/3600: 总车辆=504, 平均停车数=6.94, 平均车辆数=7.10
[Dashboard] Step 2802/3600: 总车辆=504, 平均停车数=6.96, 平均车辆数=7.10
[Dashboard] Step 2803/3600: 总车辆=505, 平均停车数=6.97, 平均车辆数=7.11
[Dashboard] Step 2804/3600: 总车辆=504, 平均停车数=6.96, 平均车辆数=7.10
[Dashboard] Step 2805/3600: 总车辆=502, 平均停车数=6.96, 平均车辆数=7.07
[Dashboard] Step 2806/3600: 总车辆=496, 平均停车数=6.96, 平均车辆数=6.99
[Dashboard] Step 2807/3600: 总车辆=496, 平均停车数=6.94, 平均车辆数=6.99
[Dashboard] Step 2808/3600: 总车辆=502, 平均停车数=6.94, 平均车辆数=7.07
[Dashboard] Step 2809/3600: 总车辆=500, 平均停车数=6.93, 平均车辆数=7.04
[Junction J011] 车辆=13, 拥堵度=0.58
[Dashboard] Step 2810/3600: 总车辆=500, 平均停车数=6.92, 平均车辆数=7.04
[Dashboard] Step 2811/3600: 总车辆=501, 平均停车数=6.90, 平均车辆数=7.06
[Dashboard] Step 2812/3600: 总车辆=500, 平均停车数=6.90, 平均车辆数=7.04
[Dashboard] Step 2813/3600: 总车辆=500, 平均停车数=6.90, 平均车辆数=7.04
[Junction J004] 车辆=10, 拥堵度=0.50
[Junction J017] 车辆=14, 拥堵度=0.57
[Dashboard] Step 2814/3600: 总车辆=502, 平均停车数=6.89, 平均车辆数=7.07
[Junction J006] 车辆=43, 拥堵度=0.73
[Dashboard] Step 2815/3600: 总车辆=501, 平均停车数=6.89, 平均车辆数=7.06
[Dashboard] Step 2816/3600: 总车辆=501, 平均停车数=6.89, 平均车辆数=7.06
[Dashboard] Step 2817/3600: 总车辆=500, 平均停车数=6.93, 平均车辆数=7.04
[Junction J057] 车辆=30, 拥堵度=0.68
[Dashboard] Step 2818/3600: 总车辆=498, 平均停车数=6.93, 平均车辆数=7.01
[Junction J005] 车辆=40, 拥堵度=0.86
[Dashboard] Step 2819/3600: 总车辆=497, 平均停车数=6.92, 平均车辆数=7.00
[Junction J060] 车辆=14, 拥堵度=0.57
[Junction J070] 车辆=6, 拥堵度=0.53
[Dashboard] Step 2820/3600: 总车辆=496, 平均停车数=6.90, 平均车辆数=6.99
[Dashboard] Step 2821/3600: 总车辆=496, 平均停车数=6.90, 平均车辆数=6.99
[Dashboard] Step 2822/3600: 总车辆=495, 平均停车数=6.89, 平均车辆数=6.97
[Junction J010] 车辆=14, 拥堵度=0.57
[Junction J032] 车辆=8, 拥堵度=0.56
[Dashboard] Step 2823/3600: 总车辆=496, 平均停车数=6.89, 平均车辆数=6.99
[Junction J016] 车辆=16, 拥堵度=0.59
[Dashboard] Step 2824/3600: 总车辆=496, 平均停车数=6.87, 平均车辆数=6.99
[Dashboard] Step 2825/3600: 总车辆=496, 平均停车数=6.87, 平均车辆数=6.99
[Dashboard] Step 2826/3600: 总车辆=496, 平均停车数=6.87, 平均车辆数=6.99
[Dashboard] Step 2827/3600: 总车辆=495, 平均停车数=6.89, 平均车辆数=6.97
[Dashboard] Step 2828/3600: 总车辆=496, 平均停车数=6.90, 平均车辆数=6.99
[Dashboard] Step 2829/3600: 总车辆=496, 平均停车数=6.90, 平均车辆数=6.99
[Junction J003] 车辆=21, 拥堵度=0.55
[Dashboard] Step 2830/3600: 总车辆=500, 平均停车数=6.90, 平均车辆数=7.04
[Dashboard] Step 2831/3600: 总车辆=497, 平均停车数=6.90, 平均车辆数=7.00
[Dashboard] Step 2832/3600: 总车辆=499, 平均停车数=6.90, 平均车辆数=7.03
[Dashboard] Step 2833/3600: 总车辆=500, 平均停车数=6.92, 平均车辆数=7.04
[Dashboard] Step 2834/3600: 总车辆=501, 平均停车数=6.92, 平均车辆数=7.06
[Dashboard] Step 2835/3600: 总车辆=502, 平均停车数=6.92, 平均车辆数=7.07
[Dashboard] Step 2836/3600: 总车辆=502, 平均停车数=6.92, 平均车辆数=7.07
[Dashboard] Step 2837/3600: 总车辆=500, 平均停车数=6.90, 平均车辆数=7.04
[Dashboard] Step 2838/3600: 总车辆=501, 平均停车数=6.90, 平均车辆数=7.06
[Dashboard] Step 2839/3600: 总车辆=500, 平均停车数=6.90, 平均车辆数=7.04
[Dashboard] Step 2840/3600: 总车辆=502, 平均停车数=6.90, 平均车辆数=7.07
[Dashboard] Step 2841/3600: 总车辆=502, 平均停车数=6.90, 平均车辆数=7.07
[Junction J038] 车辆=13, 拥堵度=0.58
[Dashboard] Step 2842/3600: 总车辆=499, 平均停车数=6.90, 平均车辆数=7.03
[Dashboard] Step 2843/3600: 总车辆=499, 平均停车数=6.90, 平均车辆数=7.03
[Dashboard] Step 2844/3600: 总车辆=499, 平均停车数=6.90, 平均车辆数=7.03
[Dashboard] Step 2845/3600: 总车辆=499, 平均停车数=6.92, 平均车辆数=7.03
[Dashboard] Step 2846/3600: 总车辆=497, 平均停车数=6.90, 平均车辆数=7.00
[Dashboard] Step 2847/3600: 总车辆=497, 平均停车数=6.89, 平均车辆数=7.00
[Dashboard] Step 2848/3600: 总车辆=496, 平均停车数=6.89, 平均车辆数=6.99
[Dashboard] Step 2849/3600: 总车辆=497, 平均停车数=6.90, 平均车辆数=7.00
[Dashboard] Step 2850/3600: 总车辆=498, 平均停车数=6.90, 平均车辆数=7.01
[Dashboard] Step 2851/3600: 总车辆=497, 平均停车数=6.90, 平均车辆数=7.00
[Junction J035] 车辆=17, 拥堵度=0.60
[Dashboard] Step 2852/3600: 总车辆=496, 平均停车数=6.92, 平均车辆数=6.99
[Dashboard] Step 2853/3600: 总车辆=501, 平均停车数=6.93, 平均车辆数=7.06
[Dashboard] Step 2854/3600: 总车辆=502, 平均停车数=6.93, 平均车辆数=7.07
[Dashboard] Step 2855/3600: 总车辆=502, 平均停车数=6.93, 平均车辆数=7.07
[Dashboard] Step 2856/3600: 总车辆=504, 平均停车数=6.94, 平均车辆数=7.10
[Dashboard] Step 2857/3600: 总车辆=503, 平均停车数=6.94, 平均车辆数=7.08
[Dashboard] Step 2858/3600: 总车辆=506, 平均停车数=6.99, 平均车辆数=7.13
[Dashboard] Step 2859/3600: 总车辆=507, 平均停车数=6.99, 平均车辆数=7.14
[Dashboard] Step 2860/3600: 总车辆=506, 平均停车数=7.00, 平均车辆数=7.13
[Dashboard] Step 2861/3600: 总车辆=504, 平均停车数=6.99, 平均车辆数=7.10
[Dashboard] Step 2862/3600: 总车辆=504, 平均停车数=6.97, 平均车辆数=7.10
[Dashboard] Step 2863/3600: 总车辆=504, 平均停车数=6.97, 平均车辆数=7.10
[Dashboard] Step 2864/3600: 总车辆=506, 平均停车数=6.99, 平均车辆数=7.13
[Dashboard] Step 2865/3600: 总车辆=506, 平均停车数=7.00, 平均车辆数=7.13
[Dashboard] Step 2866/3600: 总车辆=504, 平均停车数=6.99, 平均车辆数=7.10
[Dashboard] Step 2867/3600: 总车辆=507, 平均停车数=6.99, 平均车辆数=7.14
[Dashboard] Step 2868/3600: 总车辆=510, 平均停车数=7.00, 平均车辆数=7.18
[Junction J037] 车辆=21, 拥堵度=0.63
[Dashboard] Step 2869/3600: 总车辆=509, 平均停车数=7.00, 平均车辆数=7.17
[Junction J087] 车辆=14, 拥堵度=0.58
[Dashboard] Step 2870/3600: 总车辆=510, 平均停车数=7.00, 平均车辆数=7.18
[Dashboard] Step 2871/3600: 总车辆=511, 平均停车数=7.01, 平均车辆数=7.20
[Dashboard] Step 2872/3600: 总车辆=513, 平均停车数=7.03, 平均车辆数=7.23
[Dashboard] Step 2873/3600: 总车辆=513, 平均停车数=7.04, 平均车辆数=7.23
[Dashboard] Step 2874/3600: 总车辆=512, 平均停车数=7.03, 平均车辆数=7.21
[Junction J056] 车辆=28, 拥堵度=0.72
[Dashboard] Step 2875/3600: 总车辆=509, 平均停车数=7.04, 平均车辆数=7.17
[Junction J066] 车辆=53, 拥堵度=0.89
[Dashboard] Step 2876/3600: 总车辆=509, 平均停车数=7.03, 平均车辆数=7.17
[Dashboard] Step 2877/3600: 总车辆=511, 平均停车数=7.01, 平均车辆数=7.20
[Junction J028] 车辆=8, 拥堵度=0.53
[Junction J081] 车辆=14, 拥堵度=0.72
[Junction J042] 车辆=13, 拥堵度=0.65
[Dashboard] Step 2878/3600: 总车辆=510, 平均停车数=7.01, 平均车辆数=7.18
[Dashboard] Step 2879/3600: 总车辆=506, 平均停车数=7.00, 平均车辆数=7.13
[Dashboard] Step 2880/3600: 总车辆=505, 平均停车数=7.00, 平均车辆数=7.11
[Dashboard] Step 2881/3600: 总车辆=506, 平均停车数=7.01, 平均车辆数=7.13
[Dashboard] Step 2882/3600: 总车辆=505, 平均停车数=7.03, 平均车辆数=7.11
[Dashboard] Step 2883/3600: 总车辆=505, 平均停车数=7.03, 平均车辆数=7.11
[Dashboard] Step 2884/3600: 总车辆=504, 平均停车数=7.03, 平均车辆数=7.10
[Junction J072] 车辆=10, 拥堵度=0.57
[Dashboard] Step 2885/3600: 总车辆=506, 平均停车数=7.03, 平均车辆数=7.13
[Junction J014] 车辆=10, 拥堵度=0.56
[Dashboard] Step 2886/3600: 总车辆=506, 平均停车数=7.03, 平均车辆数=7.13
[Dashboard] Step 2887/3600: 总车辆=509, 平均停车数=7.04, 平均车辆数=7.17
[Dashboard] Step 2888/3600: 总车辆=508, 平均停车数=7.03, 平均车辆数=7.15
[Dashboard] Step 2889/3600: 总车辆=508, 平均停车数=7.03, 平均车辆数=7.15
[Junction J061] 车辆=6, 拥堵度=0.54
[Dashboard] Step 2890/3600: 总车辆=509, 平均停车数=7.03, 平均车辆数=7.17
[Dashboard] Step 2891/3600: 总车辆=508, 平均停车数=7.03, 平均车辆数=7.15
[Dashboard] Step 2892/3600: 总车辆=509, 平均停车数=7.06, 平均车辆数=7.17
[Dashboard] Step 2893/3600: 总车辆=510, 平均停车数=7.06, 平均车辆数=7.18
[Junction J064] 车辆=16, 拥堵度=0.65
[Dashboard] Step 2894/3600: 总车辆=509, 平均停车数=7.04, 平均车辆数=7.17
[Dashboard] Step 2895/3600: 总车辆=510, 平均停车数=7.03, 平均车辆数=7.18
[Junction J015] 车辆=20, 拥堵度=0.60
[Dashboard] Step 2896/3600: 总车辆=513, 平均停车数=7.06, 平均车辆数=7.23
[Dashboard] Step 2897/3600: 总车辆=514, 平均停车数=7.06, 平均车辆数=7.24
[Dashboard] Step 2898/3600: 总车辆=514, 平均停车数=7.04, 平均车辆数=7.24
[Dashboard] Step 2899/3600: 总车辆=513, 平均停车数=7.03, 平均车辆数=7.23
[Dashboard] Step 2900/3600: 总车辆=512, 平均停车数=7.04, 平均车辆数=7.21
[Junction J073] 车辆=11, 拥堵度=0.55
[Dashboard] Step 2901/3600: 总车辆=511, 平均停车数=7.04, 平均车辆数=7.20
[Dashboard] Step 2902/3600: 总车辆=510, 平均停车数=7.04, 平均车辆数=7.18
[Dashboard] Step 2903/3600: 总车辆=510, 平均停车数=7.06, 平均车辆数=7.18
[Dashboard] Step 2904/3600: 总车辆=512, 平均停车数=7.08, 平均车辆数=7.21
[Dashboard] Step 2905/3600: 总车辆=512, 平均停车数=7.10, 平均车辆数=7.21
[Dashboard] Step 2906/3600: 总车辆=509, 平均停车数=7.10, 平均车辆数=7.17
[Dashboard] Step 2907/3600: 总车辆=509, 平均停车数=7.10, 平均车辆数=7.17
[Dashboard] Step 2908/3600: 总车辆=508, 平均停车数=7.08, 平均车辆数=7.15
[Dashboard] Step 2909/3600: 总车辆=508, 平均停车数=7.08, 平均车辆数=7.15
[Junction J011] 车辆=13, 拥堵度=0.58
[Dashboard] Step 2910/3600: 总车辆=508, 平均停车数=7.11, 平均车辆数=7.15
[Dashboard] Step 2911/3600: 总车辆=510, 平均停车数=7.10, 平均车辆数=7.18
[Dashboard] Step 2912/3600: 总车辆=511, 平均停车数=7.08, 平均车辆数=7.20
[Dashboard] Step 2913/3600: 总车辆=513, 平均停车数=7.08, 平均车辆数=7.23
[Junction J004] 车辆=10, 拥堵度=0.54
[Junction J017] 车辆=15, 拥堵度=0.57
[Dashboard] Step 2914/3600: 总车辆=517, 平均停车数=7.08, 平均车辆数=7.28
[Junction J006] 车辆=40, 拥堵度=0.73
[Dashboard] Step 2915/3600: 总车辆=516, 平均停车数=7.07, 平均车辆数=7.27
[Dashboard] Step 2916/3600: 总车辆=514, 平均停车数=7.08, 平均车辆数=7.24
[Dashboard] Step 2917/3600: 总车辆=513, 平均停车数=7.08, 平均车辆数=7.23
[Junction J057] 车辆=32, 拥堵度=0.69
[Dashboard] Step 2918/3600: 总车辆=513, 平均停车数=7.08, 平均车辆数=7.23
[Junction J005] 车辆=47, 拥堵度=0.89
[Dashboard] Step 2919/3600: 总车辆=510, 平均停车数=7.07, 平均车辆数=7.18
[Junction J060] 车辆=14, 拥堵度=0.57
[Junction J070] 车辆=8, 拥堵度=0.54
[Dashboard] Step 2920/3600: 总车辆=513, 平均停车数=7.08, 平均车辆数=7.23
[Dashboard] Step 2921/3600: 总车辆=512, 平均停车数=7.08, 平均车辆数=7.21
[Dashboard] Step 2922/3600: 总车辆=513, 平均停车数=7.08, 平均车辆数=7.23
[Junction J010] 车辆=14, 拥堵度=0.57
[Junction J032] 车辆=9, 拥堵度=0.47
[Dashboard] Step 2923/3600: 总车辆=511, 平均停车数=7.08, 平均车辆数=7.20
[Junction J016] 车辆=15, 拥堵度=0.58
[Dashboard] Step 2924/3600: 总车辆=510, 平均停车数=7.08, 平均车辆数=7.18
[Dashboard] Step 2925/3600: 总车辆=511, 平均停车数=7.11, 平均车辆数=7.20
[Dashboard] Step 2926/3600: 总车辆=512, 平均停车数=7.13, 平均车辆数=7.21
[Dashboard] Step 2927/3600: 总车辆=514, 平均停车数=7.13, 平均车辆数=7.24
[Dashboard] Step 2928/3600: 总车辆=513, 平均停车数=7.13, 平均车辆数=7.23
[Dashboard] Step 2929/3600: 总车辆=512, 平均停车数=7.14, 平均车辆数=7.21
[Junction J003] 车辆=24, 拥堵度=0.56
[Dashboard] Step 2930/3600: 总车辆=513, 平均停车数=7.14, 平均车辆数=7.23
[Dashboard] Step 2931/3600: 总车辆=511, 平均停车数=7.13, 平均车辆数=7.20
[Dashboard] Step 2932/3600: 总车辆=512, 平均停车数=7.11, 平均车辆数=7.21
[Dashboard] Step 2933/3600: 总车辆=513, 平均停车数=7.11, 平均车辆数=7.23
[Dashboard] Step 2934/3600: 总车辆=513, 平均停车数=7.11, 平均车辆数=7.23
[Dashboard] Step 2935/3600: 总车辆=514, 平均停车数=7.11, 平均车辆数=7.24
[Dashboard] Step 2936/3600: 总车辆=514, 平均停车数=7.11, 平均车辆数=7.24
[Dashboard] Step 2937/3600: 总车辆=514, 平均停车数=7.11, 平均车辆数=7.24
[Dashboard] Step 2938/3600: 总车辆=516, 平均停车数=7.11, 平均车辆数=7.27
[Dashboard] Step 2939/3600: 总车辆=518, 平均停车数=7.11, 平均车辆数=7.30
[Dashboard] Step 2940/3600: 总车辆=517, 平均停车数=7.13, 平均车辆数=7.28
[Dashboard] Step 2941/3600: 总车辆=516, 平均停车数=7.11, 平均车辆数=7.27
[Junction J038] 车辆=12, 拥堵度=0.57
[Dashboard] Step 2942/3600: 总车辆=513, 平均停车数=7.14, 平均车辆数=7.23
[Dashboard] Step 2943/3600: 总车辆=512, 平均停车数=7.14, 平均车辆数=7.21
[Dashboard] Step 2944/3600: 总车辆=512, 平均停车数=7.14, 平均车辆数=7.21
[Dashboard] Step 2945/3600: 总车辆=513, 平均停车数=7.15, 平均车辆数=7.23
[Dashboard] Step 2946/3600: 总车辆=512, 平均停车数=7.15, 平均车辆数=7.21
[Dashboard] Step 2947/3600: 总车辆=510, 平均停车数=7.15, 平均车辆数=7.18
[Dashboard] Step 2948/3600: 总车辆=511, 平均停车数=7.15, 平均车辆数=7.20
[Dashboard] Step 2949/3600: 总车辆=514, 平均停车数=7.18, 平均车辆数=7.24
[Dashboard] Step 2950/3600: 总车辆=514, 平均停车数=7.17, 平均车辆数=7.24
[Dashboard] Step 2951/3600: 总车辆=514, 平均停车数=7.18, 平均车辆数=7.24
[Junction J035] 车辆=18, 拥堵度=0.61
[Dashboard] Step 2952/3600: 总车辆=514, 平均停车数=7.18, 平均车辆数=7.24
[Dashboard] Step 2953/3600: 总车辆=515, 平均停车数=7.20, 平均车辆数=7.25
[Dashboard] Step 2954/3600: 总车辆=515, 平均停车数=7.20, 平均车辆数=7.25
[Dashboard] Step 2955/3600: 总车辆=513, 平均停车数=7.18, 平均车辆数=7.23
[Dashboard] Step 2956/3600: 总车辆=513, 平均停车数=7.18, 平均车辆数=7.23
[Dashboard] Step 2957/3600: 总车辆=512, 平均停车数=7.18, 平均车辆数=7.21
[Dashboard] Step 2958/3600: 总车辆=512, 平均停车数=7.18, 平均车辆数=7.21
[Dashboard] Step 2959/3600: 总车辆=514, 平均停车数=7.18, 平均车辆数=7.24
[Dashboard] Step 2960/3600: 总车辆=514, 平均停车数=7.18, 平均车辆数=7.24
[Dashboard] Step 2961/3600: 总车辆=513, 平均停车数=7.17, 平均车辆数=7.23
[Dashboard] Step 2962/3600: 总车辆=512, 平均停车数=7.15, 平均车辆数=7.21
[Dashboard] Step 2963/3600: 总车辆=513, 平均停车数=7.15, 平均车辆数=7.23
[Dashboard] Step 2964/3600: 总车辆=515, 平均停车数=7.15, 平均车辆数=7.25
[Dashboard] Step 2965/3600: 总车辆=516, 平均停车数=7.17, 平均车辆数=7.27
[Dashboard] Step 2966/3600: 总车辆=513, 平均停车数=7.15, 平均车辆数=7.23
[Dashboard] Step 2967/3600: 总车辆=515, 平均停车数=7.15, 平均车辆数=7.25
[Dashboard] Step 2968/3600: 总车辆=514, 平均停车数=7.13, 平均车辆数=7.24
[Junction J037] 车辆=23, 拥堵度=0.64
[Dashboard] Step 2969/3600: 总车辆=513, 平均停车数=7.10, 平均车辆数=7.23
[Junction J087] 车辆=12, 拥堵度=0.56
[Dashboard] Step 2970/3600: 总车辆=516, 平均停车数=7.10, 平均车辆数=7.27
[Dashboard] Step 2971/3600: 总车辆=517, 平均停车数=7.10, 平均车辆数=7.28
[Dashboard] Step 2972/3600: 总车辆=517, 平均停车数=7.10, 平均车辆数=7.28
[Dashboard] Step 2973/3600: 总车辆=517, 平均停车数=7.10, 平均车辆数=7.28
[Dashboard] Step 2974/3600: 总车辆=515, 平均停车数=7.10, 平均车辆数=7.25
[Junction J056] 车辆=29, 拥堵度=0.69
[Dashboard] Step 2975/3600: 总车辆=513, 平均停车数=7.10, 平均车辆数=7.23
[Junction J066] 车辆=54, 拥堵度=0.90
[Dashboard] Step 2976/3600: 总车辆=513, 平均停车数=7.08, 平均车辆数=7.23
[Dashboard] Step 2977/3600: 总车辆=512, 平均停车数=7.11, 平均车辆数=7.21
[Junction J028] 车辆=9, 拥堵度=0.54
[Junction J081] 车辆=16, 拥堵度=0.76
[Junction J042] 车辆=14, 拥堵度=0.67
[Dashboard] Step 2978/3600: 总车辆=514, 平均停车数=7.14, 平均车辆数=7.24
[Dashboard] Step 2979/3600: 总车辆=515, 平均停车数=7.17, 平均车辆数=7.25
[Dashboard] Step 2980/3600: 总车辆=515, 平均停车数=7.17, 平均车辆数=7.25
[Dashboard] Step 2981/3600: 总车辆=514, 平均停车数=7.17, 平均车辆数=7.24
[Dashboard] Step 2982/3600: 总车辆=517, 平均停车数=7.17, 平均车辆数=7.28
[Dashboard] Step 2983/3600: 总车辆=519, 平均停车数=7.17, 平均车辆数=7.31
[Dashboard] Step 2984/3600: 总车辆=521, 平均停车数=7.18, 平均车辆数=7.34
[Junction J072] 车辆=10, 拥堵度=0.57
[Dashboard] Step 2985/3600: 总车辆=523, 平均停车数=7.18, 平均车辆数=7.37
[Junction J014] 车辆=9, 拥堵度=0.55
[Dashboard] Step 2986/3600: 总车辆=523, 平均停车数=7.18, 平均车辆数=7.37
[Dashboard] Step 2987/3600: 总车辆=522, 平均停车数=7.18, 平均车辆数=7.35
[Dashboard] Step 2988/3600: 总车辆=521, 平均停车数=7.18, 平均车辆数=7.34
[Dashboard] Step 2989/3600: 总车辆=522, 平均停车数=7.17, 平均车辆数=7.35
[Junction J061] 车辆=5, 拥堵度=0.53
[Dashboard] Step 2990/3600: 总车辆=522, 平均停车数=7.17, 平均车辆数=7.35
[Dashboard] Step 2991/3600: 总车辆=525, 平均停车数=7.18, 平均车辆数=7.39
[Dashboard] Step 2992/3600: 总车辆=523, 平均停车数=7.18, 平均车辆数=7.37
[Dashboard] Step 2993/3600: 总车辆=520, 平均停车数=7.18, 平均车辆数=7.32
[Junction J064] 车辆=15, 拥堵度=0.63
[Dashboard] Step 2994/3600: 总车辆=521, 平均停车数=7.18, 平均车辆数=7.34
[Dashboard] Step 2995/3600: 总车辆=522, 平均停车数=7.18, 平均车辆数=7.35
[Junction J015] 车辆=19, 拥堵度=0.59
[Dashboard] Step 2996/3600: 总车辆=521, 平均停车数=7.18, 平均车辆数=7.34
[Dashboard] Step 2997/3600: 总车辆=521, 平均停车数=7.18, 平均车辆数=7.34
[Dashboard] Step 2998/3600: 总车辆=523, 平均停车数=7.18, 平均车辆数=7.37
[Dashboard] Step 2999/3600: 总车辆=525, 平均停车数=7.20, 平均车辆数=7.39
[Dashboard] Step 3000/3600: 总车辆=522, 平均停车数=7.18, 平均车辆数=7.35
[Junction J073] 车辆=12, 拥堵度=0.57
[Dashboard] Step 3001/3600: 总车辆=523, 平均停车数=7.18, 平均车辆数=7.37
[Dashboard] Step 3002/3600: 总车辆=526, 平均停车数=7.18, 平均车辆数=7.41
[Dashboard] Step 3003/3600: 总车辆=526, 平均停车数=7.18, 平均车辆数=7.41
[Dashboard] Step 3004/3600: 总车辆=526, 平均停车数=7.21, 平均车辆数=7.41
[Dashboard] Step 3005/3600: 总车辆=528, 平均停车数=7.21, 平均车辆数=7.44
[Dashboard] Step 3006/3600: 总车辆=528, 平均停车数=7.21, 平均车辆数=7.44
[Dashboard] Step 3007/3600: 总车辆=528, 平均停车数=7.21, 平均车辆数=7.44
[Dashboard] Step 3008/3600: 总车辆=528, 平均停车数=7.21, 平均车辆数=7.44
[Dashboard] Step 3009/3600: 总车辆=527, 平均停车数=7.23, 平均车辆数=7.42
[Junction J011] 车辆=13, 拥堵度=0.58
[Dashboard] Step 3010/3600: 总车辆=527, 平均停车数=7.24, 平均车辆数=7.42
[Dashboard] Step 3011/3600: 总车辆=524, 平均停车数=7.24, 平均车辆数=7.38
[Dashboard] Step 3012/3600: 总车辆=524, 平均停车数=7.25, 平均车辆数=7.38
[Dashboard] Step 3013/3600: 总车辆=524, 平均停车数=7.25, 平均车辆数=7.38
[Junction J004] 车辆=8, 拥堵度=0.49
[Junction J017] 车辆=16, 拥堵度=0.53
[Dashboard] Step 3014/3600: 总车辆=523, 平均停车数=7.25, 平均车辆数=7.37
[Junction J006] 车辆=41, 拥堵度=0.75
[Dashboard] Step 3015/3600: 总车辆=521, 平均停车数=7.25, 平均车辆数=7.34
[Dashboard] Step 3016/3600: 总车辆=524, 平均停车数=7.25, 平均车辆数=7.38
[Dashboard] Step 3017/3600: 总车辆=526, 平均停车数=7.25, 平均车辆数=7.41
[Junction J057] 车辆=32, 拥堵度=0.67
[Dashboard] Step 3018/3600: 总车辆=528, 平均停车数=7.27, 平均车辆数=7.44
[Junction J005] 车辆=51, 拥堵度=0.92
[Dashboard] Step 3019/3600: 总车辆=529, 平均停车数=7.27, 平均车辆数=7.45
[Junction J060] 车辆=14, 拥堵度=0.54
[Junction J070] 车辆=10, 拥堵度=0.53
[Dashboard] Step 3020/3600: 总车辆=529, 平均停车数=7.27, 平均车辆数=7.45
[Dashboard] Step 3021/3600: 总车辆=528, 平均停车数=7.27, 平均车辆数=7.44
[Dashboard] Step 3022/3600: 总车辆=530, 平均停车数=7.28, 平均车辆数=7.46
[Junction J010] 车辆=14, 拥堵度=0.57
[Junction J032] 车辆=8, 拥堵度=0.56
[Dashboard] Step 3023/3600: 总车辆=530, 平均停车数=7.28, 平均车辆数=7.46
[Junction J016] 车辆=14, 拥堵度=0.57
[Dashboard] Step 3024/3600: 总车辆=530, 平均停车数=7.28, 平均车辆数=7.46
[Dashboard] Step 3025/3600: 总车辆=529, 平均停车数=7.28, 平均车辆数=7.45
[Dashboard] Step 3026/3600: 总车辆=525, 平均停车数=7.28, 平均车辆数=7.39
[Dashboard] Step 3027/3600: 总车辆=526, 平均停车数=7.28, 平均车辆数=7.41
[Dashboard] Step 3028/3600: 总车辆=529, 平均停车数=7.28, 平均车辆数=7.45
[Dashboard] Step 3029/3600: 总车辆=525, 平均停车数=7.28, 平均车辆数=7.39
[Junction J003] 车辆=26, 拥堵度=0.61
[Dashboard] Step 3030/3600: 总车辆=525, 平均停车数=7.28, 平均车辆数=7.39
[Dashboard] Step 3031/3600: 总车辆=526, 平均停车数=7.28, 平均车辆数=7.41
[Dashboard] Step 3032/3600: 总车辆=526, 平均停车数=7.28, 平均车辆数=7.41
[Dashboard] Step 3033/3600: 总车辆=526, 平均停车数=7.27, 平均车辆数=7.41
[Dashboard] Step 3034/3600: 总车辆=525, 平均停车数=7.28, 平均车辆数=7.39
[Dashboard] Step 3035/3600: 总车辆=523, 平均停车数=7.27, 平均车辆数=7.37
[Dashboard] Step 3036/3600: 总车辆=524, 平均停车数=7.27, 平均车辆数=7.38
[Dashboard] Step 3037/3600: 总车辆=524, 平均停车数=7.25, 平均车辆数=7.38
[Dashboard] Step 3038/3600: 总车辆=523, 平均停车数=7.27, 平均车辆数=7.37
[Dashboard] Step 3039/3600: 总车辆=523, 平均停车数=7.27, 平均车辆数=7.37
[Dashboard] Step 3040/3600: 总车辆=524, 平均停车数=7.27, 平均车辆数=7.38
[Dashboard] Step 3041/3600: 总车辆=523, 平均停车数=7.28, 平均车辆数=7.37
[Junction J038] 车辆=12, 拥堵度=0.57
[Dashboard] Step 3042/3600: 总车辆=525, 平均停车数=7.25, 平均车辆数=7.39
[Dashboard] Step 3043/3600: 总车辆=524, 平均停车数=7.27, 平均车辆数=7.38
[Dashboard] Step 3044/3600: 总车辆=524, 平均停车数=7.27, 平均车辆数=7.38
[Dashboard] Step 3045/3600: 总车辆=527, 平均停车数=7.28, 平均车辆数=7.42
[Dashboard] Step 3046/3600: 总车辆=526, 平均停车数=7.27, 平均车辆数=7.41
[Dashboard] Step 3047/3600: 总车辆=526, 平均停车数=7.24, 平均车辆数=7.41
[Dashboard] Step 3048/3600: 总车辆=528, 平均停车数=7.24, 平均车辆数=7.44
[Dashboard] Step 3049/3600: 总车辆=525, 平均停车数=7.25, 平均车辆数=7.39
[Dashboard] Step 3050/3600: 总车辆=525, 平均停车数=7.24, 平均车辆数=7.39
[Dashboard] Step 3051/3600: 总车辆=525, 平均停车数=7.24, 平均车辆数=7.39
[Junction J035] 车辆=18, 拥堵度=0.61
[Dashboard] Step 3052/3600: 总车辆=522, 平均停车数=7.24, 平均车辆数=7.35
[Dashboard] Step 3053/3600: 总车辆=519, 平均停车数=7.25, 平均车辆数=7.31
[Dashboard] Step 3054/3600: 总车辆=519, 平均停车数=7.25, 平均车辆数=7.31
[Dashboard] Step 3055/3600: 总车辆=520, 平均停车数=7.25, 平均车辆数=7.32
[Dashboard] Step 3056/3600: 总车辆=520, 平均停车数=7.25, 平均车辆数=7.32
[Dashboard] Step 3057/3600: 总车辆=521, 平均停车数=7.25, 平均车辆数=7.34
[Dashboard] Step 3058/3600: 总车辆=523, 平均停车数=7.25, 平均车辆数=7.37
[Dashboard] Step 3059/3600: 总车辆=524, 平均停车数=7.25, 平均车辆数=7.38
[Dashboard] Step 3060/3600: 总车辆=523, 平均停车数=7.25, 平均车辆数=7.37
[Dashboard] Step 3061/3600: 总车辆=523, 平均停车数=7.27, 平均车辆数=7.37
[Dashboard] Step 3062/3600: 总车辆=524, 平均停车数=7.27, 平均车辆数=7.38
[Dashboard] Step 3063/3600: 总车辆=523, 平均停车数=7.28, 平均车辆数=7.37
[Dashboard] Step 3064/3600: 总车辆=524, 平均停车数=7.28, 平均车辆数=7.38
[Dashboard] Step 3065/3600: 总车辆=524, 平均停车数=7.30, 平均车辆数=7.38
[Dashboard] Step 3066/3600: 总车辆=524, 平均停车数=7.31, 平均车辆数=7.38
[Dashboard] Step 3067/3600: 总车辆=524, 平均停车数=7.31, 平均车辆数=7.38
[Dashboard] Step 3068/3600: 总车辆=522, 平均停车数=7.30, 平均车辆数=7.35
[Junction J037] 车辆=25, 拥堵度=0.65
[Dashboard] Step 3069/3600: 总车辆=525, 平均停车数=7.30, 平均车辆数=7.39
[Junction J087] 车辆=12, 拥堵度=0.57
[Dashboard] Step 3070/3600: 总车辆=524, 平均停车数=7.28, 平均车辆数=7.38
[Dashboard] Step 3071/3600: 总车辆=524, 平均停车数=7.30, 平均车辆数=7.38
[Dashboard] Step 3072/3600: 总车辆=523, 平均停车数=7.28, 平均车辆数=7.37
[Dashboard] Step 3073/3600: 总车辆=526, 平均停车数=7.27, 平均车辆数=7.41
[Dashboard] Step 3074/3600: 总车辆=526, 平均停车数=7.27, 平均车辆数=7.41
[Junction J056] 车辆=28, 拥堵度=0.72
[Dashboard] Step 3075/3600: 总车辆=526, 平均停车数=7.30, 平均车辆数=7.41
[Junction J066] 车辆=54, 拥堵度=0.90
[Dashboard] Step 3076/3600: 总车辆=525, 平均停车数=7.30, 平均车辆数=7.39
[Dashboard] Step 3077/3600: 总车辆=527, 平均停车数=7.28, 平均车辆数=7.42
[Junction J028] 车辆=8, 拥堵度=0.53
[Junction J081] 车辆=16, 拥堵度=0.76
[Junction J042] 车辆=16, 拥堵度=0.69
[Dashboard] Step 3078/3600: 总车辆=528, 平均停车数=7.28, 平均车辆数=7.44
[Dashboard] Step 3079/3600: 总车辆=529, 平均停车数=7.28, 平均车辆数=7.45
[Dashboard] Step 3080/3600: 总车辆=527, 平均停车数=7.28, 平均车辆数=7.42
[Dashboard] Step 3081/3600: 总车辆=526, 平均停车数=7.28, 平均车辆数=7.41
[Dashboard] Step 3082/3600: 总车辆=526, 平均停车数=7.30, 平均车辆数=7.41
[Dashboard] Step 3083/3600: 总车辆=527, 平均停车数=7.30, 平均车辆数=7.42
[Dashboard] Step 3084/3600: 总车辆=527, 平均停车数=7.30, 平均车辆数=7.42
[Junction J072] 车辆=10, 拥堵度=0.57
[Dashboard] Step 3085/3600: 总车辆=525, 平均停车数=7.30, 平均车辆数=7.39
[Junction J014] 车辆=9, 拥堵度=0.55
[Dashboard] Step 3086/3600: 总车辆=527, 平均停车数=7.30, 平均车辆数=7.42
[Dashboard] Step 3087/3600: 总车辆=526, 平均停车数=7.28, 平均车辆数=7.41
[Dashboard] Step 3088/3600: 总车辆=530, 平均停车数=7.28, 平均车辆数=7.46
[Dashboard] Step 3089/3600: 总车辆=531, 平均停车数=7.27, 平均车辆数=7.48
[Dashboard] Step 3090/3600: 总车辆=532, 平均停车数=7.30, 平均车辆数=7.49
[Dashboard] Step 3091/3600: 总车辆=530, 平均停车数=7.30, 平均车辆数=7.46
[Dashboard] Step 3092/3600: 总车辆=529, 平均停车数=7.28, 平均车辆数=7.45
[Dashboard] Step 3093/3600: 总车辆=526, 平均停车数=7.25, 平均车辆数=7.41
[Junction J064] 车辆=16, 拥堵度=0.65
[Dashboard] Step 3094/3600: 总车辆=525, 平均停车数=7.27, 平均车辆数=7.39
[Dashboard] Step 3095/3600: 总车辆=529, 平均停车数=7.27, 平均车辆数=7.45
[Junction J015] 车辆=19, 拥堵度=0.58
[Dashboard] Step 3096/3600: 总车辆=533, 平均停车数=7.28, 平均车辆数=7.51
[Dashboard] Step 3097/3600: 总车辆=533, 平均停车数=7.30, 平均车辆数=7.51
[Dashboard] Step 3098/3600: 总车辆=533, 平均停车数=7.28, 平均车辆数=7.51
[Dashboard] Step 3099/3600: 总车辆=533, 平均停车数=7.27, 平均车辆数=7.51
[Dashboard] Step 3100/3600: 总车辆=534, 平均停车数=7.28, 平均车辆数=7.52
[Junction J073] 车辆=12, 拥堵度=0.57
[Dashboard] Step 3101/3600: 总车辆=533, 平均停车数=7.32, 平均车辆数=7.51
[Dashboard] Step 3102/3600: 总车辆=535, 平均停车数=7.32, 平均车辆数=7.54
[Dashboard] Step 3103/3600: 总车辆=536, 平均停车数=7.35, 平均车辆数=7.55
[Dashboard] Step 3104/3600: 总车辆=535, 平均停车数=7.37, 平均车辆数=7.54
[Dashboard] Step 3105/3600: 总车辆=535, 平均停车数=7.39, 平均车辆数=7.54
[Dashboard] Step 3106/3600: 总车辆=535, 平均停车数=7.38, 平均车辆数=7.54
[Dashboard] Step 3107/3600: 总车辆=535, 平均停车数=7.39, 平均车辆数=7.54
[Dashboard] Step 3108/3600: 总车辆=535, 平均停车数=7.39, 平均车辆数=7.54
[Dashboard] Step 3109/3600: 总车辆=534, 平均停车数=7.39, 平均车辆数=7.52
[Junction J011] 车辆=13, 拥堵度=0.58
[Dashboard] Step 3110/3600: 总车辆=531, 平均停车数=7.42, 平均车辆数=7.48
[Junction J002] 车辆=5, 拥堵度=0.36
[Dashboard] Step 3111/3600: 总车辆=531, 平均停车数=7.39, 平均车辆数=7.48
[Dashboard] Step 3112/3600: 总车辆=531, 平均停车数=7.39, 平均车辆数=7.48
[Dashboard] Step 3113/3600: 总车辆=534, 平均停车数=7.38, 平均车辆数=7.52
[Junction J004] 车辆=13, 拥堵度=0.55
[Junction J017] 车辆=16, 拥堵度=0.53
[Dashboard] Step 3114/3600: 总车辆=533, 平均停车数=7.37, 平均车辆数=7.51
[Junction J006] 车辆=41, 拥堵度=0.75
[Dashboard] Step 3115/3600: 总车辆=531, 平均停车数=7.35, 平均车辆数=7.48
[Dashboard] Step 3116/3600: 总车辆=530, 平均停车数=7.35, 平均车辆数=7.46
[Dashboard] Step 3117/3600: 总车辆=529, 平均停车数=7.32, 平均车辆数=7.45
[Junction J057] 车辆=33, 拥堵度=0.70
[Dashboard] Step 3118/3600: 总车辆=529, 平均停车数=7.32, 平均车辆数=7.45
[Junction J005] 车辆=52, 拥堵度=0.90
[Dashboard] Step 3119/3600: 总车辆=530, 平均停车数=7.32, 平均车辆数=7.46
[Junction J060] 车辆=14, 拥堵度=0.57
[Junction J070] 车辆=9, 拥堵度=0.55
[Dashboard] Step 3120/3600: 总车辆=532, 平均停车数=7.32, 平均车辆数=7.49
[Dashboard] Step 3121/3600: 总车辆=534, 平均停车数=7.34, 平均车辆数=7.52
[Dashboard] Step 3122/3600: 总车辆=533, 平均停车数=7.39, 平均车辆数=7.51
[Junction J010] 车辆=14, 拥堵度=0.57
[Junction J032] 车辆=9, 拥堵度=0.57
[Dashboard] Step 3123/3600: 总车辆=535, 平均停车数=7.41, 平均车辆数=7.54
[Junction J016] 车辆=13, 拥堵度=0.57
[Dashboard] Step 3124/3600: 总车辆=538, 平均停车数=7.42, 平均车辆数=7.58
[Dashboard] Step 3125/3600: 总车辆=537, 平均停车数=7.44, 平均车辆数=7.56
[Dashboard] Step 3126/3600: 总车辆=535, 平均停车数=7.42, 平均车辆数=7.54
[Dashboard] Step 3127/3600: 总车辆=534, 平均停车数=7.42, 平均车辆数=7.52
[Dashboard] Step 3128/3600: 总车辆=534, 平均停车数=7.42, 平均车辆数=7.52
[Dashboard] Step 3129/3600: 总车辆=533, 平均停车数=7.39, 平均车辆数=7.51
[Junction J003] 车辆=25, 拥堵度=0.61
[Dashboard] Step 3130/3600: 总车辆=532, 平均停车数=7.38, 平均车辆数=7.49
[Dashboard] Step 3131/3600: 总车辆=532, 平均停车数=7.38, 平均车辆数=7.49
[Dashboard] Step 3132/3600: 总车辆=533, 平均停车数=7.38, 平均车辆数=7.51
[Dashboard] Step 3133/3600: 总车辆=535, 平均停车数=7.39, 平均车辆数=7.54
[Dashboard] Step 3134/3600: 总车辆=540, 平均停车数=7.39, 平均车辆数=7.61
[Dashboard] Step 3135/3600: 总车辆=539, 平均停车数=7.39, 平均车辆数=7.59
[Dashboard] Step 3136/3600: 总车辆=539, 平均停车数=7.42, 平均车辆数=7.59
[Dashboard] Step 3137/3600: 总车辆=538, 平均停车数=7.42, 平均车辆数=7.58
[Dashboard] Step 3138/3600: 总车辆=541, 平均停车数=7.44, 平均车辆数=7.62
[Dashboard] Step 3139/3600: 总车辆=542, 平均停车数=7.44, 平均车辆数=7.63
[Dashboard] Step 3140/3600: 总车辆=543, 平均停车数=7.45, 平均车辆数=7.65
[Dashboard] Step 3141/3600: 总车辆=543, 平均停车数=7.46, 平均车辆数=7.65
[Junction J038] 车辆=12, 拥堵度=0.57
[Dashboard] Step 3142/3600: 总车辆=542, 平均停车数=7.49, 平均车辆数=7.63
[Dashboard] Step 3143/3600: 总车辆=543, 平均停车数=7.51, 平均车辆数=7.65
[Dashboard] Step 3144/3600: 总车辆=537, 平均停车数=7.48, 平均车辆数=7.56
[Dashboard] Step 3145/3600: 总车辆=537, 平均停车数=7.46, 平均车辆数=7.56
[Dashboard] Step 3146/3600: 总车辆=537, 平均停车数=7.46, 平均车辆数=7.56
[Dashboard] Step 3147/3600: 总车辆=536, 平均停车数=7.46, 平均车辆数=7.55
[Dashboard] Step 3148/3600: 总车辆=536, 平均停车数=7.46, 平均车辆数=7.55
[Dashboard] Step 3149/3600: 总车辆=537, 平均停车数=7.46, 平均车辆数=7.56
[Dashboard] Step 3150/3600: 总车辆=541, 平均停车数=7.46, 平均车辆数=7.62
[Dashboard] Step 3151/3600: 总车辆=539, 平均停车数=7.44, 平均车辆数=7.59
[Junction J035] 车辆=18, 拥堵度=0.61
[Dashboard] Step 3152/3600: 总车辆=540, 平均停车数=7.46, 平均车辆数=7.61
[Dashboard] Step 3153/3600: 总车辆=541, 平均停车数=7.46, 平均车辆数=7.62
[Dashboard] Step 3154/3600: 总车辆=541, 平均停车数=7.48, 平均车辆数=7.62
[Dashboard] Step 3155/3600: 总车辆=541, 平均停车数=7.48, 平均车辆数=7.62
[Dashboard] Step 3156/3600: 总车辆=540, 平均停车数=7.46, 平均车辆数=7.61
[Dashboard] Step 3157/3600: 总车辆=537, 平均停车数=7.46, 平均车辆数=7.56
[Dashboard] Step 3158/3600: 总车辆=538, 平均停车数=7.46, 平均车辆数=7.58
[Dashboard] Step 3159/3600: 总车辆=537, 平均停车数=7.46, 平均车辆数=7.56
[Dashboard] Step 3160/3600: 总车辆=535, 平均停车数=7.48, 平均车辆数=7.54
[Dashboard] Step 3161/3600: 总车辆=536, 平均停车数=7.48, 平均车辆数=7.55
[Dashboard] Step 3162/3600: 总车辆=539, 平均停车数=7.49, 平均车辆数=7.59
[Dashboard] Step 3163/3600: 总车辆=541, 平均停车数=7.52, 平均车辆数=7.62
[Dashboard] Step 3164/3600: 总车辆=542, 平均停车数=7.51, 平均车辆数=7.63
[Dashboard] Step 3165/3600: 总车辆=542, 平均停车数=7.51, 平均车辆数=7.63
[Dashboard] Step 3166/3600: 总车辆=543, 平均停车数=7.51, 平均车辆数=7.65
[Dashboard] Step 3167/3600: 总车辆=545, 平均停车数=7.49, 平均车辆数=7.68
[Dashboard] Step 3168/3600: 总车辆=544, 平均停车数=7.48, 平均车辆数=7.66
[Junction J037] 车辆=26, 拥堵度=0.64
[Dashboard] Step 3169/3600: 总车辆=541, 平均停车数=7.48, 平均车辆数=7.62
[Junction J087] 车辆=12, 拥堵度=0.57
[Dashboard] Step 3170/3600: 总车辆=538, 平均停车数=7.45, 平均车辆数=7.58
[Dashboard] Step 3171/3600: 总车辆=537, 平均停车数=7.44, 平均车辆数=7.56
[Dashboard] Step 3172/3600: 总车辆=536, 平均停车数=7.44, 平均车辆数=7.55
[Dashboard] Step 3173/3600: 总车辆=535, 平均停车数=7.44, 平均车辆数=7.54
[Dashboard] Step 3174/3600: 总车辆=537, 平均停车数=7.45, 平均车辆数=7.56
[Junction J056] 车辆=27, 拥堵度=0.71
[Dashboard] Step 3175/3600: 总车辆=536, 平均停车数=7.44, 平均车辆数=7.55
[Junction J066] 车辆=53, 拥堵度=0.89
[Dashboard] Step 3176/3600: 总车辆=538, 平均停车数=7.44, 平均车辆数=7.58
[Dashboard] Step 3177/3600: 总车辆=541, 平均停车数=7.44, 平均车辆数=7.62
[Junction J028] 车辆=8, 拥堵度=0.53
[Junction J081] 车辆=16, 拥堵度=0.76
[Junction J042] 车辆=18, 拥堵度=0.71
[Dashboard] Step 3178/3600: 总车辆=541, 平均停车数=7.45, 平均车辆数=7.62
[Dashboard] Step 3179/3600: 总车辆=540, 平均停车数=7.45, 平均车辆数=7.61
[Dashboard] Step 3180/3600: 总车辆=539, 平均停车数=7.45, 平均车辆数=7.59
[Dashboard] Step 3181/3600: 总车辆=536, 平均停车数=7.44, 平均车辆数=7.55
[Dashboard] Step 3182/3600: 总车辆=534, 平均停车数=7.41, 平均车辆数=7.52
[Dashboard] Step 3183/3600: 总车辆=533, 平均停车数=7.38, 平均车辆数=7.51
[Dashboard] Step 3184/3600: 总车辆=535, 平均停车数=7.39, 平均车辆数=7.54
[Junction J072] 车辆=10, 拥堵度=0.57
[Dashboard] Step 3185/3600: 总车辆=537, 平均停车数=7.39, 平均车辆数=7.56
[Junction J014] 车辆=8, 拥堵度=0.55
[Dashboard] Step 3186/3600: 总车辆=536, 平均停车数=7.39, 平均车辆数=7.55
[Dashboard] Step 3187/3600: 总车辆=536, 平均停车数=7.39, 平均车辆数=7.55
[Dashboard] Step 3188/3600: 总车辆=536, 平均停车数=7.41, 平均车辆数=7.55
[Dashboard] Step 3189/3600: 总车辆=534, 平均停车数=7.41, 平均车辆数=7.52
[Dashboard] Step 3190/3600: 总车辆=535, 平均停车数=7.42, 平均车辆数=7.54
[Dashboard] Step 3191/3600: 总车辆=537, 平均停车数=7.42, 平均车辆数=7.56
[Dashboard] Step 3192/3600: 总车辆=540, 平均停车数=7.42, 平均车辆数=7.61
[Dashboard] Step 3193/3600: 总车辆=539, 平均停车数=7.41, 平均车辆数=7.59
[Junction J064] 车辆=16, 拥堵度=0.65
[Dashboard] Step 3194/3600: 总车辆=538, 平均停车数=7.41, 平均车辆数=7.58
[Dashboard] Step 3195/3600: 总车辆=541, 平均停车数=7.44, 平均车辆数=7.62
[Junction J015] 车辆=21, 拥堵度=0.55
[Dashboard] Step 3196/3600: 总车辆=543, 平均停车数=7.44, 平均车辆数=7.65
[Dashboard] Step 3197/3600: 总车辆=544, 平均停车数=7.44, 平均车辆数=7.66
[Dashboard] Step 3198/3600: 总车辆=543, 平均停车数=7.44, 平均车辆数=7.65
[Dashboard] Step 3199/3600: 总车辆=541, 平均停车数=7.44, 平均车辆数=7.62
[Dashboard] Step 3200/3600: 总车辆=540, 平均停车数=7.41, 平均车辆数=7.61
[Junction J073] 车辆=13, 拥堵度=0.58
[Dashboard] Step 3201/3600: 总车辆=540, 平均停车数=7.42, 平均车辆数=7.61
[Dashboard] Step 3202/3600: 总车辆=544, 平均停车数=7.44, 平均车辆数=7.66
[Dashboard] Step 3203/3600: 总车辆=539, 平均停车数=7.45, 平均车辆数=7.59
[Dashboard] Step 3204/3600: 总车辆=538, 平均停车数=7.44, 平均车辆数=7.58
[Dashboard] Step 3205/3600: 总车辆=538, 平均停车数=7.42, 平均车辆数=7.58
[Dashboard] Step 3206/3600: 总车辆=537, 平均停车数=7.42, 平均车辆数=7.56
[Dashboard] Step 3207/3600: 总车辆=536, 平均停车数=7.42, 平均车辆数=7.55
[Dashboard] Step 3208/3600: 总车辆=536, 平均停车数=7.42, 平均车辆数=7.55
[Dashboard] Step 3209/3600: 总车辆=536, 平均停车数=7.42, 平均车辆数=7.55
[Junction J011] 车辆=13, 拥堵度=0.58
[Dashboard] Step 3210/3600: 总车辆=539, 平均停车数=7.44, 平均车辆数=7.59
[Dashboard] Step 3211/3600: 总车辆=539, 平均停车数=7.45, 平均车辆数=7.59
[Dashboard] Step 3212/3600: 总车辆=539, 平均停车数=7.46, 平均车辆数=7.59
[Dashboard] Step 3213/3600: 总车辆=540, 平均停车数=7.48, 平均车辆数=7.61
[Junction J004] 车辆=14, 拥堵度=0.56
[Junction J017] 车辆=17, 拥堵度=0.53
[Dashboard] Step 3214/3600: 总车辆=542, 平均停车数=7.49, 平均车辆数=7.63
[Junction J006] 车辆=40, 拥堵度=0.72
[Dashboard] Step 3215/3600: 总车辆=539, 平均停车数=7.49, 平均车辆数=7.59
[Dashboard] Step 3216/3600: 总车辆=542, 平均停车数=7.51, 平均车辆数=7.63
[Dashboard] Step 3217/3600: 总车辆=543, 平均停车数=7.51, 平均车辆数=7.65
[Junction J057] 车辆=35, 拥堵度=0.70
[Dashboard] Step 3218/3600: 总车辆=539, 平均停车数=7.49, 平均车辆数=7.59
[Junction J005] 车辆=53, 拥堵度=0.91
[Dashboard] Step 3219/3600: 总车辆=541, 平均停车数=7.49, 平均车辆数=7.62
[Junction J060] 车辆=13, 拥堵度=0.57
[Junction J070] 车辆=10, 拥堵度=0.55
[Dashboard] Step 3220/3600: 总车辆=539, 平均停车数=7.48, 平均车辆数=7.59
[Dashboard] Step 3221/3600: 总车辆=537, 平均停车数=7.46, 平均车辆数=7.56
[Dashboard] Step 3222/3600: 总车辆=538, 平均停车数=7.48, 平均车辆数=7.58
[Junction J010] 车辆=16, 拥堵度=0.59
[Junction J032] 车辆=9, 拥堵度=0.57
[Dashboard] Step 3223/3600: 总车辆=537, 平均停车数=7.48, 平均车辆数=7.56
[Junction J016] 车辆=13, 拥堵度=0.57
[Dashboard] Step 3224/3600: 总车辆=537, 平均停车数=7.48, 平均车辆数=7.56
[Dashboard] Step 3225/3600: 总车辆=537, 平均停车数=7.48, 平均车辆数=7.56
[Dashboard] Step 3226/3600: 总车辆=541, 平均停车数=7.49, 平均车辆数=7.62
[Dashboard] Step 3227/3600: 总车辆=542, 平均停车数=7.49, 平均车辆数=7.63
[Dashboard] Step 3228/3600: 总车辆=542, 平均停车数=7.51, 平均车辆数=7.63
[Dashboard] Step 3229/3600: 总车辆=544, 平均停车数=7.51, 平均车辆数=7.66
[Junction J003] 车辆=24, 拥堵度=0.60
[Dashboard] Step 3230/3600: 总车辆=546, 平均停车数=7.51, 平均车辆数=7.69
[Dashboard] Step 3231/3600: 总车辆=544, 平均停车数=7.52, 平均车辆数=7.66
[Dashboard] Step 3232/3600: 总车辆=546, 平均停车数=7.52, 平均车辆数=7.69
[Dashboard] Step 3233/3600: 总车辆=543, 平均停车数=7.52, 平均车辆数=7.65
[Dashboard] Step 3234/3600: 总车辆=545, 平均停车数=7.54, 平均车辆数=7.68
[Dashboard] Step 3235/3600: 总车辆=545, 平均停车数=7.55, 平均车辆数=7.68
[Dashboard] Step 3236/3600: 总车辆=543, 平均停车数=7.54, 平均车辆数=7.65
[Dashboard] Step 3237/3600: 总车辆=544, 平均停车数=7.54, 平均车辆数=7.66
[Dashboard] Step 3238/3600: 总车辆=543, 平均停车数=7.52, 平均车辆数=7.65
[Dashboard] Step 3239/3600: 总车辆=543, 平均停车数=7.52, 平均车辆数=7.65
[Dashboard] Step 3240/3600: 总车辆=543, 平均停车数=7.52, 平均车辆数=7.65
[Dashboard] Step 3241/3600: 总车辆=545, 平均停车数=7.52, 平均车辆数=7.68
[Junction J038] 车辆=14, 拥堵度=0.58
[Dashboard] Step 3242/3600: 总车辆=544, 平均停车数=7.52, 平均车辆数=7.66
[Dashboard] Step 3243/3600: 总车辆=543, 平均停车数=7.54, 平均车辆数=7.65
[Dashboard] Step 3244/3600: 总车辆=543, 平均停车数=7.54, 平均车辆数=7.65
[Dashboard] Step 3245/3600: 总车辆=544, 平均停车数=7.54, 平均车辆数=7.66
[Dashboard] Step 3246/3600: 总车辆=545, 平均停车数=7.54, 平均车辆数=7.68
[Dashboard] Step 3247/3600: 总车辆=548, 平均停车数=7.55, 平均车辆数=7.72
[Dashboard] Step 3248/3600: 总车辆=548, 平均停车数=7.58, 平均车辆数=7.72
[Dashboard] Step 3249/3600: 总车辆=550, 平均停车数=7.58, 平均车辆数=7.75
[Dashboard] Step 3250/3600: 总车辆=554, 平均停车数=7.59, 平均车辆数=7.80
[Dashboard] Step 3251/3600: 总车辆=551, 平均停车数=7.58, 平均车辆数=7.76
[Junction J035] 车辆=18, 拥堵度=0.61
[Dashboard] Step 3252/3600: 总车辆=551, 平均停车数=7.58, 平均车辆数=7.76
[Dashboard] Step 3253/3600: 总车辆=552, 平均停车数=7.59, 平均车辆数=7.77
[Dashboard] Step 3254/3600: 总车辆=551, 平均停车数=7.59, 平均车辆数=7.76
[Dashboard] Step 3255/3600: 总车辆=551, 平均停车数=7.59, 平均车辆数=7.76
[Dashboard] Step 3256/3600: 总车辆=551, 平均停车数=7.61, 平均车辆数=7.76
[Dashboard] Step 3257/3600: 总车辆=549, 平均停车数=7.61, 平均车辆数=7.73
[Dashboard] Step 3258/3600: 总车辆=551, 平均停车数=7.63, 平均车辆数=7.76
[Dashboard] Step 3259/3600: 总车辆=551, 平均停车数=7.63, 平均车辆数=7.76
[Dashboard] Step 3260/3600: 总车辆=550, 平均停车数=7.62, 平均车辆数=7.75
[Dashboard] Step 3261/3600: 总车辆=552, 平均停车数=7.65, 平均车辆数=7.77
[Dashboard] Step 3262/3600: 总车辆=553, 平均停车数=7.65, 平均车辆数=7.79
[Dashboard] Step 3263/3600: 总车辆=552, 平均停车数=7.66, 平均车辆数=7.77
[Dashboard] Step 3264/3600: 总车辆=551, 平均停车数=7.66, 平均车辆数=7.76
[Dashboard] Step 3265/3600: 总车辆=554, 平均停车数=7.66, 平均车辆数=7.80
[Dashboard] Step 3266/3600: 总车辆=553, 平均停车数=7.65, 平均车辆数=7.79
[Dashboard] Step 3267/3600: 总车辆=553, 平均停车数=7.65, 平均车辆数=7.79
[Dashboard] Step 3268/3600: 总车辆=553, 平均停车数=7.66, 平均车辆数=7.79
[Junction J037] 车辆=31, 拥堵度=0.69
[Dashboard] Step 3269/3600: 总车辆=552, 平均停车数=7.66, 平均车辆数=7.77
[Junction J054] 车辆=5, 拥堵度=0.40
[Junction J087] 车辆=12, 拥堵度=0.55
[Dashboard] Step 3270/3600: 总车辆=554, 平均停车数=7.66, 平均车辆数=7.80
[Dashboard] Step 3271/3600: 总车辆=551, 平均停车数=7.65, 平均车辆数=7.76
[Dashboard] Step 3272/3600: 总车辆=551, 平均停车数=7.65, 平均车辆数=7.76
[Dashboard] Step 3273/3600: 总车辆=553, 平均停车数=7.63, 平均车辆数=7.79
[Dashboard] Step 3274/3600: 总车辆=554, 平均停车数=7.63, 平均车辆数=7.80
[Junction J056] 车辆=28, 拥堵度=0.72
[Dashboard] Step 3275/3600: 总车辆=556, 平均停车数=7.62, 平均车辆数=7.83
[Junction J066] 车辆=54, 拥堵度=0.90
[Dashboard] Step 3276/3600: 总车辆=554, 平均停车数=7.63, 平均车辆数=7.80
[Dashboard] Step 3277/3600: 总车辆=551, 平均停车数=7.61, 平均车辆数=7.76
[Junction J028] 车辆=8, 拥堵度=0.53
[Junction J081] 车辆=17, 拥堵度=0.70
[Junction J042] 车辆=19, 拥堵度=0.73
[Dashboard] Step 3278/3600: 总车辆=552, 平均停车数=7.58, 平均车辆数=7.77
[Dashboard] Step 3279/3600: 总车辆=550, 平均停车数=7.58, 平均车辆数=7.75
[Dashboard] Step 3280/3600: 总车辆=551, 平均停车数=7.61, 平均车辆数=7.76
[Dashboard] Step 3281/3600: 总车辆=550, 平均停车数=7.59, 平均车辆数=7.75
[Dashboard] Step 3282/3600: 总车辆=548, 平均停车数=7.61, 平均车辆数=7.72
[Dashboard] Step 3283/3600: 总车辆=548, 平均停车数=7.61, 平均车辆数=7.72
[Dashboard] Step 3284/3600: 总车辆=550, 平均停车数=7.63, 平均车辆数=7.75
[Junction J072] 车辆=11, 拥堵度=0.58
[Dashboard] Step 3285/3600: 总车辆=551, 平均停车数=7.65, 平均车辆数=7.76
[Junction J014] 车辆=8, 拥堵度=0.55
[Dashboard] Step 3286/3600: 总车辆=552, 平均停车数=7.66, 平均车辆数=7.77
[Dashboard] Step 3287/3600: 总车辆=553, 平均停车数=7.66, 平均车辆数=7.79
[Dashboard] Step 3288/3600: 总车辆=555, 平均停车数=7.66, 平均车辆数=7.82
[Dashboard] Step 3289/3600: 总车辆=552, 平均停车数=7.66, 平均车辆数=7.77
[Dashboard] Step 3290/3600: 总车辆=554, 平均停车数=7.66, 平均车辆数=7.80
[Dashboard] Step 3291/3600: 总车辆=555, 平均停车数=7.66, 平均车辆数=7.82
[Dashboard] Step 3292/3600: 总车辆=557, 平均停车数=7.66, 平均车辆数=7.85
[Dashboard] Step 3293/3600: 总车辆=555, 平均停车数=7.66, 平均车辆数=7.82
[Junction J064] 车辆=15, 拥堵度=0.63
[Dashboard] Step 3294/3600: 总车辆=555, 平均停车数=7.66, 平均车辆数=7.82
[Dashboard] Step 3295/3600: 总车辆=555, 平均停车数=7.68, 平均车辆数=7.82
[Junction J015] 车辆=21, 拥堵度=0.60
[Dashboard] Step 3296/3600: 总车辆=556, 平均停车数=7.69, 平均车辆数=7.83
[Dashboard] Step 3297/3600: 总车辆=554, 平均停车数=7.66, 平均车辆数=7.80
[Dashboard] Step 3298/3600: 总车辆=553, 平均停车数=7.66, 平均车辆数=7.79
[Dashboard] Step 3299/3600: 总车辆=552, 平均停车数=7.66, 平均车辆数=7.77
[Dashboard] Step 3300/3600: 总车辆=554, 平均停车数=7.68, 平均车辆数=7.80
[Junction J073] 车辆=13, 拥堵度=0.58
[Dashboard] Step 3301/3600: 总车辆=553, 平均停车数=7.68, 平均车辆数=7.79
[Dashboard] Step 3302/3600: 总车辆=555, 平均停车数=7.68, 平均车辆数=7.82
[Dashboard] Step 3303/3600: 总车辆=555, 平均停车数=7.68, 平均车辆数=7.82
[Dashboard] Step 3304/3600: 总车辆=554, 平均停车数=7.66, 平均车辆数=7.80
[Dashboard] Step 3305/3600: 总车辆=556, 平均停车数=7.66, 平均车辆数=7.83
[Dashboard] Step 3306/3600: 总车辆=555, 平均停车数=7.66, 平均车辆数=7.82
[Dashboard] Step 3307/3600: 总车辆=556, 平均停车数=7.66, 平均车辆数=7.83
[Dashboard] Step 3308/3600: 总车辆=557, 平均停车数=7.66, 平均车辆数=7.85
[Dashboard] Step 3309/3600: 总车辆=558, 平均停车数=7.66, 平均车辆数=7.86
[Junction J011] 车辆=13, 拥堵度=0.58
[Dashboard] Step 3310/3600: 总车辆=561, 平均停车数=7.68, 平均车辆数=7.90
[Dashboard] Step 3311/3600: 总车辆=562, 平均停车数=7.68, 平均车辆数=7.92
[Dashboard] Step 3312/3600: 总车辆=562, 平均停车数=7.69, 平均车辆数=7.92
[Dashboard] Step 3313/3600: 总车辆=563, 平均停车数=7.70, 平均车辆数=7.93
[Junction J004] 车辆=12, 拥堵度=0.55
[Junction J017] 车辆=18, 拥堵度=0.51
[Dashboard] Step 3314/3600: 总车辆=563, 平均停车数=7.70, 平均车辆数=7.93
[Junction J006] 车辆=41, 拥堵度=0.75
[Dashboard] Step 3315/3600: 总车辆=562, 平均停车数=7.70, 平均车辆数=7.92
[Dashboard] Step 3316/3600: 总车辆=560, 平均停车数=7.72, 平均车辆数=7.89
[Dashboard] Step 3317/3600: 总车辆=563, 平均停车数=7.73, 平均车辆数=7.93
[Junction J057] 车辆=39, 拥堵度=0.72
[Dashboard] Step 3318/3600: 总车辆=562, 平均停车数=7.72, 平均车辆数=7.92
[Junction J005] 车辆=54, 拥堵度=0.93
[Dashboard] Step 3319/3600: 总车辆=561, 平均停车数=7.72, 平均车辆数=7.90
[Junction J060] 车辆=15, 拥堵度=0.54
[Junction J070] 车辆=9, 拥堵度=0.55
[Dashboard] Step 3320/3600: 总车辆=559, 平均停车数=7.72, 平均车辆数=7.87
[Dashboard] Step 3321/3600: 总车辆=560, 平均停车数=7.72, 平均车辆数=7.89
[Dashboard] Step 3322/3600: 总车辆=559, 平均停车数=7.75, 平均车辆数=7.87
[Junction J010] 车辆=19, 拥堵度=0.56
[Junction J032] 车辆=9, 拥堵度=0.57
[Dashboard] Step 3323/3600: 总车辆=559, 平均停车数=7.73, 平均车辆数=7.87
[Junction J016] 车辆=12, 拥堵度=0.56
[Dashboard] Step 3324/3600: 总车辆=557, 平均停车数=7.73, 平均车辆数=7.85
[Dashboard] Step 3325/3600: 总车辆=558, 平均停车数=7.75, 平均车辆数=7.86
[Dashboard] Step 3326/3600: 总车辆=558, 平均停车数=7.76, 平均车辆数=7.86
[Dashboard] Step 3327/3600: 总车辆=558, 平均停车数=7.76, 平均车辆数=7.86
[Dashboard] Step 3328/3600: 总车辆=560, 平均停车数=7.76, 平均车辆数=7.89
[Dashboard] Step 3329/3600: 总车辆=559, 平均停车数=7.76, 平均车辆数=7.87
[Junction J003] 车辆=25, 拥堵度=0.61
[Dashboard] Step 3330/3600: 总车辆=556, 平均停车数=7.76, 平均车辆数=7.83
[Dashboard] Step 3331/3600: 总车辆=558, 平均停车数=7.76, 平均车辆数=7.86
[Dashboard] Step 3332/3600: 总车辆=559, 平均停车数=7.76, 平均车辆数=7.87
[Dashboard] Step 3333/3600: 总车辆=560, 平均停车数=7.77, 平均车辆数=7.89
[Dashboard] Step 3334/3600: 总车辆=559, 平均停车数=7.76, 平均车辆数=7.87
[Dashboard] Step 3335/3600: 总车辆=559, 平均停车数=7.76, 平均车辆数=7.87
[Dashboard] Step 3336/3600: 总车辆=557, 平均停车数=7.75, 平均车辆数=7.85
[Dashboard] Step 3337/3600: 总车辆=559, 平均停车数=7.76, 平均车辆数=7.87
[Dashboard] Step 3338/3600: 总车辆=561, 平均停车数=7.76, 平均车辆数=7.90
[Dashboard] Step 3339/3600: 总车辆=559, 平均停车数=7.76, 平均车辆数=7.87
[Dashboard] Step 3340/3600: 总车辆=558, 平均停车数=7.76, 平均车辆数=7.86
[Dashboard] Step 3341/3600: 总车辆=558, 平均停车数=7.76, 平均车辆数=7.86
[Junction J038] 车辆=14, 拥堵度=0.58
[Dashboard] Step 3342/3600: 总车辆=558, 平均停车数=7.77, 平均车辆数=7.86
[Dashboard] Step 3343/3600: 总车辆=562, 平均停车数=7.77, 平均车辆数=7.92
[Dashboard] Step 3344/3600: 总车辆=562, 平均停车数=7.76, 平均车辆数=7.92
[Dashboard] Step 3345/3600: 总车辆=562, 平均停车数=7.75, 平均车辆数=7.92
[Dashboard] Step 3346/3600: 总车辆=561, 平均停车数=7.76, 平均车辆数=7.90
[Dashboard] Step 3347/3600: 总车辆=563, 平均停车数=7.75, 平均车辆数=7.93
[Dashboard] Step 3348/3600: 总车辆=564, 平均停车数=7.77, 平均车辆数=7.94
[Dashboard] Step 3349/3600: 总车辆=565, 平均停车数=7.77, 平均车辆数=7.96
[Dashboard] Step 3350/3600: 总车辆=563, 平均停车数=7.76, 平均车辆数=7.93
[Dashboard] Step 3351/3600: 总车辆=564, 平均停车数=7.76, 平均车辆数=7.94
[Junction J035] 车辆=18, 拥堵度=0.61
[Dashboard] Step 3352/3600: 总车辆=563, 平均停车数=7.75, 平均车辆数=7.93
[Dashboard] Step 3353/3600: 总车辆=562, 平均停车数=7.73, 平均车辆数=7.92
[Dashboard] Step 3354/3600: 总车辆=563, 平均停车数=7.76, 平均车辆数=7.93
[Dashboard] Step 3355/3600: 总车辆=564, 平均停车数=7.76, 平均车辆数=7.94
[Dashboard] Step 3356/3600: 总车辆=565, 平均停车数=7.79, 平均车辆数=7.96
[Dashboard] Step 3357/3600: 总车辆=566, 平均停车数=7.79, 平均车辆数=7.97
[Dashboard] Step 3358/3600: 总车辆=564, 平均停车数=7.82, 平均车辆数=7.94
[Dashboard] Step 3359/3600: 总车辆=563, 平均停车数=7.82, 平均车辆数=7.93
[Dashboard] Step 3360/3600: 总车辆=562, 平均停车数=7.82, 平均车辆数=7.92
[Dashboard] Step 3361/3600: 总车辆=563, 平均停车数=7.80, 平均车辆数=7.93
[Dashboard] Step 3362/3600: 总车辆=565, 平均停车数=7.80, 平均车辆数=7.96
[Dashboard] Step 3363/3600: 总车辆=566, 平均停车数=7.82, 平均车辆数=7.97
[Dashboard] Step 3364/3600: 总车辆=565, 平均停车数=7.82, 平均车辆数=7.96
[Dashboard] Step 3365/3600: 总车辆=563, 平均停车数=7.85, 平均车辆数=7.93
[Dashboard] Step 3366/3600: 总车辆=566, 平均停车数=7.85, 平均车辆数=7.97
[Dashboard] Step 3367/3600: 总车辆=568, 平均停车数=7.86, 平均车辆数=8.00
[Dashboard] Step 3368/3600: 总车辆=568, 平均停车数=7.86, 平均车辆数=8.00
[Junction J037] 车辆=33, 拥堵度=0.70
[Dashboard] Step 3369/3600: 总车辆=569, 平均停车数=7.87, 平均车辆数=8.01
[Junction J087] 车辆=13, 拥堵度=0.58
[Dashboard] Step 3370/3600: 总车辆=569, 平均停车数=7.87, 平均车辆数=8.01
[Dashboard] Step 3371/3600: 总车辆=568, 平均停车数=7.87, 平均车辆数=8.00
[Dashboard] Step 3372/3600: 总车辆=567, 平均停车数=7.89, 平均车辆数=7.99
[Dashboard] Step 3373/3600: 总车辆=568, 平均停车数=7.90, 平均车辆数=8.00
[Dashboard] Step 3374/3600: 总车辆=570, 平均停车数=7.90, 平均车辆数=8.03
[Junction J056] 车辆=28, 拥堵度=0.72
[Dashboard] Step 3375/3600: 总车辆=568, 平均停车数=7.89, 平均车辆数=8.00
[Junction J066] 车辆=54, 拥堵度=0.90
[Dashboard] Step 3376/3600: 总车辆=568, 平均停车数=7.89, 平均车辆数=8.00
[Dashboard] Step 3377/3600: 总车辆=568, 平均停车数=7.89, 平均车辆数=8.00
[Junction J028] 车辆=10, 拥堵度=0.46
[Junction J081] 车辆=16, 拥堵度=0.76
[Junction J042] 车辆=23, 拥堵度=0.78
[Dashboard] Step 3378/3600: 总车辆=568, 平均停车数=7.87, 平均车辆数=8.00
[Dashboard] Step 3379/3600: 总车辆=568, 平均停车数=7.86, 平均车辆数=8.00
[Dashboard] Step 3380/3600: 总车辆=565, 平均停车数=7.86, 平均车辆数=7.96
[Dashboard] Step 3381/3600: 总车辆=566, 平均停车数=7.86, 平均车辆数=7.97
[Dashboard] Step 3382/3600: 总车辆=567, 平均停车数=7.86, 平均车辆数=7.99
[Dashboard] Step 3383/3600: 总车辆=566, 平均停车数=7.86, 平均车辆数=7.97
[Dashboard] Step 3384/3600: 总车辆=565, 平均停车数=7.85, 平均车辆数=7.96
[Junction J072] 车辆=11, 拥堵度=0.58
[Dashboard] Step 3385/3600: 总车辆=567, 平均停车数=7.85, 平均车辆数=7.99
[Junction J014] 车辆=8, 拥堵度=0.55
[Dashboard] Step 3386/3600: 总车辆=566, 平均停车数=7.82, 平均车辆数=7.97
[Dashboard] Step 3387/3600: 总车辆=567, 平均停车数=7.85, 平均车辆数=7.99
[Dashboard] Step 3388/3600: 总车辆=570, 平均停车数=7.85, 平均车辆数=8.03
[Dashboard] Step 3389/3600: 总车辆=567, 平均停车数=7.85, 平均车辆数=7.99
[Dashboard] Step 3390/3600: 总车辆=569, 平均停车数=7.85, 平均车辆数=8.01
[Dashboard] Step 3391/3600: 总车辆=569, 平均停车数=7.86, 平均车辆数=8.01
[Dashboard] Step 3392/3600: 总车辆=568, 平均停车数=7.86, 平均车辆数=8.00
[Dashboard] Step 3393/3600: 总车辆=566, 平均停车数=7.85, 平均车辆数=7.97
[Junction J064] 车辆=16, 拥堵度=0.65
[Dashboard] Step 3394/3600: 总车辆=567, 平均停车数=7.85, 平均车辆数=7.99
[Dashboard] Step 3395/3600: 总车辆=567, 平均停车数=7.87, 平均车辆数=7.99
[Junction J015] 车辆=20, 拥堵度=0.60
[Dashboard] Step 3396/3600: 总车辆=569, 平均停车数=7.87, 平均车辆数=8.01
[Dashboard] Step 3397/3600: 总车辆=569, 平均停车数=7.87, 平均车辆数=8.01
[Dashboard] Step 3398/3600: 总车辆=568, 平均停车数=7.86, 平均车辆数=8.00
[Dashboard] Step 3399/3600: 总车辆=565, 平均停车数=7.85, 平均车辆数=7.96
[Dashboard] Step 3400/3600: 总车辆=566, 平均停车数=7.83, 平均车辆数=7.97
[Junction J073] 车辆=13, 拥堵度=0.58
[Dashboard] Step 3401/3600: 总车辆=566, 平均停车数=7.83, 平均车辆数=7.97
[Dashboard] Step 3402/3600: 总车辆=569, 平均停车数=7.83, 平均车辆数=8.01
[Dashboard] Step 3403/3600: 总车辆=570, 平均停车数=7.85, 平均车辆数=8.03
[Dashboard] Step 3404/3600: 总车辆=569, 平均停车数=7.85, 平均车辆数=8.01
[Dashboard] Step 3405/3600: 总车辆=572, 平均停车数=7.86, 平均车辆数=8.06
[Dashboard] Step 3406/3600: 总车辆=572, 平均停车数=7.87, 平均车辆数=8.06
[Dashboard] Step 3407/3600: 总车辆=574, 平均停车数=7.90, 平均车辆数=8.08
[Dashboard] Step 3408/3600: 总车辆=573, 平均停车数=7.90, 平均车辆数=8.07
[Dashboard] Step 3409/3600: 总车辆=570, 平均停车数=7.93, 平均车辆数=8.03
[Junction J011] 车辆=14, 拥堵度=0.58
[Dashboard] Step 3410/3600: 总车辆=569, 平均停车数=7.93, 平均车辆数=8.01
[Dashboard] Step 3411/3600: 总车辆=571, 平均停车数=7.93, 平均车辆数=8.04
[Dashboard] Step 3412/3600: 总车辆=568, 平均停车数=7.93, 平均车辆数=8.00
[Dashboard] Step 3413/3600: 总车辆=570, 平均停车数=7.93, 平均车辆数=8.03
[Junction J004] 车辆=10, 拥堵度=0.54
[Junction J017] 车辆=16, 拥堵度=0.58
[Dashboard] Step 3414/3600: 总车辆=570, 平均停车数=7.92, 平均车辆数=8.03
[Junction J006] 车辆=41, 拥堵度=0.75
[Dashboard] Step 3415/3600: 总车辆=573, 平均停车数=7.93, 平均车辆数=8.07
[Dashboard] Step 3416/3600: 总车辆=573, 平均停车数=7.94, 平均车辆数=8.07
[Dashboard] Step 3417/3600: 总车辆=572, 平均停车数=7.93, 平均车辆数=8.06
[Junction J057] 车辆=39, 拥堵度=0.72
[Dashboard] Step 3418/3600: 总车辆=572, 平均停车数=7.93, 平均车辆数=8.06
[Junction J005] 车辆=57, 拥堵度=0.92
[Dashboard] Step 3419/3600: 总车辆=572, 平均停车数=7.93, 平均车辆数=8.06
[Junction J060] 车辆=17, 拥堵度=0.54
[Junction J070] 车辆=8, 拥堵度=0.54
[Dashboard] Step 3420/3600: 总车辆=571, 平均停车数=7.90, 平均车辆数=8.04
[Dashboard] Step 3421/3600: 总车辆=572, 平均停车数=7.90, 平均车辆数=8.06
[Dashboard] Step 3422/3600: 总车辆=568, 平均停车数=7.87, 平均车辆数=8.00
[Junction J010] 车辆=19, 拥堵度=0.60
[Junction J032] 车辆=8, 拥堵度=0.56
[Dashboard] Step 3423/3600: 总车辆=569, 平均停车数=7.89, 平均车辆数=8.01
[Junction J016] 车辆=14, 拥堵度=0.57
[Dashboard] Step 3424/3600: 总车辆=570, 平均停车数=7.89, 平均车辆数=8.03
[Dashboard] Step 3425/3600: 总车辆=572, 平均停车数=7.90, 平均车辆数=8.06
[Dashboard] Step 3426/3600: 总车辆=572, 平均停车数=7.92, 平均车辆数=8.06
[Dashboard] Step 3427/3600: 总车辆=573, 平均停车数=7.96, 平均车辆数=8.07
[Dashboard] Step 3428/3600: 总车辆=574, 平均停车数=7.97, 平均车辆数=8.08
[Dashboard] Step 3429/3600: 总车辆=574, 平均停车数=8.01, 平均车辆数=8.08
[Junction J003] 车辆=29, 拥堵度=0.62
[Dashboard] Step 3430/3600: 总车辆=575, 平均停车数=8.01, 平均车辆数=8.10
[Dashboard] Step 3431/3600: 总车辆=574, 平均停车数=8.00, 平均车辆数=8.08
[Junction J002] 车辆=5, 拥堵度=0.54
[Dashboard] Step 3432/3600: 总车辆=575, 平均停车数=8.03, 平均车辆数=8.10
[Dashboard] Step 3433/3600: 总车辆=575, 平均停车数=8.03, 平均车辆数=8.10
[Dashboard] Step 3434/3600: 总车辆=574, 平均停车数=8.01, 平均车辆数=8.08
[Dashboard] Step 3435/3600: 总车辆=573, 平均停车数=8.00, 平均车辆数=8.07
[Dashboard] Step 3436/3600: 总车辆=573, 平均停车数=8.00, 平均车辆数=8.07
[Dashboard] Step 3437/3600: 总车辆=574, 平均停车数=8.00, 平均车辆数=8.08
[Dashboard] Step 3438/3600: 总车辆=572, 平均停车数=7.99, 平均车辆数=8.06
[Dashboard] Step 3439/3600: 总车辆=572, 平均停车数=7.99, 平均车辆数=8.06
[Dashboard] Step 3440/3600: 总车辆=572, 平均停车数=7.97, 平均车辆数=8.06
[Dashboard] Step 3441/3600: 总车辆=574, 平均停车数=7.99, 平均车辆数=8.08
[Junction J038] 车辆=14, 拥堵度=0.58
[Dashboard] Step 3442/3600: 总车辆=575, 平均停车数=8.00, 平均车辆数=8.10
[Dashboard] Step 3443/3600: 总车辆=574, 平均停车数=7.99, 平均车辆数=8.08
[Dashboard] Step 3444/3600: 总车辆=576, 平均停车数=8.01, 平均车辆数=8.11
[Dashboard] Step 3445/3600: 总车辆=578, 平均停车数=8.01, 平均车辆数=8.14
[Dashboard] Step 3446/3600: 总车辆=580, 平均停车数=8.03, 平均车辆数=8.17
[Dashboard] Step 3447/3600: 总车辆=580, 平均停车数=8.04, 平均车辆数=8.17
[Dashboard] Step 3448/3600: 总车辆=579, 平均停车数=8.03, 平均车辆数=8.15
[Dashboard] Step 3449/3600: 总车辆=580, 平均停车数=8.06, 平均车辆数=8.17
[Dashboard] Step 3450/3600: 总车辆=579, 平均停车数=8.04, 平均车辆数=8.15
[Dashboard] Step 3451/3600: 总车辆=579, 平均停车数=8.04, 平均车辆数=8.15
[Junction J035] 车辆=18, 拥堵度=0.61
[Dashboard] Step 3452/3600: 总车辆=576, 平均停车数=8.00, 平均车辆数=8.11
[Dashboard] Step 3453/3600: 总车辆=579, 平均停车数=8.00, 平均车辆数=8.15
[Dashboard] Step 3454/3600: 总车辆=579, 平均停车数=8.01, 平均车辆数=8.15
[Dashboard] Step 3455/3600: 总车辆=578, 平均停车数=8.03, 平均车辆数=8.14
[Dashboard] Step 3456/3600: 总车辆=575, 平均停车数=8.00, 平均车辆数=8.10
[Dashboard] Step 3457/3600: 总车辆=575, 平均停车数=8.01, 平均车辆数=8.10
[Dashboard] Step 3458/3600: 总车辆=574, 平均停车数=8.01, 平均车辆数=8.08
[Dashboard] Step 3459/3600: 总车辆=576, 平均停车数=8.01, 平均车辆数=8.11
[Dashboard] Step 3460/3600: 总车辆=575, 平均停车数=8.01, 平均车辆数=8.10
[Dashboard] Step 3461/3600: 总车辆=577, 平均停车数=8.00, 平均车辆数=8.13
[Dashboard] Step 3462/3600: 总车辆=578, 平均停车数=8.01, 平均车辆数=8.14
[Dashboard] Step 3463/3600: 总车辆=577, 平均停车数=8.01, 平均车辆数=8.13
[Dashboard] Step 3464/3600: 总车辆=579, 平均停车数=8.04, 平均车辆数=8.15
[Dashboard] Step 3465/3600: 总车辆=580, 平均停车数=8.04, 平均车辆数=8.17
[Dashboard] Step 3466/3600: 总车辆=581, 平均停车数=8.07, 平均车辆数=8.18
[Dashboard] Step 3467/3600: 总车辆=581, 平均停车数=8.07, 平均车辆数=8.18
[Dashboard] Step 3468/3600: 总车辆=583, 平均停车数=8.07, 平均车辆数=8.21
[Junction J037] 车辆=33, 拥堵度=0.69
[Dashboard] Step 3469/3600: 总车辆=583, 平均停车数=8.07, 平均车辆数=8.21
[Junction J087] 车辆=13, 拥堵度=0.58
[Dashboard] Step 3470/3600: 总车辆=583, 平均停车数=8.07, 平均车辆数=8.21
[Dashboard] Step 3471/3600: 总车辆=581, 平均停车数=8.07, 平均车辆数=8.18
[Dashboard] Step 3472/3600: 总车辆=580, 平均停车数=8.07, 平均车辆数=8.17
[Dashboard] Step 3473/3600: 总车辆=580, 平均停车数=8.07, 平均车辆数=8.17
[Dashboard] Step 3474/3600: 总车辆=578, 平均停车数=8.06, 平均车辆数=8.14
[Junction J056] 车辆=28, 拥堵度=0.72
[Dashboard] Step 3475/3600: 总车辆=579, 平均停车数=8.04, 平均车辆数=8.15
[Junction J066] 车辆=54, 拥堵度=0.90
[Dashboard] Step 3476/3600: 总车辆=583, 平均停车数=8.04, 平均车辆数=8.21
[Dashboard] Step 3477/3600: 总车辆=582, 平均停车数=8.07, 平均车辆数=8.20
[Junction J028] 车辆=9, 拥堵度=0.54
[Junction J081] 车辆=16, 拥堵度=0.76
[Junction J042] 车辆=31, 拥堵度=0.87
[Dashboard] Step 3478/3600: 总车辆=579, 平均停车数=8.04, 平均车辆数=8.15
[Dashboard] Step 3479/3600: 总车辆=581, 平均停车数=8.03, 平均车辆数=8.18
[Dashboard] Step 3480/3600: 总车辆=583, 平均停车数=8.06, 平均车辆数=8.21
[Dashboard] Step 3481/3600: 总车辆=582, 平均停车数=8.04, 平均车辆数=8.20
[Dashboard] Step 3482/3600: 总车辆=586, 平均停车数=8.06, 平均车辆数=8.25
[Dashboard] Step 3483/3600: 总车辆=584, 平均停车数=8.06, 平均车辆数=8.23
[Dashboard] Step 3484/3600: 总车辆=582, 平均停车数=8.03, 平均车辆数=8.20
[Junction J072] 车辆=9, 拥堵度=0.56
[Dashboard] Step 3485/3600: 总车辆=580, 平均停车数=8.06, 平均车辆数=8.17
[Junction J014] 车辆=8, 拥堵度=0.55
[Dashboard] Step 3486/3600: 总车辆=582, 平均停车数=8.06, 平均车辆数=8.20
[Dashboard] Step 3487/3600: 总车辆=581, 平均停车数=8.04, 平均车辆数=8.18
[Dashboard] Step 3488/3600: 总车辆=577, 平均停车数=8.03, 平均车辆数=8.13
[Dashboard] Step 3489/3600: 总车辆=575, 平均停车数=8.01, 平均车辆数=8.10
[Dashboard] Step 3490/3600: 总车辆=575, 平均停车数=8.01, 平均车辆数=8.10
[Dashboard] Step 3491/3600: 总车辆=576, 平均停车数=8.01, 平均车辆数=8.11
[Dashboard] Step 3492/3600: 总车辆=575, 平均停车数=8.01, 平均车辆数=8.10
[Dashboard] Step 3493/3600: 总车辆=578, 平均停车数=8.03, 平均车辆数=8.14
[Junction J064] 车辆=16, 拥堵度=0.65
[Dashboard] Step 3494/3600: 总车辆=577, 平均停车数=8.01, 平均车辆数=8.13
[Dashboard] Step 3495/3600: 总车辆=577, 平均停车数=8.01, 平均车辆数=8.13
[Junction J015] 车辆=19, 拥堵度=0.59
[Dashboard] Step 3496/3600: 总车辆=578, 平均停车数=8.01, 平均车辆数=8.14
[Dashboard] Step 3497/3600: 总车辆=578, 平均停车数=8.01, 平均车辆数=8.14
[Dashboard] Step 3498/3600: 总车辆=577, 平均停车数=8.01, 平均车辆数=8.13
[Dashboard] Step 3499/3600: 总车辆=574, 平均停车数=8.01, 平均车辆数=8.08
[Dashboard] Step 3500/3600: 总车辆=574, 平均停车数=8.01, 平均车辆数=8.08
[Junction J073] 车辆=13, 拥堵度=0.58
[Dashboard] Step 3501/3600: 总车辆=572, 平均停车数=8.00, 平均车辆数=8.06
[Dashboard] Step 3502/3600: 总车辆=572, 平均停车数=8.00, 平均车辆数=8.06
[Dashboard] Step 3503/3600: 总车辆=570, 平均停车数=7.99, 平均车辆数=8.03
[Dashboard] Step 3504/3600: 总车辆=572, 平均停车数=8.00, 平均车辆数=8.06
[Dashboard] Step 3505/3600: 总车辆=574, 平均停车数=8.00, 平均车辆数=8.08
[Dashboard] Step 3506/3600: 总车辆=574, 平均停车数=7.99, 平均车辆数=8.08
[Dashboard] Step 3507/3600: 总车辆=576, 平均停车数=7.99, 平均车辆数=8.11
[Dashboard] Step 3508/3600: 总车辆=576, 平均停车数=7.99, 平均车辆数=8.11
[Dashboard] Step 3509/3600: 总车辆=577, 平均停车数=7.99, 平均车辆数=8.13
[Junction J011] 车辆=14, 拥堵度=0.58
[Dashboard] Step 3510/3600: 总车辆=576, 平均停车数=7.96, 平均车辆数=8.11
[Dashboard] Step 3511/3600: 总车辆=577, 平均停车数=7.96, 平均车辆数=8.13
[Dashboard] Step 3512/3600: 总车辆=580, 平均停车数=7.96, 平均车辆数=8.17
[Dashboard] Step 3513/3600: 总车辆=577, 平均停车数=7.96, 平均车辆数=8.13
[Junction J004] 车辆=11, 拥堵度=0.54
[Junction J017] 车辆=15, 拥堵度=0.57
[Dashboard] Step 3514/3600: 总车辆=571, 平均停车数=7.94, 平均车辆数=8.04
[Junction J006] 车辆=39, 拥堵度=0.73
[Dashboard] Step 3515/3600: 总车辆=572, 平均停车数=7.94, 平均车辆数=8.06
[Dashboard] Step 3516/3600: 总车辆=574, 平均停车数=7.94, 平均车辆数=8.08
[Dashboard] Step 3517/3600: 总车辆=573, 平均停车数=7.96, 平均车辆数=8.07
[Junction J057] 车辆=39, 拥堵度=0.73
[Dashboard] Step 3518/3600: 总车辆=573, 平均停车数=7.97, 平均车辆数=8.07
[Junction J005] 车辆=54, 拥堵度=0.91
[Dashboard] Step 3519/3600: 总车辆=574, 平均停车数=7.97, 平均车辆数=8.08
[Junction J060] 车辆=18, 拥堵度=0.57
[Junction J070] 车辆=7, 拥堵度=0.54
[Dashboard] Step 3520/3600: 总车辆=576, 平均停车数=7.97, 平均车辆数=8.11
[Dashboard] Step 3521/3600: 总车辆=578, 平均停车数=7.97, 平均车辆数=8.14
[Dashboard] Step 3522/3600: 总车辆=578, 平均停车数=7.97, 平均车辆数=8.14
[Junction J010] 车辆=20, 拥堵度=0.61
[Junction J032] 车辆=8, 拥堵度=0.56
[Dashboard] Step 3523/3600: 总车辆=575, 平均停车数=7.96, 平均车辆数=8.10
[Junction J016] 车辆=14, 拥堵度=0.57
[Dashboard] Step 3524/3600: 总车辆=577, 平均停车数=7.96, 平均车辆数=8.13
[Dashboard] Step 3525/3600: 总车辆=579, 平均停车数=7.97, 平均车辆数=8.15
[Dashboard] Step 3526/3600: 总车辆=581, 平均停车数=7.97, 平均车辆数=8.18
[Dashboard] Step 3527/3600: 总车辆=579, 平均停车数=7.97, 平均车辆数=8.15
[Dashboard] Step 3528/3600: 总车辆=576, 平均停车数=7.99, 平均车辆数=8.11
[Dashboard] Step 3529/3600: 总车辆=576, 平均停车数=7.97, 平均车辆数=8.11
[Junction J003] 车辆=28, 拥堵度=0.62
[Dashboard] Step 3530/3600: 总车辆=576, 平均停车数=7.99, 平均车辆数=8.11
[Dashboard] Step 3531/3600: 总车辆=575, 平均停车数=7.99, 平均车辆数=8.10
[Dashboard] Step 3532/3600: 总车辆=576, 平均停车数=8.00, 平均车辆数=8.11
[Dashboard] Step 3533/3600: 总车辆=576, 平均停车数=8.00, 平均车辆数=8.11
[Dashboard] Step 3534/3600: 总车辆=575, 平均停车数=8.00, 平均车辆数=8.10
[Dashboard] Step 3535/3600: 总车辆=576, 平均停车数=7.99, 平均车辆数=8.11
[Dashboard] Step 3536/3600: 总车辆=574, 平均停车数=8.00, 平均车辆数=8.08
[Dashboard] Step 3537/3600: 总车辆=574, 平均停车数=8.00, 平均车辆数=8.08
[Dashboard] Step 3538/3600: 总车辆=577, 平均停车数=8.00, 平均车辆数=8.13
[Dashboard] Step 3539/3600: 总车辆=579, 平均停车数=8.01, 平均车辆数=8.15
[Dashboard] Step 3540/3600: 总车辆=579, 平均停车数=8.00, 平均车辆数=8.15
[Dashboard] Step 3541/3600: 总车辆=578, 平均停车数=8.03, 平均车辆数=8.14
[Junction J038] 车辆=13, 拥堵度=0.58
[Dashboard] Step 3542/3600: 总车辆=580, 平均停车数=8.03, 平均车辆数=8.17
[Dashboard] Step 3543/3600: 总车辆=578, 平均停车数=8.01, 平均车辆数=8.14
[Dashboard] Step 3544/3600: 总车辆=579, 平均停车数=8.01, 平均车辆数=8.15
[Dashboard] Step 3545/3600: 总车辆=581, 平均停车数=8.03, 平均车辆数=8.18
[Dashboard] Step 3546/3600: 总车辆=581, 平均停车数=8.04, 平均车辆数=8.18
[Dashboard] Step 3547/3600: 总车辆=581, 平均停车数=8.04, 平均车辆数=8.18
[Dashboard] Step 3548/3600: 总车辆=581, 平均停车数=8.04, 平均车辆数=8.18
[Dashboard] Step 3549/3600: 总车辆=584, 平均停车数=8.04, 平均车辆数=8.23
[Dashboard] Step 3550/3600: 总车辆=584, 平均停车数=8.07, 平均车辆数=8.23
[Dashboard] Step 3551/3600: 总车辆=585, 平均停车数=8.07, 平均车辆数=8.24
[Junction J035] 车辆=18, 拥堵度=0.61
[Dashboard] Step 3552/3600: 总车辆=586, 平均停车数=8.07, 平均车辆数=8.25
[Dashboard] Step 3553/3600: 总车辆=585, 平均停车数=8.08, 平均车辆数=8.24
[Dashboard] Step 3554/3600: 总车辆=585, 平均停车数=8.08, 平均车辆数=8.24
[Dashboard] Step 3555/3600: 总车辆=585, 平均停车数=8.10, 平均车辆数=8.24
[Dashboard] Step 3556/3600: 总车辆=583, 平均停车数=8.10, 平均车辆数=8.21
[Dashboard] Step 3557/3600: 总车辆=585, 平均停车数=8.11, 平均车辆数=8.24
[Dashboard] Step 3558/3600: 总车辆=586, 平均停车数=8.13, 平均车辆数=8.25
[Dashboard] Step 3559/3600: 总车辆=585, 平均停车数=8.11, 平均车辆数=8.24
[Dashboard] Step 3560/3600: 总车辆=584, 平均停车数=8.11, 平均车辆数=8.23
[Dashboard] Step 3561/3600: 总车辆=584, 平均停车数=8.13, 平均车辆数=8.23
[Dashboard] Step 3562/3600: 总车辆=583, 平均停车数=8.13, 平均车辆数=8.21
[Dashboard] Step 3563/3600: 总车辆=582, 平均停车数=8.13, 平均车辆数=8.20
[Dashboard] Step 3564/3600: 总车辆=580, 平均停车数=8.13, 平均车辆数=8.17
[Dashboard] Step 3565/3600: 总车辆=579, 平均停车数=8.10, 平均车辆数=8.15
[Dashboard] Step 3566/3600: 总车辆=581, 平均停车数=8.10, 平均车辆数=8.18
[Dashboard] Step 3567/3600: 总车辆=583, 平均停车数=8.10, 平均车辆数=8.21
[Dashboard] Step 3568/3600: 总车辆=584, 平均停车数=8.10, 平均车辆数=8.23
[Junction J037] 车辆=35, 拥堵度=0.71
[Dashboard] Step 3569/3600: 总车辆=585, 平均停车数=8.10, 平均车辆数=8.24
[Junction J087] 车辆=13, 拥堵度=0.57
[Dashboard] Step 3570/3600: 总车辆=585, 平均停车数=8.10, 平均车辆数=8.24
[Dashboard] Step 3571/3600: 总车辆=587, 平均停车数=8.11, 平均车辆数=8.27
[Dashboard] Step 3572/3600: 总车辆=586, 平均停车数=8.10, 平均车辆数=8.25
[Dashboard] Step 3573/3600: 总车辆=588, 平均停车数=8.11, 平均车辆数=8.28
[Dashboard] Step 3574/3600: 总车辆=587, 平均停车数=8.11, 平均车辆数=8.27
[Junction J056] 车辆=29, 拥堵度=0.69
[Dashboard] Step 3575/3600: 总车辆=590, 平均停车数=8.11, 平均车辆数=8.31
[Junction J066] 车辆=54, 拥堵度=0.90
[Dashboard] Step 3576/3600: 总车辆=588, 平均停车数=8.11, 平均车辆数=8.28
[Dashboard] Step 3577/3600: 总车辆=583, 平均停车数=8.10, 平均车辆数=8.21
[Junction J028] 车辆=11, 拥堵度=0.54
[Junction J081] 车辆=17, 拥堵度=0.76
[Junction J042] 车辆=33, 拥堵度=0.89
[Dashboard] Step 3578/3600: 总车辆=582, 平均停车数=8.13, 平均车辆数=8.20
[Dashboard] Step 3579/3600: 总车辆=583, 平均停车数=8.13, 平均车辆数=8.21
[Dashboard] Step 3580/3600: 总车辆=584, 平均停车数=8.13, 平均车辆数=8.23
[Dashboard] Step 3581/3600: 总车辆=584, 平均停车数=8.11, 平均车辆数=8.23
[Dashboard] Step 3582/3600: 总车辆=579, 平均停车数=8.07, 平均车辆数=8.15
[Dashboard] Step 3583/3600: 总车辆=580, 平均停车数=8.07, 平均车辆数=8.17
[Dashboard] Step 3584/3600: 总车辆=577, 平均停车数=8.06, 平均车辆数=8.13
[Junction J072] 车辆=11, 拥堵度=0.58
[Dashboard] Step 3585/3600: 总车辆=582, 平均停车数=8.06, 平均车辆数=8.20
[Junction J014] 车辆=8, 拥堵度=0.55
[Dashboard] Step 3586/3600: 总车辆=580, 平均停车数=8.04, 平均车辆数=8.17
[Dashboard] Step 3587/3600: 总车辆=584, 平均停车数=8.07, 平均车辆数=8.23
[Dashboard] Step 3588/3600: 总车辆=585, 平均停车数=8.06, 平均车辆数=8.24
[Dashboard] Step 3589/3600: 总车辆=587, 平均停车数=8.07, 平均车辆数=8.27
[Dashboard] Step 3590/3600: 总车辆=588, 平均停车数=8.10, 平均车辆数=8.28
[Dashboard] Step 3591/3600: 总车辆=588, 平均停车数=8.10, 平均车辆数=8.28
[Dashboard] Step 3592/3600: 总车辆=588, 平均停车数=8.13, 平均车辆数=8.28
[Dashboard] Step 3593/3600: 总车辆=587, 平均停车数=8.13, 平均车辆数=8.27
[Junction J064] 车辆=15, 拥堵度=0.64
[Dashboard] Step 3594/3600: 总车辆=586, 平均停车数=8.11, 平均车辆数=8.25
[Dashboard] Step 3595/3600: 总车辆=583, 平均停车数=8.11, 平均车辆数=8.21
[Junction J015] 车辆=19, 拥堵度=0.59
[Dashboard] Step 3596/3600: 总车辆=582, 平均停车数=8.11, 平均车辆数=8.20
[Dashboard] Step 3597/3600: 总车辆=584, 平均停车数=8.14, 平均车辆数=8.23
[Dashboard] Step 3598/3600: 总车辆=585, 平均停车数=8.17, 平均车辆数=8.24
[Dashboard] Step 3599/3600: 总车辆=585, 平均停车数=8.18, 平均车辆数=8.24
[Dashboard] Step 3600/3600: 总车辆=587, 平均停车数=8.18, 平均车辆数=8.27
[DashboardController] 仿真完成，总共执行了 3600 步
[SimulationManager] 集成仿真完成
[SimulationManager] 仿真线程结束，设置 running=False
